card_txn_id,card_id,txn_date,merchant_category,amount,is_fraud
1,52505,2025-01-28,Education,2162.41,0
2,12716,2022-08-26,Education,2236.55,0
3,49060,2019-10-07,Travel,1184.59,0
4,18295,2019-03-07,Travel,124.79,0
5,54342,2026-03-26,Insurance,546.1,0
6,38749,2023-03-11,ATM Withdrawal,2658.09,0
7,48806,2025-05-11,Insurance,2404.75,0
8,16984,2024-07-19,Groceries,2004.16,0
9,2059,2022-12-07,Shopping,1357.8,0
10,3525,2021-02-01,Rent,755.67,0
11,5433,2019-11-02,Groceries,2095.62,0
12,45180,2024-06-06,Fund Transfer,2984.55,0
13,38521,2021-05-08,Travel,2895.97,0
14,13607,2023-11-09,Fund Transfer,55.84,0
15,10904,2025-07-31,Salary Credit,3753.85,0
16,20320,2022-12-13,Education,1111.78,0
17,61144,2021-09-21,Fund Transfer,1407.73,0
18,31943,2018-01-21,Dining,1711.46,0
19,47755,2020-11-04,Education,1866.56,0
20,29988,2023-04-08,Salary Credit,625.43,0
21,9572,2026-03-21,Shopping,231.73,0
22,11847,2021-08-06,Utilities,1159.93,0
23,60548,2026-04-22,Fund Transfer,3697.1,0
24,16829,2024-06-28,Entertainment,2171.51,0
25,40568,2020-12-26,Utilities,757.69,0
26,61207,2021-06-05,Utilities,429.36,0
27,47455,2020-12-23,Rent,3790.17,0
28,16787,2018-06-07,Travel,292.43,0
29,9604,2024-12-01,Healthcare,6977.12,0
30,10792,2018-05-21,Fuel,1315.71,0
31,10287,2021-01-01,Shopping,1383.78,0
32,62456,2019-06-03,Dining,155.73,0
33,60041,2019-11-22,Dining,2287.11,0
34,54793,2022-10-12,Dining,3374.0,0
35,60488,2026-01-20,Dining,250.72,0
36,26548,2024-12-06,Education,1324.74,0
37,2336,2022-05-09,Utilities,3659.41,0
38,22323,2025-01-31,Travel,230.23,0
39,64490,2023-10-31,Fund Transfer,1202.11,0
40,52139,2019-06-28,Fund Transfer,761.56,0
41,15263,2021-08-29,Healthcare,1220.68,0
42,19958,2021-05-08,Insurance,565.72,0
43,45161,2023-01-23,Rent,2116.79,0
44,49143,2024-12-06,Education,2355.14,0
45,38793,2023-05-16,Salary Credit,364.58,0
46,54572,2023-03-26,Travel,2248.07,0
47,56187,2026-03-03,Insurance,3187.21,0
48,32832,2024-01-08,Healthcare,1493.2,0
49,27562,2024-01-01,Healthcare,2391.43,0
50,39754,2018-08-29,Entertainment,436.93,0
51,59037,2020-12-05,Fuel,599.76,0
52,17132,2019-01-31,Fund Transfer,219.19,0
53,42569,2018-06-23,Shopping,479.15,0
54,2741,2018-06-29,Insurance,5167.06,0
55,56799,2025-12-11,Entertainment,1422.77,0
56,13866,2019-12-29,Utilities,1103.58,0
57,12867,2018-04-02,Healthcare,3061.0,0
58,46210,2023-10-21,ATM Withdrawal,5153.77,0
59,4986,2023-06-03,Salary Credit,3125.92,0
60,52154,2019-07-20,Travel,150.5,0
61,33030,2018-06-02,Dining,998.22,0
62,62893,2020-02-25,Salary Credit,1873.89,0
63,28956,2018-09-11,ATM Withdrawal,6278.86,0
64,17161,2024-03-20,Utilities,4112.37,0
65,7634,2018-04-19,Utilities,3548.09,0
66,16835,2022-02-03,Fuel,1092.47,0
67,31047,2023-09-10,Entertainment,7760.1,0
68,24060,2026-01-27,Insurance,1019.02,0
69,4561,2020-12-23,Utilities,120.11,0
70,1167,2019-05-22,Shopping,1841.78,0
71,52779,2021-04-17,Groceries,438.61,0
72,51743,2025-09-28,Healthcare,252.91,0
73,1950,2023-02-09,Healthcare,658.72,0
74,41954,2023-01-16,Utilities,2852.96,0
75,32528,2024-10-19,Travel,1544.37,0
76,18161,2019-01-20,Healthcare,450.6,0
77,5290,2024-10-01,Travel,245.01,0
78,7798,2024-03-29,Fuel,850.59,0
79,3592,2018-12-01,Fund Transfer,2884.12,0
80,17165,2019-10-06,Entertainment,2393.12,0
81,56025,2025-01-23,Utilities,597.06,0
82,62835,2018-03-07,Dining,4550.03,0
83,37084,2024-05-11,Healthcare,370.16,0
84,3778,2018-03-19,Groceries,2171.46,0
85,6235,2022-12-07,ATM Withdrawal,3659.39,0
86,31001,2020-11-03,Utilities,680.71,0
87,32895,2019-10-10,Fuel,6750.58,0
88,47428,2020-05-03,Fuel,243.6,0
89,20386,2023-08-25,Healthcare,995.58,0
90,60423,2019-05-09,Groceries,1750.92,0
91,23714,2026-02-22,Rent,139.98,0
92,32081,2018-03-31,Groceries,792.17,0
93,4339,2022-06-08,Entertainment,264.15,0
94,45854,2025-11-13,Fund Transfer,2224.31,0
95,2175,2022-06-05,Insurance,1742.51,0
96,61171,2020-02-16,Entertainment,3576.11,0
97,10276,2024-09-08,Dining,3800.17,0
98,4019,2020-02-02,Utilities,349.5,0
99,53852,2020-04-23,Education,2956.65,0
100,22918,2018-05-21,Travel,3005.05,0
101,48316,2023-08-31,Healthcare,1985.25,0
102,19600,2019-03-30,Utilities,583.6,0
103,60740,2021-09-23,ATM Withdrawal,1585.2,0
104,64558,2026-05-25,Insurance,3930.27,0
105,10433,2026-01-02,Fund Transfer,705.36,0
106,10057,2023-01-29,Fund Transfer,1996.82,0
107,25054,2018-09-16,Entertainment,337.36,0
108,39352,2020-03-20,Healthcare,1140.8,0
109,19372,2024-10-16,Insurance,223.65,0
110,3288,2018-05-14,Entertainment,212.81,0
111,61030,2019-10-20,ATM Withdrawal,365.66,0
112,43421,2019-03-27,Salary Credit,264.43,0
113,46248,2024-11-01,Education,87.86,0
114,32998,2020-06-23,Entertainment,374.82,0
115,35543,2019-06-23,Fund Transfer,1498.59,0
116,6026,2024-08-03,Salary Credit,900.23,0
117,51998,2025-09-11,Entertainment,1680.32,0
118,8545,2020-05-02,Dining,229.09,0
119,50535,2022-10-24,Shopping,475.42,0
120,1776,2025-03-24,Utilities,750.88,0
121,7588,2021-08-23,Insurance,1922.21,0
122,30552,2019-03-23,Healthcare,2988.39,0
123,63741,2021-03-31,Fund Transfer,4450.19,0
124,27979,2025-08-16,Healthcare,90.36,0
125,10071,2019-02-04,Rent,462.86,0
126,54388,2019-06-21,Healthcare,1832.75,0
127,14287,2021-07-26,Groceries,5288.14,0
128,7815,2020-02-01,ATM Withdrawal,231.98,0
129,14849,2022-10-22,Fund Transfer,819.95,0
130,23645,2022-05-07,Rent,3599.49,0
131,56259,2024-01-08,Rent,1068.79,0
132,28613,2021-01-11,Healthcare,855.7,0
133,16146,2021-03-22,Dining,2159.97,0
134,18382,2018-05-18,Dining,348.72,0
135,46745,2023-09-14,Salary Credit,1029.7,0
136,39791,2026-02-07,Fuel,1358.67,0
137,25702,2025-02-13,Travel,830.28,0
138,45795,2026-03-27,Fund Transfer,1162.22,0
139,37517,2019-08-07,Rent,3688.04,0
140,50071,2021-02-01,Insurance,904.72,0
141,31721,2022-11-15,Shopping,4200.46,0
142,22179,2025-12-02,Groceries,1756.44,0
143,30668,2022-03-13,Salary Credit,1160.71,0
144,5801,2021-08-12,Travel,2392.73,0
145,21608,2021-02-09,Groceries,1748.15,0
146,56002,2019-07-18,Rent,4307.92,0
147,2396,2022-06-17,Utilities,303.97,0
148,63016,2022-02-27,Healthcare,3238.94,0
149,34952,2025-10-16,Dining,381.73,0
150,27805,2020-05-16,Shopping,1426.41,0
151,25476,2023-08-09,Dining,360.08,0
152,2999,2022-05-17,Entertainment,3202.79,0
153,2178,2018-09-21,Insurance,1792.78,0
154,59625,2020-03-01,Fuel,1767.23,0
155,16320,2021-11-08,Groceries,663.13,0
156,28307,2021-07-15,ATM Withdrawal,793.18,0
157,30008,2021-08-13,Shopping,12511.43,0
158,28300,2022-01-06,Groceries,3784.19,0
159,41323,2019-05-09,Shopping,1025.76,0
160,9193,2023-05-13,Salary Credit,318.24,0
161,60249,2020-03-18,Insurance,553.87,0
162,30642,2020-02-25,Rent,3112.98,0
163,9339,2026-04-15,Shopping,9282.81,0
164,39169,2021-02-22,Fund Transfer,1596.65,0
165,60011,2022-07-27,Healthcare,1236.02,0
166,16797,2024-03-14,Insurance,105.36,0
167,47462,2022-06-24,Education,1177.22,0
168,5036,2025-03-14,Rent,185.08,0
169,5840,2022-12-20,Salary Credit,1230.29,0
170,15617,2026-03-26,Entertainment,380.8,0
171,17127,2020-05-11,Shopping,2063.41,0
172,55420,2020-04-08,Healthcare,483.11,0
173,62743,2022-11-25,Healthcare,1572.57,0
174,33256,2021-08-03,Fund Transfer,659.61,0
175,38528,2025-11-20,Fund Transfer,1832.79,0
176,2013,2020-06-17,Utilities,841.92,0
177,47223,2025-10-21,Salary Credit,1612.81,0
178,25991,2026-04-23,Dining,1162.09,0
179,25321,2019-08-01,Shopping,301.27,0
180,45749,2019-02-23,Education,1578.0,0
181,51104,2024-07-02,Healthcare,585.8,0
182,24394,2018-08-23,ATM Withdrawal,447.42,0
183,51995,2022-12-27,Groceries,408.8,0
184,15554,2021-03-13,Entertainment,2397.2,0
185,53797,2021-11-21,Dining,1698.06,0
186,20178,2025-06-03,Shopping,3767.03,0
187,14243,2020-02-04,Groceries,1606.4,0
188,19043,2025-04-26,ATM Withdrawal,1124.46,0
189,7330,2022-08-31,ATM Withdrawal,603.42,0
190,63280,2021-09-28,Rent,671.2,0
191,11685,2025-10-01,Utilities,1681.31,0
192,53573,2022-10-15,Shopping,2620.62,0
193,45242,2025-01-01,Salary Credit,810.61,0
194,12373,2020-08-22,Rent,3591.82,0
195,59296,2024-02-06,ATM Withdrawal,5263.31,0
196,26451,2019-07-20,Shopping,2270.37,0
197,47042,2024-05-22,Travel,206.84,0
198,4215,2023-06-19,Dining,236.16,0
199,24018,2023-12-26,Healthcare,1190.77,0
200,6615,2020-04-25,Healthcare,2164.14,0
201,38260,2021-10-02,Travel,5504.85,0
202,12276,2022-05-12,Utilities,2895.65,0
203,40688,2026-01-08,Groceries,1533.19,0
204,56299,2020-10-12,Utilities,1128.85,0
205,16198,2024-12-08,Education,322.88,0
206,9404,2021-06-30,Utilities,304.33,0
207,35048,2021-01-08,Education,145.96,0
208,59776,2020-03-17,Education,3028.58,0
209,15907,2025-10-22,Dining,1725.03,0
210,43850,2023-09-27,Entertainment,3149.01,0
211,30678,2019-12-23,Utilities,231.01,0
212,47916,2025-11-03,Rent,320.19,0
213,1328,2018-06-10,Fund Transfer,1569.11,0
214,53681,2019-08-06,Shopping,2558.94,0
215,11219,2021-02-24,Travel,976.79,0
216,12136,2025-05-12,Groceries,2624.85,0
217,43637,2024-02-06,Utilities,3714.15,0
218,22952,2019-01-26,Utilities,1025.51,0
219,36879,2025-09-08,Fuel,1402.66,0
220,45386,2020-01-28,Utilities,169.49,0
221,54735,2018-06-23,Healthcare,1160.12,0
222,35088,2025-03-17,Salary Credit,703.15,0
223,456,2018-10-24,Rent,1373.46,0
224,52590,2023-02-18,Salary Credit,1023.71,0
225,9635,2024-10-30,Fuel,623.98,0
226,17364,2018-03-06,Education,280.7,0
227,58838,2025-08-28,Groceries,8814.97,0
228,62529,2020-08-28,Insurance,332.92,0
229,28983,2022-04-13,Fund Transfer,1515.66,0
230,62239,2023-11-04,Salary Credit,695.88,0
231,46742,2025-10-20,Groceries,2697.63,0
232,33470,2020-03-22,Groceries,4724.84,0
233,29930,2021-10-15,Education,3034.58,0
234,15624,2019-01-14,Insurance,970.18,0
235,12553,2018-12-29,Salary Credit,3309.81,0
236,57851,2018-10-29,Insurance,77.93,0
237,32005,2022-09-20,Healthcare,205.25,0
238,4662,2019-02-15,Insurance,1862.97,0
239,17021,2022-10-02,Groceries,754.32,0
240,62499,2022-09-08,Education,3331.4,0
241,52568,2018-08-26,Fund Transfer,1127.2,0
242,19084,2019-10-07,ATM Withdrawal,97.03,0
243,22913,2021-08-02,Fund Transfer,626.17,0
244,58812,2026-06-03,Salary Credit,326.45,0
245,62333,2019-07-28,Fund Transfer,1086.96,0
246,62531,2018-08-12,Education,733.96,0
247,43589,2022-03-19,Dining,841.91,0
248,20408,2018-08-13,Groceries,764.18,0
249,16880,2025-10-27,Utilities,6448.03,0
250,1787,2021-11-08,Salary Credit,3530.13,0
251,60064,2025-01-19,Fund Transfer,327.92,0
252,49614,2020-07-10,Shopping,3858.22,0
253,54563,2025-02-09,Utilities,2733.17,0
254,61426,2025-11-12,Rent,3966.15,0
255,27805,2024-07-25,Healthcare,92.15,0
256,42726,2018-11-04,Healthcare,1357.3,0
257,31060,2026-05-12,Insurance,4197.31,0
258,34292,2023-02-05,Education,2618.22,0
259,12255,2020-04-04,Dining,849.4,0
260,6423,2024-04-11,Rent,2832.93,0
261,26120,2022-09-14,ATM Withdrawal,389.12,0
262,7516,2024-06-05,Travel,126.71,0
263,50596,2025-07-17,Groceries,2494.9,0
264,34794,2018-08-04,Entertainment,1747.16,0
265,36502,2018-11-16,Shopping,6418.57,0
266,30879,2018-07-17,ATM Withdrawal,268.71,0
267,62300,2020-07-03,Travel,1329.14,0
268,38525,2022-08-07,Dining,2333.71,0
269,63146,2018-08-28,Education,646.19,0
270,7351,2019-02-23,Entertainment,635.34,0
271,51853,2025-04-17,Education,2715.99,0
272,62420,2022-07-08,Utilities,1591.71,0
273,2765,2023-01-02,Healthcare,2013.8,0
274,36994,2018-07-21,Rent,3038.34,0
275,64214,2026-05-29,Fuel,2854.12,0
276,24718,2026-05-11,Salary Credit,892.06,0
277,24516,2020-02-24,Fuel,4567.17,0
278,51306,2025-10-15,Salary Credit,1484.45,0
279,2168,2026-04-16,Education,635.86,0
280,6079,2024-12-26,Dining,1280.94,0
281,47432,2026-06-27,Rent,6046.36,0
282,30461,2024-07-10,Fuel,985.09,0
283,247,2025-05-31,Fuel,176.12,0
284,15483,2026-03-10,Groceries,1047.18,0
285,43963,2019-09-17,Education,4031.99,0
286,7388,2019-06-16,Utilities,64.95,0
287,15252,2026-01-12,Utilities,934.95,0
288,42317,2022-04-01,Salary Credit,748.69,0
289,62596,2021-06-07,Fuel,2523.1,0
290,25551,2023-11-14,Groceries,128.84,0
291,52046,2023-08-06,ATM Withdrawal,1449.67,0
292,59897,2024-10-25,Shopping,1035.17,0
293,63245,2026-01-23,Shopping,4034.91,0
294,34388,2019-04-15,Insurance,784.24,0
295,27088,2021-04-25,Shopping,895.67,0
296,61469,2022-07-05,Shopping,1135.55,0
297,27892,2025-10-06,Rent,672.08,0
298,63697,2022-08-24,Insurance,1435.71,0
299,58769,2021-02-24,Shopping,594.69,0
300,60065,2025-09-08,Groceries,2613.2,0
301,20333,2023-11-06,Rent,910.1,0
302,24002,2018-08-14,Shopping,1011.25,0
303,29401,2018-04-08,Dining,6174.78,0
304,5656,2025-10-30,Education,1108.3,0
305,45519,2019-01-09,Fuel,550.12,0
306,39126,2023-04-30,Utilities,1544.71,0
307,41121,2020-09-16,Dining,4567.23,0
308,62590,2021-09-19,Utilities,2957.78,0
309,48342,2022-08-21,Travel,1951.37,0
310,57842,2020-12-27,Salary Credit,1478.72,0
311,24731,2026-01-17,Travel,627.73,0
312,17174,2020-01-02,Healthcare,1045.35,0
313,28640,2018-08-15,Fuel,1564.27,0
314,55973,2019-05-30,Insurance,3232.84,0
315,36641,2021-04-05,Rent,2269.53,0
316,59346,2024-05-26,Travel,2668.62,0
317,52067,2026-03-05,Fuel,3864.2,0
318,44187,2022-09-12,ATM Withdrawal,2523.32,0
319,40492,2019-04-11,Healthcare,2917.12,0
320,46805,2019-05-01,Education,4431.37,0
321,55849,2021-09-24,Groceries,175.3,0
322,19607,2024-12-12,Travel,1969.58,0
323,51098,2020-08-20,Rent,1655.29,0
324,36991,2020-11-17,Insurance,634.76,0
325,39697,2020-12-14,Shopping,92.99,0
326,42633,2026-03-03,Insurance,3754.61,0
327,47697,2022-10-02,Groceries,266.42,0
328,57851,2020-02-26,Entertainment,2408.08,0
329,47454,2023-10-07,Utilities,755.05,0
330,27326,2025-01-27,Rent,607.86,0
331,48093,2024-02-23,Rent,1400.12,0
332,1490,2024-07-02,ATM Withdrawal,5492.71,0
333,62150,2024-10-04,Rent,4406.61,0
334,48601,2024-03-23,Groceries,1454.85,0
335,52149,2025-08-31,Dining,468.89,0
336,45483,2022-01-05,Entertainment,1814.86,0
337,21746,2020-01-10,Salary Credit,271.25,0
338,28794,2021-06-22,Education,502.65,0
339,15591,2023-06-09,ATM Withdrawal,7931.76,0
340,44910,2024-05-02,Shopping,2144.51,0
341,51956,2024-12-15,Insurance,983.49,0
342,55263,2026-05-31,Groceries,522.32,0
343,27509,2025-04-06,Salary Credit,3102.86,0
344,58437,2018-02-06,Shopping,843.15,0
345,46977,2022-09-29,Fuel,4825.52,0
346,1583,2025-12-26,Insurance,2549.63,0
347,49214,2019-10-11,Entertainment,280.71,0
348,26841,2022-04-27,Rent,769.73,0
349,27246,2018-11-25,Travel,1600.16,0
350,34302,2018-09-20,Healthcare,374.74,0
351,44654,2018-02-28,Rent,503.84,0
352,14656,2019-03-18,Shopping,856.74,0
353,39793,2022-01-02,ATM Withdrawal,184.49,0
354,31649,2018-02-20,Travel,936.71,0
355,1271,2020-10-30,Rent,1632.28,0
356,3080,2023-07-29,Education,1991.04,0
357,46691,2019-01-26,Fuel,408.84,0
358,13918,2018-05-27,Healthcare,931.55,0
359,8200,2023-08-31,Utilities,490.24,0
360,63307,2026-06-04,Shopping,237.27,0
361,15855,2021-11-03,Insurance,5258.78,0
362,26716,2024-12-11,Salary Credit,777.75,0
363,34340,2026-05-31,Fuel,683.89,0
364,36352,2019-02-02,Groceries,462.29,0
365,56894,2018-05-30,Healthcare,1728.0,0
366,62819,2020-11-20,Groceries,94.24,1
367,5204,2020-08-22,Rent,224.21,0
368,22185,2023-08-07,Utilities,1807.11,0
369,20988,2025-11-03,Fund Transfer,2862.09,0
370,38563,2025-12-20,Groceries,4416.31,0
371,55784,2020-11-06,Dining,4505.35,0
372,27362,2021-07-14,Insurance,2737.16,0
373,27049,2025-09-25,Shopping,2312.8,0
374,4964,2024-03-05,Shopping,511.15,0
375,62051,2025-12-07,Fuel,1898.86,0
376,33151,2019-09-29,Utilities,1155.26,0
377,9939,2025-06-08,Healthcare,438.89,0
378,48201,2022-03-23,Education,983.32,0
379,10677,2023-04-01,Entertainment,1612.35,0
380,32225,2023-08-10,Fund Transfer,1294.92,0
381,23027,2022-04-22,Insurance,94.33,0
382,10631,2019-02-11,Entertainment,1766.17,0
383,26372,2020-05-07,Utilities,222.74,0
384,34920,2020-09-13,Utilities,1691.56,0
385,19491,2018-07-30,Fund Transfer,655.82,0
386,47937,2024-10-02,ATM Withdrawal,1312.37,0
387,15822,2018-10-31,Groceries,2337.6,0
388,49856,2021-07-16,Utilities,1292.56,0
389,42475,2022-11-24,Rent,197.22,0
390,22666,2024-05-28,Healthcare,870.75,0
391,23889,2019-12-05,Fund Transfer,344.16,0
392,48489,2023-03-21,ATM Withdrawal,1244.49,0
393,7414,2021-08-26,Healthcare,393.11,0
394,6375,2024-10-04,Dining,323.02,0
395,4499,2018-02-11,Shopping,581.06,0
396,8705,2020-11-11,Groceries,999.17,0
397,56699,2021-10-15,Shopping,115.99,0
398,34301,2022-02-22,Fund Transfer,1081.0,0
399,47562,2023-07-29,Shopping,410.13,0
400,28017,2024-06-27,ATM Withdrawal,1384.87,0
401,39008,2018-10-30,Salary Credit,438.65,0
402,62394,2018-07-10,Utilities,95.32,0
403,62656,2025-07-11,Fuel,820.12,0
404,44711,2018-06-22,Healthcare,805.5,0
405,24161,2023-10-16,Entertainment,781.2,0
406,49233,2022-08-28,Shopping,625.44,0
407,18344,2021-11-11,Travel,664.18,0
408,58038,2018-12-16,Travel,2606.2,0
409,43023,2026-06-19,Dining,747.71,0
410,9730,2023-01-13,Fund Transfer,676.14,0
411,62024,2019-02-02,Fuel,1469.0,0
412,53386,2020-05-16,Travel,848.42,0
413,26428,2024-07-11,Insurance,1900.16,0
414,38077,2024-07-27,Salary Credit,1424.43,0
415,4330,2019-05-04,Salary Credit,536.88,0
416,34328,2023-05-14,Fund Transfer,1123.99,0
417,35125,2026-02-06,Insurance,654.17,0
418,24016,2020-07-02,Healthcare,1134.35,0
419,60899,2020-03-31,Rent,2105.48,0
420,48761,2025-01-13,ATM Withdrawal,4417.59,0
421,20119,2026-04-02,Utilities,632.13,0
422,22036,2026-03-01,Healthcare,2914.59,0
423,18538,2021-02-05,Fuel,3388.79,0
424,63206,2023-08-17,Dining,796.48,0
425,62703,2022-05-15,Dining,270.7,0
426,30370,2022-08-25,Education,1742.17,0
427,58379,2025-09-07,Utilities,93.49,0
428,13588,2024-04-10,Education,2594.33,0
429,6620,2023-08-03,ATM Withdrawal,1212.18,0
430,11619,2020-03-04,Healthcare,2542.72,0
431,37813,2021-02-19,ATM Withdrawal,782.91,0
432,37674,2018-06-10,Utilities,1323.86,0
433,57,2019-12-17,Utilities,1260.91,0
434,60992,2022-09-27,Utilities,2174.45,0
435,33701,2020-03-09,Shopping,389.46,0
436,24479,2024-10-06,Utilities,737.2,0
437,44808,2023-08-20,Fuel,758.41,0
438,38590,2024-12-05,Groceries,3960.39,0
439,15673,2026-04-26,Travel,1621.84,0
440,4750,2025-11-19,Rent,229.89,0
441,59173,2025-05-06,ATM Withdrawal,2282.36,0
442,23764,2018-01-24,Shopping,2208.88,0
443,10087,2019-09-06,Utilities,5253.61,0
444,51517,2021-03-02,Healthcare,6079.13,0
445,46799,2019-05-20,Travel,5025.72,0
446,44124,2022-08-03,Insurance,1349.62,0
447,20063,2026-04-08,Salary Credit,2893.55,0
448,39791,2021-04-29,Dining,6517.2,0
449,51606,2023-12-05,Fuel,1884.1,0
450,59567,2021-02-21,Fuel,656.3,0
451,26762,2018-01-14,Fund Transfer,1880.43,0
452,51324,2019-09-04,Groceries,280.56,0
453,57044,2018-09-29,Dining,1059.99,0
454,39912,2018-05-25,Groceries,6826.24,0
455,39845,2023-12-14,Salary Credit,684.26,0
456,54222,2021-05-30,Dining,1214.16,0
457,56081,2019-06-26,Entertainment,755.45,0
458,1187,2023-06-23,Salary Credit,5104.76,0
459,60981,2025-08-27,Shopping,232.78,0
460,7829,2025-01-24,Entertainment,3827.63,0
461,39083,2025-02-22,Healthcare,1619.6,0
462,14675,2026-04-29,Dining,1198.76,0
463,25318,2023-09-14,Groceries,2814.34,0
464,52890,2022-08-06,Entertainment,467.44,0
465,63011,2022-06-25,Insurance,1593.37,0
466,27737,2020-11-23,Insurance,1085.81,0
467,43239,2024-03-08,Utilities,2094.38,0
468,44210,2019-07-09,Rent,2420.74,0
469,19036,2023-02-17,Shopping,656.38,0
470,64457,2023-01-20,Salary Credit,310.74,0
471,7729,2019-07-01,ATM Withdrawal,350.88,0
472,42888,2023-05-31,Healthcare,4295.09,0
473,23315,2021-08-02,ATM Withdrawal,3635.81,0
474,59999,2024-06-06,Fuel,128.22,0
475,11845,2025-08-09,Education,477.56,0
476,35662,2025-03-24,ATM Withdrawal,387.87,0
477,6859,2021-01-20,Education,1084.5,0
478,19915,2020-10-19,Fund Transfer,3040.01,0
479,55221,2025-07-23,Entertainment,1852.05,0
480,19212,2026-05-12,Groceries,1717.93,0
481,5421,2019-04-27,Utilities,928.55,0
482,6705,2023-02-22,Entertainment,4679.44,0
483,46401,2018-05-04,Education,5432.05,0
484,62086,2025-12-09,Groceries,493.54,0
485,1875,2019-12-03,Travel,1333.39,0
486,15626,2021-04-18,Rent,1773.38,0
487,46658,2019-04-14,Healthcare,801.7,0
488,16081,2019-05-02,Shopping,724.08,0
489,29164,2024-09-03,Healthcare,1666.39,0
490,32434,2025-06-10,Salary Credit,2789.53,0
491,8488,2022-03-22,Fund Transfer,383.68,0
492,7662,2024-12-27,ATM Withdrawal,919.71,0
493,29405,2018-02-10,ATM Withdrawal,4020.05,0
494,6958,2024-06-03,Insurance,6200.26,0
495,11419,2024-04-19,Utilities,2809.52,0
496,31695,2025-11-07,Fuel,1420.55,0
497,40943,2025-11-11,Rent,1414.05,0
498,39314,2024-12-30,Fuel,2043.49,0
499,31386,2024-11-03,Rent,379.62,0
500,20682,2022-09-28,Rent,1444.43,0
501,40075,2021-12-18,Fund Transfer,3999.62,0
502,18104,2021-12-13,Dining,3303.77,0
503,17251,2019-12-06,Fund Transfer,1153.14,0
504,33900,2025-02-06,Fund Transfer,953.7,0
505,60136,2024-10-26,Healthcare,1927.1,0
506,12347,2021-05-03,Rent,982.61,0
507,64360,2020-10-15,Travel,699.17,0
508,761,2020-02-26,Travel,753.24,0
509,34781,2021-11-11,Rent,296.92,0
510,10759,2023-03-11,Healthcare,93.61,0
511,4845,2019-12-26,Shopping,4267.97,0
512,11327,2018-02-13,Insurance,821.64,0
513,62324,2024-04-03,ATM Withdrawal,199.5,0
514,62644,2022-09-03,Travel,5293.88,0
515,2430,2020-12-25,ATM Withdrawal,1480.3,0
516,22178,2021-08-25,ATM Withdrawal,2261.57,0
517,21748,2019-11-20,Entertainment,6243.35,0
518,57403,2018-08-18,Education,768.16,0
519,59291,2020-09-10,Dining,920.24,0
520,54544,2019-02-28,Fund Transfer,501.58,0
521,20827,2024-01-24,Groceries,726.4,0
522,56737,2019-04-01,Fund Transfer,3642.87,0
523,4663,2024-11-13,Shopping,6096.62,0
524,12822,2022-02-16,Salary Credit,3591.08,0
525,2459,2023-11-16,Education,2576.19,0
526,48965,2020-09-25,Groceries,376.04,0
527,51561,2026-05-05,ATM Withdrawal,3029.82,0
528,63668,2021-10-12,Utilities,53.98,0
529,27965,2019-10-03,ATM Withdrawal,248.87,0
530,38865,2020-05-23,Entertainment,1554.28,0
531,59430,2018-09-10,Insurance,993.38,0
532,48254,2018-01-27,Travel,7981.93,0
533,22399,2023-09-09,Education,440.58,0
534,22409,2020-12-16,Travel,144.55,0
535,42418,2022-10-05,Insurance,3212.69,0
536,7548,2021-01-23,ATM Withdrawal,1323.61,0
537,27353,2023-10-19,ATM Withdrawal,1708.23,0
538,18921,2023-12-12,Utilities,3042.27,0
539,10071,2020-06-20,Fund Transfer,4553.41,0
540,43717,2022-07-18,Dining,2073.16,0
541,41652,2021-04-17,Travel,1027.1,0
542,54767,2024-05-30,Fund Transfer,594.88,0
543,48520,2025-04-01,Salary Credit,1461.58,0
544,11437,2018-01-31,Insurance,7580.03,0
545,60739,2023-08-18,Fuel,513.9,0
546,2193,2022-02-01,Salary Credit,807.36,0
547,33132,2018-04-09,Fuel,561.52,0
548,36033,2023-02-06,Insurance,1397.84,0
549,24919,2023-05-16,Fuel,2530.35,0
550,23417,2026-06-29,Groceries,235.95,0
551,53962,2022-02-09,Dining,4031.66,0
552,11740,2021-10-17,Education,1179.12,0
553,46063,2026-01-20,Fuel,1092.0,0
554,56574,2020-10-18,Utilities,3767.46,0
555,1376,2025-09-07,ATM Withdrawal,758.32,0
556,52034,2019-05-11,Salary Credit,2226.33,0
557,20762,2020-07-29,Groceries,610.57,0
558,20865,2024-03-27,Groceries,4997.3,0
559,25573,2020-05-22,Education,551.45,0
560,58750,2022-09-15,Education,369.57,0
561,30362,2024-10-06,ATM Withdrawal,1554.56,0
562,31809,2024-06-20,Education,1638.32,0
563,5689,2018-04-28,Rent,6406.41,0
564,33119,2022-01-11,Fund Transfer,459.58,0
565,62224,2024-02-24,Utilities,581.29,0
566,50635,2022-11-25,Insurance,224.92,0
567,35181,2020-06-11,Entertainment,838.5,0
568,36869,2025-02-05,Groceries,850.59,0
569,36077,2023-01-26,Shopping,3907.66,0
570,26014,2019-10-03,Salary Credit,2082.26,0
571,13326,2021-05-23,Dining,273.22,0
572,19032,2021-05-12,Insurance,584.2,0
573,60081,2019-07-05,Entertainment,1380.36,0
574,48728,2026-01-05,Insurance,2672.94,0
575,2889,2020-08-21,Fund Transfer,1833.7,0
576,31690,2019-07-26,Entertainment,1376.6,0
577,7188,2023-01-01,Shopping,259.58,0
578,58263,2024-11-13,Utilities,1112.82,0
579,44140,2022-06-02,Healthcare,516.48,0
580,5526,2025-03-30,Healthcare,3667.62,0
581,50275,2020-03-07,Healthcare,408.87,0
582,34788,2024-08-20,Travel,1988.09,0
583,29029,2024-03-04,Fund Transfer,1210.39,0
584,49747,2023-03-19,Dining,932.59,0
585,58438,2018-01-20,Insurance,1392.38,0
586,57357,2019-08-19,Entertainment,1797.04,0
587,48690,2024-06-11,Fund Transfer,2510.1,0
588,14203,2024-10-18,Entertainment,1960.5,0
589,21884,2023-04-23,Education,142.2,0
590,28539,2026-05-04,Utilities,350.21,0
591,52878,2026-06-13,Travel,2307.31,0
592,48646,2022-03-17,Fuel,1674.63,0
593,42583,2019-08-14,Dining,1509.85,0
594,17424,2020-06-13,Rent,3074.53,0
595,11310,2023-06-06,Fuel,301.93,0
596,36087,2020-05-26,Groceries,1123.56,0
597,57131,2018-05-11,Groceries,1250.51,0
598,27620,2019-11-04,ATM Withdrawal,1298.46,0
599,12374,2023-07-10,Entertainment,891.15,0
600,47117,2023-06-30,Entertainment,3622.12,0
601,1306,2021-10-09,ATM Withdrawal,242.24,0
602,28810,2021-01-30,Fuel,1165.16,0
603,55929,2023-08-30,Fuel,440.47,0
604,806,2023-06-02,Fuel,1067.44,0
605,56284,2025-02-19,Healthcare,2099.22,0
606,16705,2025-03-27,Shopping,1646.46,0
607,32855,2019-10-25,Dining,4372.29,0
608,6164,2026-03-09,Utilities,1144.29,0
609,6679,2022-07-07,Fund Transfer,253.65,0
610,14354,2025-06-30,Dining,2334.56,0
611,16199,2024-07-13,Utilities,1881.24,0
612,22800,2023-02-10,Entertainment,1284.98,0
613,27336,2024-03-21,Fund Transfer,768.27,0
614,12286,2023-09-18,Rent,3549.85,0
615,56537,2021-11-01,Dining,1491.31,0
616,21933,2025-03-09,Insurance,146.0,0
617,57999,2021-01-09,Utilities,1203.13,0
618,51697,2018-05-09,Insurance,441.66,0
619,54040,2026-05-31,Healthcare,1787.06,0
620,25484,2019-02-19,Utilities,421.0,0
621,12519,2026-02-18,Fuel,992.49,0
622,31218,2018-08-15,Entertainment,819.29,0
623,46962,2021-06-10,ATM Withdrawal,542.71,0
624,64032,2021-01-22,Shopping,162.55,0
625,59158,2023-05-01,Healthcare,3705.18,0
626,64729,2021-10-31,Utilities,4216.38,0
627,40315,2020-04-07,Entertainment,1691.53,0
628,41991,2024-03-06,Fuel,439.23,0
629,34917,2024-12-30,Shopping,1055.41,0
630,2094,2023-07-06,Fuel,363.97,0
631,43838,2025-05-27,Groceries,3519.39,0
632,4291,2019-09-16,Groceries,3323.64,0
633,36468,2023-02-12,Rent,698.07,0
634,7255,2018-01-20,Salary Credit,1725.12,0
635,25683,2026-06-14,Entertainment,1759.47,0
636,50163,2023-03-26,ATM Withdrawal,273.76,0
637,58996,2019-10-18,Rent,63.02,0
638,43098,2024-07-01,Utilities,3344.04,0
639,40367,2020-03-13,Fund Transfer,3434.52,0
640,14524,2024-02-08,Dining,3847.37,0
641,53213,2024-04-20,Healthcare,1918.39,0
642,51266,2025-08-31,Entertainment,5280.7,0
643,23367,2025-02-16,Entertainment,5282.88,0
644,38739,2023-10-07,Entertainment,601.14,0
645,21383,2026-06-01,Fund Transfer,2814.66,0
646,7721,2021-08-20,Fund Transfer,64.24,0
647,45265,2024-04-02,ATM Withdrawal,352.44,0
648,57006,2021-09-28,Dining,776.55,0
649,48210,2018-03-31,Dining,1066.57,0
650,28952,2018-09-17,Entertainment,305.56,0
651,43202,2024-05-29,Rent,528.59,0
652,5371,2019-12-22,Dining,1504.38,0
653,224,2018-10-13,Shopping,72.46,0
654,7728,2025-01-06,Entertainment,1493.18,0
655,6073,2020-05-06,Travel,624.2,0
656,11871,2019-03-06,Travel,3427.7,0
657,23372,2022-03-07,Entertainment,646.86,0
658,23298,2018-01-08,Education,5687.19,0
659,24889,2020-08-24,Fund Transfer,527.41,0
660,60227,2023-05-16,Fuel,1340.57,0
661,14858,2021-07-23,ATM Withdrawal,2462.62,0
662,808,2023-11-30,Rent,5517.24,0
663,22140,2025-01-02,Fuel,6980.37,0
664,53843,2026-06-28,Insurance,252.37,0
665,13663,2026-05-01,Groceries,3587.74,0
666,41980,2026-03-16,Salary Credit,285.66,0
667,2803,2022-02-18,Dining,2534.02,0
668,29644,2018-03-31,Entertainment,1419.4,0
669,15913,2023-02-15,Healthcare,1014.65,0
670,20641,2018-03-11,Salary Credit,5305.7,0
671,15666,2021-07-10,Salary Credit,1006.52,0
672,50578,2021-04-30,Fund Transfer,2911.67,0
673,27606,2019-09-30,Rent,1019.65,0
674,5894,2020-08-06,Healthcare,363.04,0
675,41547,2023-12-03,Insurance,1248.05,0
676,55358,2022-01-06,Shopping,3845.94,0
677,9851,2019-12-15,Education,8522.65,0
678,40761,2024-07-05,Healthcare,420.15,1
679,31566,2022-05-12,Rent,1065.5,0
680,49760,2026-06-09,Dining,1579.13,0
681,49162,2018-01-17,Rent,127.79,0
682,28442,2021-06-17,Travel,503.73,0
683,61851,2018-09-10,Healthcare,196.14,0
684,33568,2022-10-04,Entertainment,4910.21,0
685,7548,2026-02-18,Rent,4776.62,0
686,23604,2021-07-06,Education,3366.4,0
687,36873,2021-08-16,Groceries,5524.03,0
688,52602,2025-12-10,Fuel,58.84,0
689,4298,2019-11-21,Dining,5372.91,0
690,36652,2021-06-09,Insurance,868.86,0
691,51313,2026-03-17,Salary Credit,1792.27,0
692,24057,2022-05-17,Salary Credit,5633.97,0
693,11421,2024-07-15,Healthcare,233.24,0
694,14295,2023-10-12,Utilities,840.17,0
695,60223,2023-06-24,Healthcare,2436.44,0
696,47033,2019-02-02,Salary Credit,3664.83,0
697,60191,2019-10-31,Healthcare,345.91,0
698,34646,2021-02-25,Entertainment,759.33,0
699,10058,2024-12-22,Entertainment,1283.3,0
700,51145,2025-08-20,Entertainment,1773.56,0
701,50903,2019-10-15,Insurance,271.3,0
702,36611,2022-02-28,Entertainment,408.28,0
703,34103,2024-06-16,Salary Credit,360.19,0
704,53770,2021-06-07,Salary Credit,590.05,0
705,35663,2021-11-12,ATM Withdrawal,1159.13,0
706,10979,2020-07-22,Insurance,1986.42,0
707,48284,2025-02-20,Salary Credit,671.29,0
708,30570,2022-11-06,Salary Credit,1231.99,0
709,59248,2021-12-20,Healthcare,958.09,0
710,52586,2023-06-26,Fuel,97.67,0
711,20351,2023-11-13,Travel,5855.84,0
712,27877,2021-02-07,Education,479.18,0
713,54431,2019-01-28,Rent,4256.43,0
714,33177,2022-02-09,Entertainment,1048.21,0
715,56392,2022-06-10,ATM Withdrawal,1083.64,0
716,33778,2021-02-19,Utilities,545.08,0
717,15879,2019-12-12,Fund Transfer,708.38,0
718,64125,2021-08-05,Fund Transfer,1095.44,0
719,34462,2018-12-24,Insurance,502.02,0
720,60107,2020-07-15,Fund Transfer,1714.07,0
721,35463,2023-11-11,Dining,3476.09,0
722,24668,2018-07-23,Travel,854.28,0
723,52846,2022-08-21,Travel,4040.86,0
724,5778,2020-12-27,Fuel,4745.1,0
725,52764,2024-03-06,Education,497.7,0
726,9858,2023-04-01,Dining,6867.73,0
727,30578,2019-08-19,Healthcare,1988.35,0
728,31916,2021-01-12,Utilities,2360.89,0
729,32998,2023-10-27,Groceries,101.35,0
730,60699,2026-05-15,Education,3063.01,0
731,11168,2023-07-07,Utilities,610.87,0
732,55086,2020-01-12,Groceries,657.19,0
733,42748,2020-08-25,Dining,2209.71,0
734,26947,2022-01-10,Travel,2007.48,0
735,29088,2022-07-24,Groceries,3140.67,0
736,37347,2022-01-09,Entertainment,1918.67,0
737,57843,2022-08-22,Fund Transfer,877.98,0
738,45517,2018-01-24,ATM Withdrawal,840.93,0
739,41060,2021-03-22,Entertainment,2840.49,0
740,63281,2026-02-03,Insurance,1917.34,0
741,56394,2024-05-24,Travel,530.9,0
742,8584,2022-11-23,Entertainment,178.38,0
743,21788,2018-10-24,Utilities,452.85,0
744,59021,2022-12-10,Groceries,2103.74,0
745,33590,2023-06-03,Shopping,1025.28,0
746,11459,2024-07-29,ATM Withdrawal,2344.97,0
747,32988,2024-08-30,Utilities,1675.59,0
748,62507,2020-06-11,Shopping,1254.65,0
749,14907,2018-02-18,Rent,1313.2,0
750,29089,2019-03-09,Dining,377.11,0
751,31847,2022-07-31,Insurance,986.59,0
752,43017,2021-07-24,Healthcare,2064.95,0
753,38718,2024-11-08,Healthcare,419.02,0
754,52848,2021-09-16,Salary Credit,752.54,0
755,34208,2023-07-20,Travel,415.27,0
756,8445,2020-06-22,Fund Transfer,3748.64,0
757,41636,2021-11-14,Fund Transfer,1742.99,0
758,48269,2024-08-11,Rent,858.83,0
759,64913,2020-03-10,Dining,672.09,0
760,37135,2022-06-06,Utilities,277.15,0
761,13928,2020-09-11,Education,2741.92,0
762,34816,2026-04-24,Entertainment,858.73,0
763,3687,2023-03-06,Healthcare,1924.28,0
764,1630,2023-12-01,Travel,1278.71,0
765,27062,2019-09-16,Insurance,2060.9,0
766,45902,2023-07-13,Groceries,1722.85,0
767,20630,2023-10-08,Fuel,1950.88,0
768,42321,2019-09-17,Dining,1129.69,0
769,43089,2023-09-15,Rent,1962.92,0
770,45600,2018-10-27,Entertainment,4364.66,0
771,64870,2025-09-14,Fuel,3175.52,0
772,18969,2022-02-16,Salary Credit,3352.05,0
773,46738,2025-05-04,Groceries,4609.36,0
774,34344,2021-06-10,Fund Transfer,5845.85,0
775,17912,2020-05-26,Shopping,1376.68,0
776,36527,2024-02-10,Shopping,2845.16,0
777,3488,2025-06-08,Travel,488.76,0
778,4146,2018-02-14,Salary Credit,3526.7,0
779,34648,2021-10-13,Groceries,5459.65,0
780,29656,2026-04-24,Rent,2260.59,0
781,50676,2023-07-09,Groceries,7966.2,0
782,1541,2025-05-26,Entertainment,7173.18,0
783,34012,2026-05-30,Utilities,243.42,0
784,33707,2022-12-02,Utilities,1726.98,0
785,35608,2020-09-19,Utilities,670.53,0
786,49016,2019-10-26,ATM Withdrawal,118.52,0
787,56603,2024-09-17,Shopping,1426.22,0
788,6958,2026-03-02,Fund Transfer,751.07,0
789,31198,2018-09-17,ATM Withdrawal,1502.25,0
790,34605,2026-03-15,Salary Credit,126.57,0
791,32970,2019-08-07,Shopping,718.93,0
792,42803,2025-02-23,Travel,4586.06,0
793,35642,2022-10-07,Fund Transfer,1121.63,0
794,18324,2019-07-29,Insurance,3510.01,0
795,60972,2020-01-01,Entertainment,2268.41,0
796,57521,2023-08-19,Salary Credit,3026.06,0
797,1695,2026-04-26,Insurance,342.29,0
798,45043,2023-06-02,Insurance,161.88,0
799,53588,2022-07-23,ATM Withdrawal,10094.32,0
800,46584,2025-09-25,Fund Transfer,1733.89,0
801,6163,2023-11-16,Utilities,1417.08,0
802,44820,2018-12-09,Fuel,381.52,0
803,20300,2019-06-16,Fund Transfer,1839.77,0
804,63667,2020-11-04,Salary Credit,624.01,0
805,28662,2022-08-01,Entertainment,721.82,0
806,42102,2024-02-22,Fuel,376.37,0
807,50358,2023-04-04,Education,154.36,0
808,49264,2022-11-15,Dining,6522.74,0
809,58991,2025-07-31,Utilities,756.61,0
810,44187,2025-03-15,Travel,902.83,0
811,1085,2023-05-13,Travel,2400.97,0
812,2625,2020-03-07,Entertainment,678.4,0
813,25236,2023-06-04,Utilities,4052.77,0
814,16612,2023-10-01,Salary Credit,1303.84,0
815,1815,2022-05-30,Travel,148.92,0
816,44041,2021-09-28,ATM Withdrawal,173.22,0
817,32325,2020-09-17,Fund Transfer,495.75,0
818,54882,2024-11-19,Groceries,1973.04,0
819,883,2023-08-05,Fund Transfer,1296.12,0
820,22432,2023-11-09,Travel,1518.66,0
821,25537,2025-05-14,ATM Withdrawal,256.99,0
822,4743,2024-12-02,Fund Transfer,4448.27,0
823,7644,2022-12-26,Healthcare,3535.61,0
824,7715,2020-12-02,Fuel,1057.54,0
825,59478,2025-06-25,Utilities,520.76,0
826,25577,2022-08-02,Insurance,97.18,0
827,11234,2022-03-14,Groceries,1568.58,0
828,30475,2026-04-09,ATM Withdrawal,643.38,0
829,43657,2022-03-28,Utilities,1348.49,0
830,36019,2024-06-10,Fuel,1276.45,0
831,8808,2023-08-05,Healthcare,1358.23,0
832,10508,2022-12-13,Shopping,2336.33,0
833,26192,2025-03-14,Entertainment,3515.03,0
834,33494,2019-11-02,Groceries,11030.78,0
835,7748,2026-06-20,Travel,392.61,0
836,41778,2021-11-04,Healthcare,2991.6,0
837,49692,2019-12-22,Salary Credit,640.97,0
838,14669,2023-03-10,ATM Withdrawal,1699.36,0
839,50292,2023-03-30,Rent,996.98,0
840,43484,2021-11-12,Rent,1904.1,0
841,8050,2022-06-13,Groceries,1721.52,0
842,44763,2024-09-18,Dining,223.63,0
843,30013,2019-05-24,Travel,1120.69,0
844,44954,2021-04-28,Travel,1618.92,0
845,20239,2019-04-13,Insurance,2651.75,0
846,36011,2025-05-04,Groceries,7220.44,0
847,63947,2023-08-23,Dining,929.96,0
848,56914,2023-09-10,Fund Transfer,271.5,0
849,61851,2025-12-11,Healthcare,685.05,0
850,15390,2022-12-10,Fund Transfer,134.14,0
851,49297,2021-07-18,Rent,537.65,0
852,11555,2025-02-18,Entertainment,1276.72,0
853,52722,2026-03-18,Shopping,2856.05,0
854,12024,2020-02-25,Healthcare,1517.83,0
855,35354,2019-04-26,Fuel,756.08,0
856,45331,2021-07-30,Insurance,1184.04,0
857,17984,2023-02-20,Insurance,885.99,0
858,46800,2024-05-25,Utilities,334.64,0
859,2250,2022-04-15,Fuel,3208.43,0
860,10959,2024-07-16,Travel,2586.76,0
861,31405,2024-03-14,Shopping,4997.22,0
862,29306,2026-01-30,Travel,753.91,0
863,756,2025-11-12,Education,2364.85,0
864,33940,2024-11-26,Insurance,634.51,0
865,57341,2024-12-24,Insurance,2851.87,0
866,12571,2021-07-26,Utilities,2221.09,0
867,9637,2019-08-06,Education,1216.85,0
868,48206,2020-01-18,ATM Withdrawal,411.69,0
869,42697,2024-11-14,ATM Withdrawal,2256.75,0
870,60351,2019-02-27,Utilities,87.97,0
871,28688,2022-03-17,Entertainment,2727.24,0
872,34776,2020-02-14,Rent,2147.87,0
873,27572,2019-12-26,Utilities,315.97,0
874,61121,2023-06-18,Travel,2961.84,0
875,63723,2025-04-25,Education,442.8,0
876,11074,2021-03-20,Rent,1808.05,0
877,44676,2025-08-14,Shopping,213.64,0
878,31649,2024-01-03,Dining,850.61,0
879,22740,2025-03-17,Entertainment,3148.75,0
880,43087,2021-05-05,Utilities,74.14,0
881,31500,2026-02-22,Travel,999.01,0
882,63929,2023-06-18,Insurance,1145.74,0
883,23694,2024-11-02,Salary Credit,905.77,0
884,62938,2020-03-30,Dining,355.48,0
885,47510,2022-12-18,ATM Withdrawal,1102.88,0
886,9804,2024-09-22,Insurance,1091.15,0
887,28908,2026-02-23,Education,972.68,0
888,58235,2025-03-23,Shopping,1719.15,0
889,19217,2018-04-09,Salary Credit,336.27,0
890,17765,2025-05-05,Education,8979.0,0
891,29333,2019-11-24,Salary Credit,2762.7,0
892,64125,2026-02-07,Utilities,61.83,0
893,7212,2024-08-22,Insurance,643.08,0
894,8693,2025-03-16,Fuel,178.51,0
895,10777,2019-03-21,Fund Transfer,2219.91,0
896,25010,2024-01-25,Education,1601.9,0
897,19083,2024-04-20,Fund Transfer,66.22,0
898,29873,2025-11-20,Shopping,656.32,0
899,36994,2023-10-24,Shopping,2115.39,0
900,51918,2020-04-05,Utilities,2830.12,0
901,56366,2026-02-06,Fund Transfer,1674.78,0
902,13126,2024-05-17,Insurance,1983.83,0
903,16753,2024-12-02,ATM Withdrawal,660.66,0
904,13894,2024-11-18,Rent,1022.51,0
905,44002,2023-08-13,Salary Credit,995.87,0
906,19852,2022-06-07,ATM Withdrawal,2577.25,0
907,39486,2025-03-19,Insurance,3394.8,0
908,61626,2018-01-01,Entertainment,365.17,0
909,12146,2021-12-04,Entertainment,2247.03,0
910,58307,2024-02-21,Rent,1742.11,0
911,3635,2023-05-28,Dining,3642.96,0
912,27041,2022-08-02,Fund Transfer,291.88,0
913,41925,2019-10-30,Insurance,474.31,0
914,25557,2026-06-18,Utilities,1728.76,0
915,25666,2018-12-19,Healthcare,1163.95,0
916,3822,2025-05-02,Groceries,1764.68,0
917,47582,2024-02-03,Insurance,557.78,0
918,6821,2018-10-25,Fuel,3056.61,0
919,57098,2023-04-21,Salary Credit,1774.04,0
920,43740,2024-07-14,ATM Withdrawal,1426.16,0
921,48245,2021-07-27,Fund Transfer,2460.42,0
922,46321,2023-09-23,Education,2400.82,0
923,39141,2018-11-18,Travel,1437.95,0
924,14021,2019-01-20,ATM Withdrawal,168.43,0
925,4952,2019-07-07,Entertainment,3540.82,0
926,28688,2022-02-21,Rent,1805.4,0
927,13905,2023-12-17,Entertainment,1624.81,0
928,43256,2020-02-28,ATM Withdrawal,4601.85,0
929,64675,2025-10-04,Entertainment,649.01,0
930,32144,2022-12-20,Shopping,3184.12,0
931,4440,2018-03-31,Travel,1387.06,0
932,64296,2018-08-13,ATM Withdrawal,3386.31,0
933,11360,2022-01-13,Travel,784.44,0
934,49946,2020-08-19,Entertainment,3470.02,0
935,30353,2019-02-22,Entertainment,2318.14,0
936,14009,2020-02-24,Dining,1051.46,0
937,48149,2018-08-10,ATM Withdrawal,1144.52,0
938,13780,2024-09-09,Fuel,78.45,0
939,17016,2022-03-30,Fund Transfer,2703.08,0
940,28415,2026-01-30,Education,3193.79,0
941,13059,2022-07-16,Fund Transfer,4364.73,0
942,14324,2025-05-20,Entertainment,1958.61,0
943,59724,2024-01-14,Travel,1120.55,0
944,31742,2022-08-15,Dining,1205.9,0
945,802,2020-07-11,Insurance,2112.28,0
946,28051,2023-12-30,Fuel,2243.79,0
947,11358,2023-10-04,Groceries,308.83,0
948,64289,2023-11-03,Shopping,1453.66,0
949,47248,2021-04-24,Groceries,132.83,0
950,62405,2021-09-21,Insurance,4569.06,0
951,45467,2018-09-24,ATM Withdrawal,2426.78,0
952,6051,2023-08-03,Dining,2369.4,0
953,12785,2024-01-17,Shopping,4319.2,0
954,47087,2018-08-27,Travel,298.59,0
955,7564,2020-01-14,Healthcare,367.38,0
956,9227,2020-07-24,Entertainment,4342.3,0
957,39415,2025-12-10,Salary Credit,204.66,0
958,59985,2023-07-04,Travel,287.63,0
959,53577,2023-10-05,Rent,488.17,0
960,47567,2026-06-01,Education,76.1,0
961,57271,2024-09-11,Insurance,4595.53,0
962,14112,2020-09-14,ATM Withdrawal,1807.67,0
963,10619,2021-09-15,Utilities,8753.09,0
964,42073,2022-05-01,Education,1322.06,0
965,5277,2025-10-26,Fund Transfer,1014.38,0
966,53933,2021-11-07,Entertainment,3215.6,0
967,55807,2020-05-01,ATM Withdrawal,1700.54,0
968,4748,2018-11-23,Education,292.04,0
969,50309,2019-03-19,Fund Transfer,4890.21,0
970,5686,2024-09-14,Salary Credit,1154.9,0
971,42574,2022-06-16,Utilities,289.91,0
972,13193,2019-12-03,Insurance,1496.51,0
973,19139,2021-08-28,Entertainment,4163.64,0
974,12848,2022-09-03,Fuel,3069.14,0
975,29116,2025-08-25,Travel,528.19,0
976,2078,2024-06-23,Groceries,2526.98,0
977,53313,2018-08-20,Healthcare,2788.01,0
978,33746,2022-10-17,Entertainment,578.86,0
979,38277,2026-03-07,Education,874.43,0
980,64673,2022-10-20,Education,3478.33,0
981,50824,2019-09-20,ATM Withdrawal,2108.64,0
982,9058,2025-09-12,ATM Withdrawal,60.03,0
983,51073,2026-03-02,ATM Withdrawal,5383.08,0
984,2162,2021-03-17,Rent,917.86,0
985,32195,2018-03-26,Education,3282.32,0
986,3555,2019-08-26,Insurance,2264.87,0
987,11446,2025-10-17,Dining,787.08,0
988,17537,2021-02-13,Education,969.94,0
989,471,2018-11-27,ATM Withdrawal,2269.22,0
990,20811,2020-08-12,Travel,943.83,0
991,3220,2020-10-13,Insurance,4576.85,0
992,35171,2023-07-01,Rent,10007.02,0
993,48752,2023-04-13,Travel,406.53,0
994,29129,2021-06-09,Insurance,3453.73,0
995,26556,2022-12-18,Education,4319.27,0
996,53453,2023-09-09,Groceries,1092.27,0
997,58745,2019-05-22,Fund Transfer,63.32,0
998,64332,2024-01-29,Travel,4142.92,0
999,39274,2023-02-22,Travel,8808.93,0
1000,21394,2020-12-30,Shopping,3621.2,0
1001,6438,2018-01-28,Salary Credit,1495.79,0
1002,60991,2022-09-01,Healthcare,122.35,0
1003,9676,2024-02-18,Utilities,715.18,0
1004,40883,2026-02-22,Insurance,507.58,0
1005,40635,2021-02-05,Healthcare,695.53,0
1006,56953,2021-08-14,Rent,1439.24,0
1007,33076,2025-03-22,Fuel,3278.6,0
1008,20729,2025-03-20,Salary Credit,237.48,0
1009,51610,2019-01-12,Groceries,354.27,0
1010,14533,2022-02-28,Travel,2359.72,0
1011,19997,2025-01-30,Education,893.26,0
1012,53633,2022-08-08,ATM Withdrawal,2463.63,0
1013,48106,2021-06-17,Entertainment,953.11,0
1014,5320,2018-05-19,Utilities,1441.97,0
1015,35009,2018-09-03,ATM Withdrawal,267.08,0
1016,26767,2020-09-21,ATM Withdrawal,7550.7,0
1017,51279,2019-07-07,Fuel,3528.43,0
1018,47624,2024-01-31,Fund Transfer,279.09,0
1019,59218,2018-03-22,Education,464.15,0
1020,49287,2023-09-27,ATM Withdrawal,1535.01,0
1021,4677,2024-02-26,Salary Credit,1540.58,0
1022,32750,2022-08-14,Salary Credit,348.8,0
1023,22448,2020-07-11,Healthcare,2717.77,0
1024,34384,2025-03-15,Salary Credit,1159.28,0
1025,48918,2019-05-01,Travel,138.89,0
1026,22167,2020-09-12,Fund Transfer,1282.56,0
1027,12970,2023-08-12,Education,4203.49,0
1028,39952,2025-03-21,Insurance,4676.31,0
1029,11105,2020-04-30,Travel,1539.29,0
1030,34355,2019-05-07,Dining,7030.76,0
1031,20332,2022-04-22,Education,1286.6,0
1032,54465,2025-09-10,Fund Transfer,323.86,0
1033,43101,2020-09-20,Fuel,1746.41,0
1034,35512,2020-05-22,ATM Withdrawal,2599.93,0
1035,41498,2022-09-08,Rent,1256.13,0
1036,3168,2023-02-07,Fund Transfer,4064.87,0
1037,14496,2024-06-03,Fuel,5233.51,0
1038,40915,2025-09-22,ATM Withdrawal,642.42,0
1039,602,2019-11-01,Fuel,1222.99,0
1040,49458,2026-04-09,Shopping,3645.13,0
1041,9405,2024-11-18,Shopping,2247.29,0
1042,60870,2021-06-23,Fuel,289.03,0
1043,38466,2020-08-05,Utilities,400.07,0
1044,25929,2024-01-24,Fuel,190.42,0
1045,15716,2020-07-19,Travel,1073.56,0
1046,32964,2023-05-04,Fund Transfer,979.38,0
1047,48393,2019-09-26,Entertainment,2619.04,0
1048,53639,2024-09-20,Shopping,1040.5,0
1049,15938,2022-12-03,Fuel,7801.93,0
1050,36885,2021-09-28,Fuel,5253.96,0
1051,49893,2019-04-17,Insurance,3028.81,0
1052,7000,2018-11-17,Education,439.21,0
1053,54142,2021-10-11,ATM Withdrawal,3047.76,0
1054,19882,2018-11-13,Insurance,2756.64,0
1055,46789,2025-01-17,Salary Credit,175.6,0
1056,63785,2021-09-11,Education,1807.39,0
1057,35202,2022-01-19,Education,1769.37,0
1058,24628,2026-01-21,ATM Withdrawal,5645.15,0
1059,60728,2018-07-16,ATM Withdrawal,1104.91,0
1060,56429,2025-07-29,Dining,755.68,0
1061,48636,2020-01-09,Fund Transfer,988.95,0
1062,26998,2022-10-09,Utilities,4591.56,0
1063,53757,2023-08-19,Healthcare,73.36,0
1064,19577,2019-06-22,Rent,518.75,0
1065,28922,2026-04-05,Education,1948.44,0
1066,44459,2023-03-12,ATM Withdrawal,811.02,0
1067,3290,2019-08-09,Shopping,956.88,0
1068,58573,2025-08-16,Travel,165.65,0
1069,53790,2024-06-27,Fund Transfer,4385.03,0
1070,43857,2018-09-01,Shopping,764.48,0
1071,56065,2019-05-03,Dining,1075.77,0
1072,13852,2025-07-16,ATM Withdrawal,1519.62,0
1073,44304,2022-12-07,Groceries,3979.92,0
1074,46873,2023-12-11,Rent,817.29,0
1075,7676,2024-03-02,Entertainment,1139.36,0
1076,41300,2022-11-12,Groceries,450.68,0
1077,21227,2018-07-12,Utilities,1846.18,0
1078,38760,2023-01-06,Salary Credit,3258.03,0
1079,56280,2019-10-25,Dining,1741.13,0
1080,42668,2025-11-02,ATM Withdrawal,220.09,0
1081,5322,2025-08-12,Rent,3460.28,0
1082,63243,2019-01-26,Fund Transfer,461.77,0
1083,25364,2022-07-01,ATM Withdrawal,2382.64,0
1084,46177,2018-12-13,Education,1602.54,0
1085,64686,2021-12-14,Dining,1769.39,0
1086,22792,2024-07-01,Healthcare,207.9,0
1087,36378,2021-09-12,Shopping,753.35,0
1088,57225,2020-03-29,Groceries,2585.02,0
1089,30769,2024-05-30,Utilities,2141.73,0
1090,33383,2020-03-09,Healthcare,8790.93,0
1091,2632,2026-04-25,Insurance,1137.73,0
1092,57016,2018-08-14,Travel,2033.59,0
1093,35510,2018-04-21,Utilities,1311.14,0
1094,29988,2022-11-16,Fuel,8764.64,0
1095,41700,2020-03-10,Utilities,6069.44,0
1096,3330,2018-08-17,Insurance,776.58,0
1097,34481,2021-03-15,Utilities,651.73,0
1098,21489,2018-04-27,Shopping,483.29,0
1099,44017,2018-12-21,Travel,290.15,0
1100,58987,2022-06-12,Travel,3863.77,0
1101,18269,2020-02-04,ATM Withdrawal,2464.18,0
1102,56287,2024-06-29,Dining,1394.7,0
1103,39306,2021-04-01,Entertainment,924.97,0
1104,44721,2022-08-14,Rent,2523.19,0
1105,64697,2021-10-29,Utilities,553.81,0
1106,64971,2019-02-18,Utilities,1183.49,0
1107,48442,2022-04-02,Shopping,1400.31,0
1108,20859,2018-06-29,Dining,2131.98,0
1109,40558,2021-10-28,Fund Transfer,1669.97,0
1110,6188,2026-03-14,Dining,282.3,0
1111,15862,2018-04-02,Entertainment,701.66,0
1112,23177,2021-01-31,Dining,393.01,0
1113,46561,2019-09-26,Shopping,819.63,0
1114,21124,2020-01-31,Fund Transfer,503.75,0
1115,61569,2018-09-28,Rent,1099.33,0
1116,3678,2018-07-17,Rent,507.89,0
1117,31490,2023-11-15,Dining,675.68,0
1118,60616,2020-10-25,Utilities,7570.9,0
1119,45422,2020-12-29,Dining,939.42,0
1120,12024,2026-06-06,Shopping,1436.39,0
1121,7092,2025-04-25,ATM Withdrawal,4025.2,0
1122,13384,2026-05-18,Insurance,565.2,0
1123,57446,2025-08-28,Fund Transfer,1541.82,0
1124,8164,2024-01-21,Dining,1012.07,0
1125,11367,2021-10-24,Groceries,2065.67,0
1126,57980,2025-05-22,Fund Transfer,921.64,0
1127,36652,2023-03-08,Healthcare,217.82,0
1128,2228,2023-11-26,Fuel,316.91,0
1129,58279,2024-08-21,Fund Transfer,1017.24,0
1130,33058,2024-06-23,Groceries,1310.16,0
1131,47735,2020-06-12,Rent,437.8,0
1132,33383,2018-05-25,Insurance,1213.21,0
1133,40052,2020-08-04,ATM Withdrawal,4905.94,0
1134,13905,2023-03-22,ATM Withdrawal,381.13,0
1135,56421,2026-06-10,ATM Withdrawal,781.72,0
1136,59318,2023-06-22,Fund Transfer,3525.91,0
1137,52373,2020-02-18,Fuel,814.9,0
1138,48112,2024-09-11,Groceries,182.99,0
1139,33083,2018-07-19,Travel,3198.37,0
1140,32607,2018-03-14,Groceries,319.06,0
1141,11714,2023-01-14,Travel,1566.53,0
1142,39264,2023-07-03,Fuel,619.98,0
1143,46562,2026-05-09,Entertainment,601.68,0
1144,30835,2019-05-10,Healthcare,593.97,0
1145,1016,2020-01-23,ATM Withdrawal,616.61,0
1146,6176,2021-10-31,Groceries,767.49,0
1147,10582,2022-04-26,Shopping,128.24,0
1148,22055,2020-08-15,Fund Transfer,1970.55,0
1149,7135,2020-08-09,Groceries,5189.81,0
1150,40749,2020-04-21,Salary Credit,726.09,0
1151,7168,2021-10-22,Rent,1568.28,0
1152,29953,2023-11-13,Groceries,1355.82,0
1153,11303,2019-04-19,Rent,1207.3,0
1154,39994,2025-07-04,Fuel,576.95,0
1155,27839,2024-03-04,Utilities,228.23,0
1156,56334,2026-03-02,Education,1212.06,0
1157,61205,2019-02-06,Dining,4941.62,0
1158,47103,2026-05-16,Dining,3051.72,0
1159,18583,2023-09-22,Utilities,1333.08,0
1160,36455,2018-12-21,Groceries,1458.08,0
1161,50119,2019-02-12,Dining,2329.43,0
1162,52687,2022-10-31,Education,2272.85,0
1163,22806,2022-11-30,Shopping,217.08,0
1164,435,2025-01-03,Utilities,64.28,0
1165,4620,2018-12-15,Salary Credit,1333.18,0
1166,55154,2018-09-04,Healthcare,1955.41,0
1167,6368,2022-09-11,ATM Withdrawal,3358.93,0
1168,422,2021-03-03,Insurance,855.04,0
1169,18422,2020-03-17,Rent,2977.05,0
1170,247,2023-01-02,Healthcare,780.59,0
1171,33807,2023-07-28,Utilities,7580.66,0
1172,26977,2024-11-01,Fund Transfer,2089.08,0
1173,30518,2021-03-04,Shopping,2593.58,0
1174,37,2019-12-22,Entertainment,1539.07,0
1175,62189,2024-02-02,Fund Transfer,1885.95,0
1176,58748,2022-12-17,Shopping,279.12,0
1177,16732,2022-09-07,Dining,5386.31,0
1178,6738,2018-07-06,Insurance,2184.66,0
1179,39093,2019-10-01,Salary Credit,4644.88,0
1180,17781,2022-11-19,Shopping,1813.62,0
1181,25464,2021-11-14,Healthcare,940.71,0
1182,53563,2025-03-04,Salary Credit,1456.37,0
1183,24118,2018-07-23,Rent,932.99,0
1184,8644,2022-10-01,Fuel,881.72,0
1185,27049,2024-11-09,Dining,1887.63,0
1186,49488,2020-01-02,Fuel,862.31,0
1187,26456,2024-05-07,Fund Transfer,4294.64,0
1188,31251,2019-09-19,Groceries,1993.23,0
1189,5963,2018-08-30,Education,1873.47,0
1190,57284,2023-07-26,Fuel,975.45,0
1191,42660,2021-01-02,Utilities,1587.98,0
1192,9028,2025-05-15,Salary Credit,147.55,0
1193,58001,2019-11-08,Salary Credit,3999.53,0
1194,42128,2019-11-06,Shopping,1818.95,0
1195,46089,2018-10-01,Fuel,558.43,0
1196,60992,2026-05-07,Education,1057.07,0
1197,30540,2026-04-14,Fuel,4866.78,0
1198,14189,2021-07-25,Fund Transfer,2192.21,0
1199,44206,2023-12-10,Shopping,2706.55,0
1200,42118,2024-03-04,Fuel,1746.3,0
1201,64556,2024-10-26,Groceries,1869.33,0
1202,55376,2025-02-19,Shopping,6446.81,0
1203,24252,2021-06-12,Healthcare,157.17,0
1204,63484,2020-11-07,Entertainment,2886.64,0
1205,43816,2021-06-07,Utilities,501.43,0
1206,50776,2020-12-04,Shopping,2440.44,0
1207,11713,2020-12-14,Education,2718.78,0
1208,9016,2021-10-30,Rent,1001.69,0
1209,1475,2020-03-14,Rent,629.14,0
1210,46236,2026-02-16,Shopping,5391.62,0
1211,36001,2018-07-15,Shopping,423.51,0
1212,29395,2021-10-25,Dining,655.98,0
1213,49132,2023-03-22,Fund Transfer,1903.23,0
1214,21435,2023-03-20,Insurance,1307.57,0
1215,26562,2018-07-20,Shopping,2574.43,0
1216,32576,2021-04-20,Groceries,4903.9,0
1217,19245,2025-10-23,Fund Transfer,5425.59,0
1218,64275,2024-08-05,Groceries,1991.13,0
1219,43793,2018-06-22,Dining,70.4,0
1220,12963,2018-09-19,Education,2983.06,0
1221,43631,2019-07-08,Rent,1921.9,0
1222,42899,2022-07-28,Rent,1968.37,0
1223,48356,2021-12-07,ATM Withdrawal,1130.19,0
1224,39506,2025-07-02,Dining,2782.3,0
1225,59189,2022-11-14,Education,2917.21,0
1226,52700,2018-03-05,Entertainment,1130.96,0
1227,35944,2026-06-28,Fuel,1466.95,0
1228,27555,2020-07-31,Fund Transfer,104.67,0
1229,52372,2021-03-06,Rent,2182.98,0
1230,41754,2024-04-21,Entertainment,1527.87,0
1231,62330,2025-11-29,Travel,3401.17,0
1232,63858,2020-09-03,Utilities,458.64,0
1233,21798,2024-08-09,Dining,578.43,0
1234,25753,2025-07-14,Education,1589.92,0
1235,43485,2022-01-06,Insurance,3975.45,0
1236,63626,2023-06-08,Utilities,278.57,0
1237,55180,2023-04-21,Dining,791.43,0
1238,30653,2023-01-12,Healthcare,1542.71,0
1239,34784,2021-02-24,Dining,7062.36,0
1240,16072,2022-10-29,Shopping,661.99,0
1241,4928,2021-10-23,Fuel,1424.18,0
1242,7578,2022-01-10,ATM Withdrawal,2018.63,0
1243,2129,2023-08-10,Travel,1481.55,0
1244,44120,2023-07-11,Entertainment,1584.07,0
1245,48150,2024-04-20,Travel,4857.7,0
1246,53897,2021-04-11,Salary Credit,3979.8,0
1247,12710,2022-11-13,Fuel,167.63,0
1248,62755,2019-08-06,Healthcare,1153.01,0
1249,32882,2021-03-12,Fuel,583.68,0
1250,59263,2025-05-14,Dining,1354.22,0
1251,60926,2022-11-15,Utilities,244.38,0
1252,47462,2023-12-27,Rent,341.72,0
1253,11357,2019-02-18,Shopping,4352.17,0
1254,15538,2024-10-12,Education,1478.82,0
1255,31367,2025-03-15,Healthcare,302.17,0
1256,37249,2019-04-25,Dining,192.82,0
1257,14787,2018-05-27,Groceries,4051.53,0
1258,34435,2020-06-14,Rent,1785.09,0
1259,13084,2024-12-10,Groceries,1232.31,0
1260,27462,2019-05-09,Rent,818.35,0
1261,59953,2020-02-11,Entertainment,221.67,0
1262,45375,2018-03-21,Rent,902.71,0
1263,4010,2023-11-04,Fund Transfer,1340.26,0
1264,58617,2018-08-28,Salary Credit,6513.71,0
1265,32350,2020-10-20,Dining,2043.79,0
1266,26747,2022-09-06,Shopping,8334.61,0
1267,44353,2023-04-21,Healthcare,2669.71,0
1268,52795,2021-08-02,ATM Withdrawal,112.64,0
1269,18545,2024-10-29,Salary Credit,7149.76,0
1270,33768,2018-02-27,Healthcare,2583.52,0
1271,58235,2018-09-21,Utilities,1487.9,0
1272,47748,2018-06-19,Groceries,620.23,0
1273,27222,2023-02-11,Groceries,235.82,0
1274,46727,2019-04-22,Groceries,85.48,0
1275,59174,2023-12-20,Travel,5246.11,0
1276,35416,2018-03-09,Salary Credit,3202.87,0
1277,19919,2024-10-18,Salary Credit,812.1,0
1278,59155,2023-05-13,Education,449.13,0
1279,19779,2024-10-21,Education,214.35,0
1280,40705,2022-12-04,Dining,2787.94,0
1281,31180,2025-10-08,Entertainment,1405.89,0
1282,30084,2023-10-15,Shopping,282.74,0
1283,3059,2026-05-19,Healthcare,2644.88,0
1284,41545,2019-10-24,Travel,6143.06,0
1285,22877,2022-10-21,ATM Withdrawal,1918.24,0
1286,45943,2018-02-05,Utilities,7356.25,0
1287,24549,2025-06-24,Entertainment,251.44,0
1288,49321,2019-11-02,Rent,523.75,0
1289,40211,2019-09-29,Entertainment,1892.95,0
1290,56180,2018-12-17,Entertainment,210.03,0
1291,23392,2026-02-14,Fund Transfer,2319.14,0
1292,62371,2023-04-04,Rent,1059.98,0
1293,3278,2021-12-01,Fuel,1769.67,0
1294,36832,2024-11-20,Groceries,7195.14,0
1295,55754,2024-01-05,Healthcare,4415.63,0
1296,51808,2020-12-09,Groceries,3482.16,0
1297,33792,2023-01-25,Utilities,1025.16,0
1298,28321,2024-03-25,Fund Transfer,1819.36,0
1299,23340,2018-12-27,Shopping,905.14,0
1300,2197,2021-05-16,Salary Credit,152.36,0
1301,5268,2018-10-26,Dining,782.16,0
1302,4782,2022-08-10,Travel,493.8,0
1303,52016,2026-06-24,Fund Transfer,61.29,0
1304,35118,2021-09-06,Education,2771.59,0
1305,20069,2020-01-05,Fuel,77.39,0
1306,29228,2024-07-29,Travel,114.8,0
1307,15334,2020-03-06,Rent,145.26,0
1308,11352,2020-01-13,Fund Transfer,4794.08,0
1309,27241,2023-03-14,Fuel,733.46,0
1310,631,2022-03-08,Entertainment,3323.53,0
1311,30360,2020-09-12,Entertainment,8974.86,0
1312,23418,2025-10-22,Insurance,600.12,0
1313,35565,2025-09-21,Entertainment,639.06,0
1314,40196,2025-08-29,Insurance,3864.49,0
1315,16024,2025-09-19,Insurance,2563.48,0
1316,13618,2019-09-10,Entertainment,3399.05,0
1317,50944,2021-01-31,Travel,3293.77,0
1318,24419,2020-07-27,Utilities,1352.77,0
1319,13962,2024-08-21,ATM Withdrawal,98.4,0
1320,26390,2022-01-01,Fuel,5364.41,0
1321,19845,2023-08-31,Utilities,2887.87,0
1322,22853,2018-04-19,Shopping,3722.02,0
1323,36316,2023-02-24,Shopping,510.29,0
1324,26920,2021-08-15,ATM Withdrawal,4109.33,0
1325,11328,2023-09-22,Fund Transfer,1884.92,0
1326,26256,2019-03-24,Travel,7036.14,0
1327,2623,2024-08-15,Education,3473.58,0
1328,31481,2026-02-09,Education,364.08,0
1329,24701,2021-11-26,Fuel,2097.68,0
1330,58079,2025-03-04,Groceries,5810.97,0
1331,31869,2024-11-02,Fund Transfer,1765.93,0
1332,1958,2025-04-07,Salary Credit,1035.17,0
1333,27583,2021-10-28,Fuel,2751.74,0
1334,20809,2022-07-29,Insurance,912.18,0
1335,4269,2023-01-14,Education,1035.82,0
1336,19347,2025-01-22,Fund Transfer,1595.5,0
1337,39789,2025-05-30,Entertainment,1571.86,0
1338,40077,2019-06-27,Healthcare,168.97,0
1339,23701,2020-05-09,Education,4075.44,0
1340,5930,2022-04-27,ATM Withdrawal,3017.39,0
1341,11095,2024-05-11,Healthcare,617.86,0
1342,48165,2021-02-03,Travel,2837.62,0
1343,9558,2019-09-01,Insurance,1004.21,0
1344,60191,2019-03-03,Education,392.8,0
1345,31690,2025-08-12,Healthcare,804.0,0
1346,41568,2021-04-12,Fund Transfer,954.7,0
1347,58202,2025-06-15,Insurance,3632.01,0
1348,21875,2018-02-19,Utilities,123.15,0
1349,19879,2020-01-29,ATM Withdrawal,2131.78,0
1350,2922,2023-01-04,Shopping,103.93,0
1351,59781,2025-01-23,Travel,2994.2,0
1352,43108,2018-11-08,Travel,1579.57,0
1353,28351,2026-01-08,Dining,56.71,0
1354,57513,2018-04-19,Salary Credit,5011.72,0
1355,62899,2022-06-17,Fund Transfer,2099.22,0
1356,4181,2018-03-27,Healthcare,3960.42,0
1357,30763,2018-06-15,Fund Transfer,2142.12,0
1358,33839,2020-01-06,Rent,1057.37,0
1359,48719,2018-03-26,Fuel,649.69,0
1360,1372,2021-02-10,Salary Credit,221.78,0
1361,42610,2024-07-07,Insurance,4346.59,0
1362,33872,2024-03-26,Healthcare,1862.85,0
1363,58802,2018-02-03,Fuel,3239.96,0
1364,14533,2025-07-12,ATM Withdrawal,2591.73,0
1365,12927,2019-03-17,Insurance,209.61,0
1366,30128,2022-02-14,Utilities,451.25,0
1367,26741,2021-07-04,Travel,3662.31,0
1368,14054,2020-11-05,Fuel,1339.11,0
1369,9538,2023-06-25,Education,3525.21,0
1370,36333,2024-03-04,Shopping,1837.69,0
1371,39870,2025-10-04,Shopping,64.16,0
1372,25521,2023-11-24,Education,854.08,0
1373,15309,2022-01-13,Shopping,423.22,0
1374,53581,2018-12-23,Rent,804.19,0
1375,28244,2023-02-04,Fund Transfer,10505.5,0
1376,54438,2022-06-08,Travel,554.41,0
1377,13895,2022-10-09,Insurance,1533.45,0
1378,50642,2022-12-21,Salary Credit,1160.72,0
1379,36056,2024-07-10,Rent,1579.65,0
1380,63891,2023-01-18,Travel,368.33,0
1381,9207,2025-12-27,ATM Withdrawal,530.9,0
1382,57846,2020-11-07,Healthcare,1391.52,0
1383,17700,2025-12-22,Shopping,1496.5,0
1384,49296,2020-04-15,Fuel,1435.72,0
1385,56982,2020-09-12,Healthcare,347.44,0
1386,34673,2020-11-09,Rent,2687.8,0
1387,8518,2023-10-20,Dining,3033.72,0
1388,30791,2018-02-19,Travel,2362.26,0
1389,25383,2019-06-26,Groceries,5478.09,0
1390,20159,2019-08-12,Fund Transfer,6535.77,0
1391,3732,2019-05-22,Dining,868.19,0
1392,53149,2020-04-08,Healthcare,148.76,0
1393,60914,2026-02-02,Entertainment,6917.56,0
1394,64929,2025-07-12,ATM Withdrawal,456.0,0
1395,16212,2020-09-10,ATM Withdrawal,1845.26,0
1396,17654,2026-01-29,Insurance,1998.0,0
1397,1342,2019-11-23,Education,1274.97,0
1398,23812,2023-10-29,Shopping,156.34,0
1399,850,2022-05-30,Healthcare,2293.98,0
1400,55213,2023-04-16,Utilities,808.63,0
1401,44847,2021-07-15,Utilities,2446.01,0
1402,37650,2018-11-16,Dining,711.6,0
1403,40937,2023-11-18,Fuel,130.44,0
1404,32761,2018-10-03,Shopping,1590.77,0
1405,49019,2020-07-15,Insurance,429.61,0
1406,51200,2019-05-24,Healthcare,2568.8,0
1407,64795,2018-09-14,Dining,2406.65,0
1408,6440,2019-04-11,Shopping,471.02,1
1409,20033,2020-02-09,Travel,785.39,0
1410,35625,2026-05-15,Salary Credit,432.84,0
1411,21620,2018-12-07,Travel,2081.64,0
1412,34947,2019-02-17,Travel,4962.21,0
1413,26842,2026-03-13,Fund Transfer,1291.64,0
1414,42768,2024-01-24,Fuel,900.0,0
1415,43121,2023-04-30,Travel,153.32,0
1416,24219,2022-02-02,Dining,2921.09,0
1417,28971,2021-09-16,Fuel,1710.19,0
1418,51792,2018-03-21,Fuel,1143.16,0
1419,2240,2025-07-13,Salary Credit,884.71,0
1420,1205,2021-08-22,Rent,528.22,0
1421,38647,2019-07-18,Fuel,440.26,0
1422,17892,2020-12-30,Healthcare,779.04,0
1423,36366,2021-04-04,Fuel,1149.73,0
1424,33153,2026-02-05,Education,220.99,0
1425,51086,2022-06-05,Education,4288.0,0
1426,61818,2018-01-11,Healthcare,1361.21,0
1427,31259,2022-12-24,Rent,2461.54,0
1428,50445,2020-03-05,Education,4504.7,0
1429,36835,2018-08-05,Dining,193.59,0
1430,5215,2021-06-02,Healthcare,287.59,0
1431,42623,2026-04-06,Utilities,1512.16,0
1432,10260,2018-05-16,Education,7213.63,0
1433,24818,2018-09-04,Fund Transfer,452.46,0
1434,57918,2025-08-20,Salary Credit,1415.63,0
1435,31019,2024-07-23,ATM Withdrawal,3591.71,0
1436,44714,2018-01-05,Healthcare,1686.25,0
1437,49219,2023-01-01,Insurance,58.31,0
1438,36321,2018-04-05,Groceries,391.49,0
1439,9077,2026-06-12,Fund Transfer,364.13,0
1440,40972,2019-07-12,Healthcare,131.95,0
1441,16792,2025-09-25,Insurance,885.33,0
1442,59187,2021-02-04,Utilities,525.55,0
1443,25194,2024-07-31,Insurance,175.25,0
1444,42470,2020-03-13,Utilities,5390.52,0
1445,14198,2018-04-02,Entertainment,167.15,0
1446,33070,2019-10-25,Insurance,2966.32,0
1447,57186,2021-09-30,Fund Transfer,4294.12,0
1448,25439,2023-01-11,Travel,693.14,0
1449,42736,2020-11-18,Groceries,2312.86,0
1450,53701,2018-08-02,Dining,1597.01,0
1451,49483,2021-11-11,Healthcare,752.68,0
1452,18157,2020-05-20,Fuel,918.25,0
1453,15276,2022-01-07,ATM Withdrawal,1559.29,0
1454,16591,2018-05-25,ATM Withdrawal,2679.07,0
1455,51711,2024-02-03,Travel,3851.85,0
1456,21661,2023-05-04,Rent,191.17,0
1457,60750,2019-11-17,Rent,4124.76,0
1458,63793,2024-08-25,Utilities,3038.95,0
1459,24227,2024-02-24,ATM Withdrawal,2443.6,0
1460,6987,2018-01-05,Dining,750.28,0
1461,25443,2019-05-31,Rent,1424.19,0
1462,5520,2019-05-19,Utilities,3343.68,0
1463,4284,2019-05-17,Shopping,2558.16,0
1464,28266,2025-10-07,ATM Withdrawal,1767.61,0
1465,7567,2020-06-30,Travel,3179.79,0
1466,29229,2018-02-03,Utilities,424.39,0
1467,18053,2020-03-29,Dining,2038.57,0
1468,22221,2026-04-11,Insurance,361.1,0
1469,19316,2018-11-15,Travel,4431.29,0
1470,24365,2020-05-05,Fuel,3057.71,0
1471,50245,2022-10-05,Fund Transfer,991.78,0
1472,63248,2023-09-26,Education,1004.16,0
1473,25298,2022-07-25,Groceries,5375.81,0
1474,29218,2018-05-10,Healthcare,542.0,0
1475,10495,2020-03-15,Salary Credit,2609.43,0
1476,8837,2022-10-13,Groceries,1909.68,0
1477,27915,2022-06-01,Utilities,2934.88,0
1478,45548,2024-01-31,Healthcare,4567.31,0
1479,34451,2022-05-07,Fuel,327.64,0
1480,5778,2024-01-04,ATM Withdrawal,5646.48,0
1481,26512,2022-12-18,Fund Transfer,2298.65,0
1482,28606,2023-05-02,Groceries,447.6,0
1483,53723,2025-09-15,Fund Transfer,2608.0,0
1484,19655,2023-03-20,Shopping,2111.5,0
1485,54444,2023-09-28,ATM Withdrawal,813.89,0
1486,18793,2022-08-20,ATM Withdrawal,7333.26,0
1487,54415,2018-01-23,Rent,3512.67,0
1488,10633,2024-07-28,Fund Transfer,1044.29,0
1489,42039,2021-02-11,Education,3590.82,0
1490,7481,2022-10-09,Entertainment,2553.69,0
1491,59427,2023-08-19,Entertainment,730.37,0
1492,9940,2018-06-16,Entertainment,4771.52,0
1493,32335,2018-03-04,Education,305.38,0
1494,62648,2026-04-24,Dining,371.12,0
1495,13427,2018-11-18,Healthcare,1483.8,0
1496,18606,2025-03-17,Insurance,6293.18,0
1497,41879,2026-05-05,Shopping,5259.78,0
1498,21670,2019-01-10,Rent,1876.91,0
1499,28898,2020-06-10,Shopping,56.09,0
1500,18088,2024-01-03,Entertainment,970.72,0
1501,24700,2025-02-08,Salary Credit,2421.53,0
1502,57084,2019-10-07,ATM Withdrawal,5267.88,0
1503,16481,2025-08-25,ATM Withdrawal,1923.82,0
1504,13757,2021-07-06,Groceries,1005.22,0
1505,39996,2023-02-05,Healthcare,1163.94,0
1506,56207,2025-11-04,Travel,6071.3,0
1507,28982,2018-10-16,Education,1643.52,0
1508,9566,2022-02-24,Entertainment,1665.71,0
1509,11020,2020-07-03,Travel,2968.54,0
1510,3832,2024-04-25,Shopping,1542.28,0
1511,33226,2025-03-13,Fund Transfer,907.65,0
1512,42014,2021-07-02,Groceries,3269.95,0
1513,23824,2025-08-01,Entertainment,397.65,0
1514,37567,2026-01-01,Salary Credit,308.13,0
1515,48604,2024-07-13,Rent,297.09,0
1516,58813,2024-08-10,Travel,239.38,0
1517,3220,2020-12-18,Healthcare,503.52,0
1518,62941,2026-01-27,Utilities,280.62,0
1519,55606,2026-04-25,Shopping,799.66,0
1520,54552,2018-11-01,Entertainment,1295.08,0
1521,37994,2022-04-30,Utilities,251.43,0
1522,58626,2024-10-23,Entertainment,671.0,0
1523,41229,2025-09-17,Education,859.54,0
1524,29642,2025-10-05,Fuel,1320.74,0
1525,15513,2021-08-23,Healthcare,750.88,0
1526,58159,2025-05-21,Utilities,6181.84,0
1527,20567,2025-04-05,Healthcare,196.77,0
1528,54283,2023-05-18,Dining,6165.31,0
1529,63995,2025-02-18,Rent,2800.22,0
1530,24224,2026-01-01,Salary Credit,2139.21,0
1531,41616,2021-11-03,Travel,1114.89,0
1532,48904,2024-04-13,Salary Credit,2284.03,0
1533,15990,2025-11-14,Healthcare,5698.15,0
1534,4172,2022-07-03,Fund Transfer,2222.28,0
1535,21614,2023-03-16,Utilities,825.84,0
1536,1065,2022-07-25,Healthcare,502.67,0
1537,35793,2020-03-03,Insurance,4626.29,0
1538,41886,2025-09-13,Shopping,308.75,0
1539,42539,2025-02-03,Utilities,4191.68,0
1540,28747,2025-02-16,Fuel,545.83,0
1541,48050,2023-07-20,ATM Withdrawal,300.74,0
1542,37089,2022-04-09,Fuel,292.45,0
1543,53948,2018-03-23,Salary Credit,2674.58,0
1544,10630,2023-05-20,Rent,3561.17,0
1545,1645,2021-07-04,Fuel,1418.32,0
1546,47456,2025-12-21,Rent,2158.8,0
1547,47792,2018-01-02,Shopping,1082.25,0
1548,39820,2023-02-01,Entertainment,11455.78,0
1549,47759,2020-12-07,Salary Credit,1060.73,0
1550,56653,2023-04-12,Insurance,7968.43,0
1551,3917,2018-01-29,Salary Credit,1405.89,0
1552,28507,2021-07-15,Travel,3104.81,0
1553,6580,2020-12-19,Salary Credit,852.57,0
1554,37923,2023-09-03,Rent,587.23,0
1555,56611,2026-06-28,Salary Credit,1593.2,0
1556,27324,2019-12-21,ATM Withdrawal,1542.13,0
1557,8107,2021-09-15,Entertainment,328.61,0
1558,1548,2020-07-02,Healthcare,5714.33,0
1559,29048,2020-12-25,Shopping,482.47,0
1560,55259,2020-01-30,Dining,2345.18,0
1561,61481,2022-08-18,Dining,1893.1,0
1562,35648,2022-10-26,Insurance,1518.61,0
1563,17375,2024-02-16,Healthcare,1902.59,0
1564,36715,2021-06-07,Utilities,214.6,0
1565,64611,2024-04-07,Shopping,4517.15,0
1566,47476,2018-09-15,Salary Credit,2761.7,0
1567,53012,2026-03-10,Utilities,2612.02,0
1568,43023,2025-07-03,Fund Transfer,1530.57,0
1569,28546,2020-05-17,Entertainment,204.2,0
1570,61001,2025-06-09,Salary Credit,810.88,0
1571,43823,2024-05-05,Rent,1931.87,0
1572,38218,2021-07-04,Groceries,715.41,0
1573,22635,2026-01-12,Groceries,461.55,0
1574,64197,2026-02-26,ATM Withdrawal,2646.72,0
1575,53482,2026-03-20,Shopping,343.62,0
1576,7318,2023-12-02,Healthcare,3295.64,0
1577,7175,2023-12-24,Rent,2398.68,0
1578,23207,2018-04-04,ATM Withdrawal,1247.53,0
1579,34665,2023-03-05,Education,5762.85,0
1580,35763,2022-01-26,ATM Withdrawal,945.08,0
1581,12919,2021-05-01,Rent,2161.46,0
1582,56160,2022-08-09,Groceries,1081.88,0
1583,63884,2025-09-15,Shopping,2569.94,0
1584,44738,2018-06-19,Salary Credit,2664.54,0
1585,30161,2024-12-30,Education,50.6,0
1586,44034,2024-08-20,Healthcare,474.23,0
1587,36805,2026-05-21,Healthcare,295.58,0
1588,6354,2023-02-26,Shopping,588.75,0
1589,21641,2019-05-04,Shopping,97.28,0
1590,63416,2024-09-16,Entertainment,3345.95,0
1591,28373,2025-10-06,Utilities,963.81,0
1592,17071,2026-03-28,Utilities,877.74,0
1593,61582,2020-11-11,Fund Transfer,2628.91,0
1594,34655,2022-03-16,ATM Withdrawal,2667.2,0
1595,2391,2021-10-16,Entertainment,2742.36,0
1596,61969,2018-12-04,Insurance,376.84,0
1597,60729,2025-04-29,Travel,563.37,0
1598,4160,2025-04-06,Fuel,142.27,0
1599,13405,2020-03-26,Rent,931.08,0
1600,17113,2024-03-21,Healthcare,1755.25,0
1601,29991,2022-01-11,Healthcare,397.68,0
1602,32015,2023-01-29,Fuel,5707.94,0
1603,29224,2026-04-13,Shopping,2317.25,0
1604,43852,2018-06-30,Insurance,2893.13,0
1605,60430,2018-10-14,Fund Transfer,1662.37,0
1606,32838,2019-08-16,ATM Withdrawal,613.44,0
1607,20511,2024-06-15,Salary Credit,4617.61,0
1608,38554,2022-10-07,Groceries,681.12,0
1609,53436,2026-06-02,Education,1073.61,0
1610,33581,2021-08-25,Dining,1134.93,0
1611,34687,2018-04-15,Shopping,2533.18,0
1612,63207,2019-03-11,Rent,376.01,0
1613,14626,2022-08-31,Insurance,547.37,0
1614,32711,2021-06-11,Education,1692.69,0
1615,42726,2022-08-19,Shopping,2233.99,0
1616,40581,2021-03-16,Fund Transfer,2445.07,0
1617,36314,2023-01-19,Travel,845.33,0
1618,46124,2021-11-10,Insurance,502.95,0
1619,33471,2021-04-23,Rent,504.05,0
1620,4981,2021-11-18,Fuel,3046.5,0
1621,55558,2026-01-30,Travel,1917.21,0
1622,27072,2025-09-09,Fund Transfer,1860.3,0
1623,183,2020-07-13,Rent,2781.43,0
1624,60053,2022-03-04,Education,5720.88,0
1625,48606,2025-05-07,Utilities,800.24,0
1626,48472,2024-04-15,Dining,6044.22,0
1627,54048,2020-01-30,ATM Withdrawal,3698.51,0
1628,8114,2022-02-13,ATM Withdrawal,2772.75,0
1629,61936,2022-01-13,Healthcare,6919.17,0
1630,34577,2025-01-01,Education,306.41,0
1631,22214,2019-07-29,Groceries,710.95,0
1632,28799,2018-03-25,Insurance,119.56,0
1633,48915,2023-09-15,Fuel,213.69,0
1634,45332,2024-05-30,Travel,1178.2,0
1635,21970,2025-03-19,Fuel,2451.19,0
1636,41990,2021-10-11,Fuel,2082.06,0
1637,33569,2018-03-07,Groceries,285.52,0
1638,12700,2026-01-14,Education,53.0,0
1639,16502,2022-11-04,ATM Withdrawal,1074.66,0
1640,33810,2021-11-02,Healthcare,1150.4,0
1641,62696,2018-07-30,Travel,1865.79,0
1642,48323,2018-05-22,Groceries,370.49,0
1643,46500,2026-06-17,Dining,553.5,0
1644,7104,2020-06-19,Fund Transfer,3466.26,0
1645,11326,2021-12-24,Insurance,5032.15,0
1646,60418,2024-11-07,Insurance,2453.12,0
1647,61784,2021-01-28,Insurance,4406.91,0
1648,45534,2024-11-17,Travel,1766.13,0
1649,35910,2019-10-23,Entertainment,96.63,0
1650,61412,2025-11-12,Salary Credit,2143.14,0
1651,45535,2024-02-20,Insurance,443.75,0
1652,26644,2019-10-18,Entertainment,84.53,0
1653,7052,2020-03-18,Fuel,262.06,0
1654,15912,2021-02-10,Travel,2235.71,0
1655,34197,2018-06-18,ATM Withdrawal,1856.93,0
1656,19517,2024-06-10,Healthcare,1113.39,0
1657,29990,2020-04-27,Healthcare,662.6,0
1658,41307,2021-05-30,Education,620.16,0
1659,24517,2019-09-30,Healthcare,3897.23,0
1660,48536,2025-08-14,Rent,5709.33,0
1661,36633,2026-03-27,Insurance,3402.5,0
1662,54500,2021-11-15,Shopping,935.73,0
1663,61836,2021-11-06,Insurance,305.02,0
1664,31977,2021-11-19,Insurance,2863.51,0
1665,56324,2024-03-13,Entertainment,2736.72,0
1666,62357,2021-11-25,Healthcare,6701.13,0
1667,32947,2019-12-07,Salary Credit,3566.05,0
1668,38725,2021-05-02,Utilities,1090.55,0
1669,13379,2018-09-18,Fund Transfer,663.32,0
1670,43860,2023-04-12,Rent,1063.99,0
1671,7373,2023-08-03,Fuel,1051.04,0
1672,52853,2024-02-20,Shopping,2148.76,0
1673,58118,2022-09-22,Entertainment,4809.77,0
1674,34035,2025-11-12,Shopping,1653.1,0
1675,13366,2024-11-10,Groceries,679.55,0
1676,35432,2024-08-26,Entertainment,1228.63,0
1677,14419,2022-06-09,Rent,2162.71,0
1678,58928,2019-08-30,Dining,1813.87,0
1679,20199,2023-05-14,Entertainment,661.18,0
1680,44051,2019-11-05,Fuel,2196.56,0
1681,62629,2024-04-09,Groceries,3195.32,0
1682,44167,2025-12-23,Fuel,700.15,0
1683,32841,2018-03-24,Dining,323.35,0
1684,37249,2023-05-06,Groceries,9595.61,0
1685,41542,2024-07-08,Salary Credit,7025.9,0
1686,11499,2022-06-16,Fuel,1873.15,0
1687,37984,2023-08-06,Healthcare,2139.73,0
1688,15302,2019-05-12,Insurance,3382.8,0
1689,28061,2026-01-05,Salary Credit,307.25,0
1690,47553,2025-08-26,Rent,1942.99,0
1691,18741,2018-08-18,Travel,873.34,0
1692,23992,2022-05-06,Healthcare,1597.26,0
1693,46155,2021-09-05,Shopping,192.5,0
1694,49829,2020-12-06,Salary Credit,1098.8,0
1695,4629,2021-04-06,Healthcare,3632.02,0
1696,4390,2025-04-15,Groceries,2819.95,0
1697,31182,2024-10-21,Groceries,312.04,0
1698,41936,2022-04-24,Shopping,589.08,0
1699,19731,2021-11-03,Fund Transfer,5034.85,0
1700,27985,2018-10-30,ATM Withdrawal,8000.75,0
1701,53294,2024-11-10,Fund Transfer,971.9,0
1702,10622,2024-03-20,Dining,6154.82,0
1703,51700,2019-07-30,ATM Withdrawal,3498.16,0
1704,5456,2019-04-30,Fuel,438.2,0
1705,32617,2024-11-19,Groceries,628.51,0
1706,16497,2020-12-03,Groceries,6245.06,0
1707,1507,2024-09-26,Salary Credit,3427.77,0
1708,59609,2026-04-05,Salary Credit,687.69,0
1709,42480,2024-09-26,Shopping,1222.77,0
1710,2586,2020-04-16,Insurance,2982.89,0
1711,59314,2025-11-02,Shopping,2874.64,0
1712,43836,2022-07-30,ATM Withdrawal,1454.16,0
1713,35322,2025-01-24,Fuel,511.87,0
1714,57987,2021-07-14,Education,686.97,0
1715,15027,2026-05-03,Healthcare,114.4,0
1716,58092,2025-06-13,Insurance,101.54,0
1717,62715,2024-06-23,Insurance,2080.72,0
1718,54213,2018-12-15,Fund Transfer,1746.69,0
1719,53933,2019-12-17,Utilities,13513.1,0
1720,11688,2024-02-26,Fuel,1467.35,0
1721,1586,2020-04-04,Fuel,2601.8,0
1722,52568,2024-02-27,ATM Withdrawal,2372.28,0
1723,53668,2025-08-11,Healthcare,2081.34,0
1724,45564,2025-09-13,Salary Credit,3158.55,0
1725,34828,2018-08-19,Education,454.54,0
1726,20517,2026-05-01,Dining,1042.5,0
1727,4309,2022-09-24,Groceries,4056.81,0
1728,21831,2020-02-26,Education,601.75,0
1729,53839,2021-11-04,Fund Transfer,650.24,0
1730,17235,2020-05-08,Education,2604.51,0
1731,22973,2020-10-21,Entertainment,952.38,0
1732,17995,2026-04-09,Entertainment,1556.67,0
1733,47182,2022-05-07,Entertainment,1213.42,0
1734,20315,2018-08-24,Dining,554.41,0
1735,332,2018-06-20,Insurance,79.93,0
1736,37524,2025-07-03,Shopping,498.74,0
1737,59970,2024-04-01,Entertainment,1822.8,0
1738,37376,2025-07-20,Salary Credit,2186.25,0
1739,59587,2018-11-05,Salary Credit,64.43,0
1740,49141,2020-09-21,Insurance,1217.0,0
1741,51315,2021-10-30,Insurance,372.97,0
1742,41917,2021-01-15,Education,436.77,0
1743,49922,2025-03-15,ATM Withdrawal,1919.12,0
1744,52083,2018-02-09,Salary Credit,4111.8,0
1745,13044,2020-12-31,Dining,508.25,0
1746,63886,2020-09-07,Travel,5559.81,0
1747,12156,2024-01-31,Rent,1288.83,0
1748,46022,2024-04-12,Insurance,341.55,0
1749,12065,2023-12-21,Healthcare,1539.03,0
1750,12389,2026-05-10,Education,1128.95,0
1751,60175,2019-07-13,Fund Transfer,81.93,0
1752,19403,2018-12-24,Fund Transfer,1700.73,0
1753,62691,2024-11-29,Insurance,973.84,0
1754,2678,2018-09-30,Travel,537.6,0
1755,27106,2023-03-01,Dining,1303.13,0
1756,12802,2025-11-26,Entertainment,122.12,0
1757,16240,2024-09-18,Salary Credit,3099.46,0
1758,47118,2022-11-12,Fund Transfer,927.34,0
1759,49242,2021-06-11,ATM Withdrawal,106.07,0
1760,12626,2022-11-04,Groceries,4888.01,0
1761,24358,2025-04-13,Education,113.79,0
1762,11231,2022-05-08,Shopping,2056.06,0
1763,33447,2023-03-08,Rent,111.08,0
1764,22301,2018-09-01,Salary Credit,5432.8,0
1765,3271,2026-01-04,Insurance,432.63,0
1766,15763,2018-09-02,ATM Withdrawal,2408.37,0
1767,48643,2026-03-23,Healthcare,3219.59,0
1768,41491,2018-08-05,Healthcare,2177.41,0
1769,39856,2023-08-17,Education,1174.42,0
1770,49351,2021-08-28,Fuel,1880.81,0
1771,16547,2020-07-26,Dining,2207.04,0
1772,17726,2023-09-27,Fuel,1348.89,0
1773,23933,2018-06-21,Rent,2758.61,0
1774,42070,2018-06-09,Utilities,8038.93,0
1775,37197,2024-08-06,Fuel,1636.07,0
1776,18192,2023-01-17,Salary Credit,179.85,0
1777,45392,2023-06-29,Rent,738.13,0
1778,56414,2023-05-07,Education,382.94,0
1779,57791,2020-10-19,Insurance,1130.38,0
1780,50829,2019-04-23,Dining,409.73,0
1781,5463,2024-10-19,Fund Transfer,488.03,0
1782,7345,2023-04-08,Salary Credit,439.75,0
1783,8188,2024-05-10,Groceries,3900.08,0
1784,41630,2024-03-29,Insurance,93.48,0
1785,19857,2020-09-18,Insurance,2210.63,0
1786,62214,2024-05-21,Shopping,791.22,0
1787,30494,2022-09-11,Entertainment,1883.27,0
1788,49112,2021-03-24,Fuel,841.95,0
1789,12743,2022-05-03,Insurance,332.82,0
1790,63539,2018-03-09,Education,367.36,0
1791,11908,2025-08-02,Utilities,1158.44,0
1792,43557,2020-03-31,ATM Withdrawal,2997.12,0
1793,9514,2021-10-20,Shopping,1286.3,0
1794,60503,2022-04-29,Utilities,1727.83,0
1795,54220,2022-12-12,Utilities,2701.94,0
1796,20335,2023-10-19,Groceries,2961.37,0
1797,55013,2026-03-05,Dining,795.78,0
1798,57643,2026-02-26,Fuel,7667.24,0
1799,52232,2018-10-09,Utilities,1798.57,0
1800,55360,2024-09-05,Travel,3467.18,0
1801,12276,2024-10-14,Healthcare,110.54,0
1802,54982,2019-03-23,Healthcare,206.6,0
1803,37702,2022-03-08,Insurance,1562.45,0
1804,16298,2018-08-25,Travel,349.81,0
1805,45454,2018-06-01,Fuel,2714.86,0
1806,6006,2025-06-11,Groceries,165.37,0
1807,33884,2024-12-26,Insurance,2437.15,0
1808,568,2019-10-28,Fuel,128.65,0
1809,14988,2024-08-12,Healthcare,633.1,0
1810,56601,2020-03-05,Travel,1173.28,0
1811,22184,2021-04-05,Salary Credit,950.11,0
1812,55082,2026-02-28,Education,1635.99,0
1813,52482,2018-09-09,Education,1028.47,0
1814,22684,2021-03-18,Dining,3727.76,0
1815,27859,2023-10-18,ATM Withdrawal,1711.12,0
1816,61078,2018-04-14,Groceries,1287.59,0
1817,4268,2026-03-06,Dining,1352.85,0
1818,33388,2020-04-13,ATM Withdrawal,656.07,0
1819,38487,2019-01-27,Dining,1928.37,0
1820,30099,2022-02-11,Dining,4206.59,0
1821,18176,2025-01-31,Entertainment,1804.03,0
1822,57242,2024-01-21,Entertainment,5584.51,0
1823,61971,2018-04-27,Shopping,924.56,0
1824,28432,2019-08-25,Groceries,3124.14,0
1825,47463,2022-07-11,Travel,912.75,0
1826,2884,2025-07-04,Education,107.07,0
1827,1601,2021-07-31,Insurance,2086.98,0
1828,16437,2020-08-02,Rent,984.0,0
1829,21049,2022-05-30,Travel,368.99,0
1830,32459,2022-01-20,Entertainment,6178.67,0
1831,17088,2025-05-29,Fuel,2036.74,0
1832,21619,2019-02-20,ATM Withdrawal,871.87,0
1833,15229,2025-01-19,Insurance,1489.63,0
1834,63628,2020-06-28,Fund Transfer,442.52,0
1835,3991,2022-10-16,Healthcare,2356.05,0
1836,38931,2025-04-30,Groceries,1265.62,0
1837,977,2019-06-16,Rent,4622.52,0
1838,41381,2018-01-10,Healthcare,793.43,0
1839,42233,2023-11-19,Fund Transfer,829.37,0
1840,39670,2025-09-07,Education,2462.63,0
1841,44348,2024-06-22,ATM Withdrawal,1434.67,0
1842,18706,2023-11-28,Salary Credit,858.62,0
1843,21608,2019-03-01,Insurance,1626.8,0
1844,12189,2023-05-15,Entertainment,1171.0,0
1845,54823,2022-11-25,ATM Withdrawal,63.02,0
1846,6598,2024-11-06,Dining,2057.9,0
1847,20592,2019-10-05,ATM Withdrawal,1498.6,0
1848,11652,2025-02-01,Fund Transfer,1524.64,0
1849,54178,2024-12-06,ATM Withdrawal,1909.38,1
1850,21295,2024-04-03,Dining,1570.27,0
1851,49403,2024-03-02,Insurance,2104.42,0
1852,26449,2022-10-11,Entertainment,497.8,0
1853,57339,2025-07-21,Fund Transfer,80.45,0
1854,56910,2024-04-14,Fund Transfer,830.42,0
1855,34602,2024-07-17,Dining,2692.23,0
1856,29280,2023-12-22,Fund Transfer,408.37,0
1857,37001,2023-06-14,Rent,2143.31,0
1858,53075,2024-04-01,Salary Credit,84.41,0
1859,51591,2023-11-14,Fuel,1654.93,0
1860,45633,2020-05-10,Healthcare,465.97,0
1861,7806,2020-02-18,Utilities,443.81,0
1862,52870,2023-03-07,Entertainment,3030.12,0
1863,29265,2024-06-27,Utilities,4534.63,0
1864,30680,2020-06-06,Fuel,3567.26,0
1865,25381,2025-05-22,Salary Credit,5701.62,0
1866,33701,2018-04-11,Travel,1848.68,0
1867,19499,2020-11-04,Groceries,1886.72,0
1868,63266,2023-01-09,Travel,249.28,0
1869,59677,2018-08-22,Dining,11073.04,0
1870,3108,2024-11-18,Entertainment,372.15,0
1871,62465,2018-08-11,Shopping,300.8,0
1872,60975,2022-02-05,ATM Withdrawal,458.78,0
1873,58462,2024-01-12,ATM Withdrawal,1025.05,0
1874,37663,2022-07-22,Rent,174.21,0
1875,64445,2024-12-18,Rent,6844.38,0
1876,22395,2021-05-09,Rent,6196.49,0
1877,38353,2026-04-28,Shopping,587.11,0
1878,47165,2019-03-02,Salary Credit,103.53,0
1879,64579,2023-10-15,Healthcare,2859.01,0
1880,35156,2021-07-18,Dining,125.43,0
1881,22410,2023-02-21,Fuel,6884.13,0
1882,7359,2022-12-21,Rent,382.31,1
1883,40679,2022-06-20,Rent,2253.38,0
1884,27743,2025-10-16,Fuel,424.99,0
1885,26857,2021-08-11,Fund Transfer,380.88,0
1886,53188,2025-04-09,Education,222.95,0
1887,74,2025-01-01,Fund Transfer,643.28,0
1888,22423,2024-02-12,Salary Credit,3589.95,0
1889,21084,2025-09-21,Groceries,3481.1,0
1890,31072,2023-09-19,Entertainment,1801.21,0
1891,43558,2026-06-20,Insurance,886.04,0
1892,7876,2021-08-01,Entertainment,858.86,0
1893,64623,2024-04-03,Fund Transfer,614.11,0
1894,19285,2024-06-30,Entertainment,367.2,0
1895,27062,2018-10-09,Salary Credit,2005.07,0
1896,32803,2021-12-08,ATM Withdrawal,272.76,0
1897,33872,2022-02-20,ATM Withdrawal,4393.89,0
1898,49907,2018-02-08,Education,600.41,0
1899,11581,2026-04-13,Utilities,5287.52,0
1900,9533,2022-03-03,Salary Credit,2210.57,0
1901,33713,2024-07-13,Insurance,1789.09,0
1902,51398,2025-04-05,Groceries,1785.85,0
1903,16788,2020-10-16,Fuel,73.54,0
1904,53230,2020-06-05,Healthcare,107.12,0
1905,30479,2024-02-23,Fund Transfer,2049.99,0
1906,1284,2021-06-14,Dining,81.6,0
1907,56047,2019-08-23,Insurance,1767.74,0
1908,17918,2020-04-24,Entertainment,922.48,0
1909,46477,2025-09-27,Insurance,648.18,0
1910,64803,2021-04-27,Education,2331.92,0
1911,50144,2024-02-04,Fund Transfer,272.43,0
1912,52192,2018-04-06,Dining,1090.84,0
1913,11052,2026-04-14,Rent,984.86,0
1914,53215,2024-01-14,Education,445.15,0
1915,1780,2020-02-25,Shopping,6994.93,0
1916,12546,2025-12-15,Insurance,2951.29,0
1917,40109,2019-06-22,Rent,913.24,0
1918,58581,2021-04-20,ATM Withdrawal,4074.97,0
1919,63113,2018-10-30,Fund Transfer,2813.07,0
1920,40120,2024-11-07,Dining,2636.99,0
1921,55579,2019-09-26,Salary Credit,110.69,0
1922,23248,2018-10-17,Travel,2113.1,0
1923,4222,2025-07-24,Dining,1503.17,0
1924,37042,2026-01-02,Salary Credit,353.72,0
1925,2532,2023-04-27,Education,212.55,0
1926,57253,2024-06-23,Education,1941.18,0
1927,14064,2023-11-13,Shopping,127.1,0
1928,36581,2023-01-23,Dining,7384.71,0
1929,53815,2025-08-31,Education,798.76,0
1930,24490,2025-03-04,Shopping,1233.69,0
1931,6057,2018-04-11,Rent,1200.16,0
1932,64824,2018-06-11,Rent,1042.69,0
1933,8811,2026-06-24,Travel,2555.29,0
1934,5474,2021-04-12,Utilities,957.12,0
1935,3207,2025-08-21,Fuel,2429.17,0
1936,4146,2020-12-03,Salary Credit,9336.61,0
1937,35245,2024-12-14,Dining,329.41,0
1938,12012,2021-06-05,Shopping,592.34,0
1939,33929,2020-04-10,Rent,78.74,1
1940,31982,2021-02-01,Fuel,5721.08,0
1941,9446,2024-04-13,Groceries,5116.62,0
1942,22929,2019-06-16,Healthcare,231.54,0
1943,7447,2019-09-14,Entertainment,199.38,0
1944,61283,2019-09-28,Fund Transfer,616.71,0
1945,36028,2021-01-17,Entertainment,691.0,0
1946,369,2023-06-17,Travel,2370.88,0
1947,37594,2019-11-20,Healthcare,50.6,0
1948,1981,2025-09-13,Insurance,944.63,0
1949,38748,2019-03-09,Rent,3648.61,0
1950,46631,2024-07-28,Rent,154.28,0
1951,8726,2020-04-09,Entertainment,4481.35,0
1952,26041,2025-12-01,Shopping,460.17,0
1953,56739,2019-11-17,Education,2443.87,0
1954,819,2025-11-19,Travel,3600.54,0
1955,18603,2021-11-24,Healthcare,162.12,0
1956,39842,2023-03-22,Shopping,413.82,0
1957,20349,2021-08-02,Fuel,512.19,0
1958,38065,2018-03-05,Utilities,457.46,0
1959,54186,2025-04-15,Rent,752.91,0
1960,23292,2020-02-08,ATM Withdrawal,4391.21,0
1961,46816,2022-01-08,ATM Withdrawal,291.52,0
1962,26657,2022-10-24,Insurance,209.2,0
1963,24846,2026-02-28,Groceries,467.37,0
1964,30071,2023-07-29,Insurance,2104.85,0
1965,55475,2026-06-21,Utilities,3301.61,0
1966,47552,2020-04-02,Shopping,1187.2,0
1967,36077,2024-01-20,ATM Withdrawal,1008.68,0
1968,18391,2019-05-13,Utilities,290.77,0
1969,26746,2026-02-12,Travel,1745.28,0
1970,42452,2026-05-17,Salary Credit,284.34,0
1971,1887,2025-03-15,Shopping,2441.24,0
1972,16669,2018-07-25,Healthcare,500.08,0
1973,28287,2019-07-14,Utilities,4907.51,0
1974,12459,2025-11-27,Dining,368.27,0
1975,64215,2021-08-20,Shopping,2320.72,0
1976,55475,2025-11-07,Salary Credit,885.82,0
1977,46234,2019-06-16,Rent,2277.14,0
1978,55251,2023-11-23,Fund Transfer,681.37,0
1979,7087,2023-08-06,Travel,814.42,0
1980,21534,2021-10-13,Education,273.46,0
1981,13465,2019-09-07,Entertainment,2517.88,0
1982,33570,2025-12-16,ATM Withdrawal,2026.87,0
1983,14613,2024-03-19,Shopping,83.53,0
1984,15320,2018-10-07,Dining,544.49,0
1985,330,2026-01-22,Entertainment,1477.05,0
1986,58342,2025-03-28,ATM Withdrawal,9223.4,0
1987,61986,2025-11-25,Rent,695.81,0
1988,21267,2022-09-21,Salary Credit,160.49,0
1989,17042,2025-09-24,Travel,4246.49,0
1990,39478,2019-05-17,Fuel,2539.21,0
1991,11277,2021-11-20,Insurance,7057.65,0
1992,1738,2025-04-19,Salary Credit,483.29,0
1993,48970,2020-11-24,Insurance,723.68,0
1994,32640,2026-05-15,Fuel,1868.62,0
1995,27824,2024-07-13,Insurance,1260.42,0
1996,23191,2026-01-29,Utilities,322.91,0
1997,40174,2020-01-26,Fund Transfer,1378.58,0
1998,60807,2023-05-23,Groceries,3115.44,0
1999,25370,2026-03-07,Dining,1412.23,0
2000,43117,2021-11-22,Insurance,116.4,0
2001,41047,2023-09-21,Groceries,1060.34,0
2002,2754,2024-07-13,Salary Credit,413.38,0
2003,60791,2025-12-19,Travel,585.19,0
2004,36314,2018-07-09,Fund Transfer,155.8,0
2005,35920,2019-12-26,Education,8642.12,0
2006,38348,2018-07-14,ATM Withdrawal,768.4,0
2007,12781,2021-03-23,Education,123.0,0
2008,24468,2018-07-10,Dining,1991.84,0
2009,45685,2023-03-26,Education,1485.14,0
2010,20156,2025-11-25,Dining,1054.26,0
2011,5156,2019-05-28,Dining,1007.42,0
2012,33893,2018-08-23,Fuel,726.85,0
2013,38909,2022-10-24,Insurance,2553.52,0
2014,34194,2018-01-21,Rent,595.62,0
2015,11973,2021-03-11,Dining,3985.81,0
2016,15063,2020-06-03,Entertainment,5173.84,0
2017,33500,2020-10-28,Insurance,2898.3,0
2018,58191,2022-09-20,Healthcare,999.38,0
2019,57343,2026-03-25,Fund Transfer,981.14,0
2020,61,2020-11-13,Fund Transfer,1354.41,0
2021,8463,2025-04-28,Dining,2844.72,0
2022,15100,2025-08-17,Salary Credit,2216.08,0
2023,6508,2024-09-07,Fuel,1591.56,0
2024,17734,2024-10-23,Education,563.87,0
2025,33373,2025-03-24,Education,325.8,0
2026,26788,2024-04-04,Travel,1464.4,0
2027,39343,2025-02-05,Entertainment,1357.05,0
2028,8717,2023-07-05,Entertainment,7782.36,0
2029,36932,2018-10-04,Salary Credit,1883.2,0
2030,25591,2019-11-02,Insurance,842.47,0
2031,24805,2021-04-16,Rent,998.92,0
2032,40510,2025-05-20,Fuel,555.77,0
2033,14066,2020-10-23,Fuel,235.66,0
2034,1216,2023-04-14,Entertainment,858.2,0
2035,25852,2021-11-17,Travel,290.95,0
2036,32199,2022-12-12,Dining,58.31,0
2037,14303,2021-03-17,Healthcare,1750.17,0
2038,9019,2018-10-31,Salary Credit,2393.44,0
2039,26679,2019-01-10,Insurance,802.86,0
2040,28500,2019-12-05,Insurance,6049.13,0
2041,35773,2024-10-27,Entertainment,1338.44,0
2042,2469,2021-05-26,Salary Credit,2729.95,0
2043,51607,2024-08-08,Utilities,1273.93,0
2044,20447,2022-07-07,ATM Withdrawal,166.26,0
2045,56912,2024-01-04,Shopping,953.01,0
2046,31080,2026-02-09,Salary Credit,1616.78,0
2047,54683,2021-08-04,Entertainment,1233.03,0
2048,36677,2018-12-27,Healthcare,195.26,0
2049,56325,2021-02-08,Utilities,4531.39,0
2050,53938,2020-01-24,Rent,1555.57,0
2051,47573,2025-10-10,Healthcare,840.75,0
2052,37154,2026-03-19,Healthcare,584.35,0
2053,57180,2024-01-20,Healthcare,1255.23,0
2054,7509,2023-05-04,Rent,1019.32,0
2055,27641,2021-10-02,ATM Withdrawal,1132.29,0
2056,46675,2024-06-10,Education,536.68,0
2057,12411,2019-01-03,Insurance,1887.65,0
2058,19283,2024-12-08,Education,1078.73,0
2059,61410,2024-05-22,Education,3869.06,0
2060,12877,2019-08-10,Entertainment,148.97,0
2061,22037,2018-06-06,Shopping,545.51,0
2062,61866,2023-05-10,Insurance,3321.36,0
2063,62866,2019-11-04,Entertainment,86.21,0
2064,13461,2019-02-19,Entertainment,5401.91,0
2065,12019,2022-05-28,Entertainment,899.87,0
2066,27340,2021-06-16,Healthcare,333.39,0
2067,52472,2018-02-13,Groceries,70.48,0
2068,39314,2019-08-28,Entertainment,336.53,0
2069,24365,2024-11-15,ATM Withdrawal,2903.08,0
2070,2910,2024-04-01,Utilities,1073.42,0
2071,61724,2025-05-27,Shopping,79.38,0
2072,9789,2018-08-01,Fuel,3045.31,0
2073,30094,2020-01-06,Fuel,1760.29,0
2074,29074,2025-03-04,Dining,2296.4,0
2075,42240,2019-03-14,Utilities,885.02,0
2076,22818,2020-02-14,Salary Credit,490.57,0
2077,35301,2018-03-11,Travel,708.06,0
2078,15544,2019-12-11,Entertainment,707.12,0
2079,9193,2025-02-18,Fund Transfer,241.5,0
2080,8762,2024-02-16,Travel,2874.92,0
2081,1481,2022-03-01,Shopping,429.34,0
2082,28949,2023-11-23,Dining,4266.35,0
2083,8020,2020-03-20,Salary Credit,1725.69,0
2084,32500,2021-05-06,Dining,645.06,0
2085,12705,2022-05-18,Fuel,294.0,0
2086,20475,2025-02-19,Rent,2789.53,0
2087,33185,2023-09-20,Healthcare,1313.65,0
2088,59168,2023-11-18,Fuel,885.41,0
2089,24564,2019-02-09,Travel,278.16,0
2090,40555,2018-09-23,Rent,964.92,0
2091,34020,2026-03-05,Healthcare,351.64,0
2092,32450,2023-11-01,Healthcare,1605.83,0
2093,11818,2022-08-14,Salary Credit,180.1,0
2094,21509,2023-06-28,Fund Transfer,547.9,0
2095,61760,2023-12-16,Education,355.58,0
2096,9990,2025-02-09,Healthcare,709.87,0
2097,2779,2020-03-06,Utilities,326.1,0
2098,26549,2022-01-09,Entertainment,2569.06,0
2099,20616,2021-02-13,Groceries,619.01,0
2100,51499,2025-04-14,Salary Credit,206.55,0
2101,18446,2023-02-08,Groceries,429.84,0
2102,2142,2019-02-21,Utilities,175.42,0
2103,7117,2025-11-22,Shopping,1556.07,0
2104,22528,2020-07-06,Travel,903.91,0
2105,23182,2018-01-21,Rent,4330.87,0
2106,34101,2024-03-06,ATM Withdrawal,1096.67,0
2107,38394,2019-11-02,Groceries,75.66,0
2108,5964,2021-05-08,Rent,827.34,0
2109,20188,2020-11-09,Education,151.59,0
2110,34352,2018-09-19,Utilities,2970.2,0
2111,36792,2020-03-03,ATM Withdrawal,4892.32,0
2112,56460,2018-03-19,Insurance,4988.37,0
2113,50591,2021-11-11,Travel,946.31,0
2114,24023,2018-11-16,Fuel,529.79,0
2115,2016,2020-12-11,Healthcare,4035.97,0
2116,14827,2022-06-24,ATM Withdrawal,2835.82,0
2117,20167,2025-07-15,Travel,798.02,0
2118,58223,2019-05-23,Education,1646.31,0
2119,14682,2026-02-15,Dining,1998.95,0
2120,26382,2022-04-09,Travel,154.15,0
2121,64825,2024-07-08,ATM Withdrawal,4953.95,0
2122,61484,2025-01-08,Entertainment,1519.91,0
2123,20685,2019-01-25,Shopping,1947.61,0
2124,35558,2025-07-19,Entertainment,949.02,0
2125,105,2021-10-10,Fuel,645.61,0
2126,20291,2021-09-18,Healthcare,2540.57,0
2127,45945,2026-03-20,Insurance,868.39,0
2128,43929,2021-01-23,Groceries,807.74,0
2129,42173,2023-10-17,Utilities,3758.53,0
2130,29733,2022-07-07,ATM Withdrawal,1660.79,0
2131,28142,2023-05-05,Education,272.13,0
2132,23365,2024-07-26,ATM Withdrawal,205.28,0
2133,57275,2025-08-14,Groceries,2333.6,0
2134,13368,2024-12-11,Dining,146.95,0
2135,26572,2020-05-11,Healthcare,1517.96,0
2136,42626,2020-08-29,Education,6817.23,0
2137,47648,2019-11-23,Rent,207.87,0
2138,6240,2019-08-12,Entertainment,3044.48,0
2139,9423,2018-06-06,Utilities,1744.11,0
2140,14516,2022-04-20,Insurance,1378.98,0
2141,14195,2025-11-27,Fuel,1665.06,0
2142,53404,2023-12-29,Utilities,1005.86,0
2143,20450,2024-03-16,Salary Credit,389.87,0
2144,40213,2026-04-22,Shopping,1483.79,0
2145,39480,2020-05-30,Insurance,520.83,0
2146,35500,2020-10-05,Insurance,127.74,0
2147,10013,2021-04-23,Insurance,10668.91,0
2148,7208,2022-03-21,Insurance,1508.75,0
2149,12359,2020-11-20,Fuel,688.1,0
2150,30276,2022-06-15,Groceries,1666.99,0
2151,36809,2022-11-20,Entertainment,2353.74,0
2152,14188,2018-04-11,Shopping,1139.35,0
2153,50330,2020-01-14,Groceries,642.52,0
2154,1737,2022-08-16,Fund Transfer,1803.85,0
2155,62813,2019-02-20,Healthcare,3172.5,0
2156,21145,2023-10-01,Salary Credit,2638.43,0
2157,51900,2024-02-28,ATM Withdrawal,2122.47,0
2158,21383,2023-09-05,Healthcare,643.41,0
2159,30878,2025-07-02,Fund Transfer,68.27,0
2160,13871,2019-10-20,Fund Transfer,1774.98,0
2161,15511,2023-08-13,Education,2067.42,0
2162,24458,2020-02-28,Fuel,1668.75,0
2163,51435,2025-01-28,Utilities,1269.74,0
2164,2869,2018-03-22,Healthcare,1335.81,0
2165,30313,2021-08-28,Groceries,6036.14,0
2166,39132,2019-04-11,Salary Credit,1515.26,0
2167,48576,2022-07-14,Utilities,1960.15,0
2168,40698,2019-08-10,Healthcare,411.58,0
2169,59490,2026-03-28,Travel,980.65,0
2170,16738,2025-11-01,Insurance,2269.74,0
2171,61520,2022-10-08,Insurance,718.83,0
2172,62743,2023-09-12,Insurance,841.07,0
2173,5966,2019-08-25,Groceries,474.99,0
2174,46863,2023-11-28,Rent,766.44,0
2175,27017,2019-02-08,Entertainment,408.78,0
2176,20939,2026-03-16,Salary Credit,4064.99,0
2177,20283,2019-03-08,Fuel,543.22,0
2178,44623,2025-06-27,Rent,3033.33,0
2179,23107,2018-08-16,Healthcare,379.82,0
2180,41539,2019-10-11,Fuel,2715.1,0
2181,23343,2024-04-29,Groceries,387.47,0
2182,6362,2022-12-17,Fund Transfer,2902.41,0
2183,19773,2023-06-01,Utilities,1150.38,0
2184,31400,2022-08-26,Groceries,2712.97,0
2185,52001,2023-04-18,Shopping,486.7,0
2186,59138,2024-04-02,Dining,3829.85,0
2187,56489,2025-04-25,Shopping,9786.92,0
2188,20012,2020-11-09,Dining,2228.35,0
2189,43918,2026-02-28,Shopping,126.02,0
2190,49760,2025-08-18,Entertainment,232.59,0
2191,2499,2020-07-17,Dining,601.97,0
2192,46379,2026-02-11,Dining,259.28,0
2193,20872,2023-09-30,Groceries,8447.98,0
2194,44523,2021-06-02,ATM Withdrawal,2206.48,0
2195,14192,2018-07-04,Salary Credit,1185.99,0
2196,3844,2019-05-20,Healthcare,384.0,0
2197,10231,2026-02-17,Shopping,2719.03,0
2198,58242,2025-10-15,ATM Withdrawal,297.03,0
2199,26614,2024-12-06,Entertainment,2504.9,0
2200,20227,2018-12-23,Rent,243.67,0
2201,61699,2018-08-06,Fund Transfer,504.36,0
2202,61950,2022-01-17,Entertainment,4103.49,0
2203,16587,2025-03-27,Shopping,9536.14,0
2204,55892,2026-01-22,Healthcare,664.42,0
2205,34916,2020-09-22,Healthcare,95.41,0
2206,56285,2024-01-10,Dining,810.19,0
2207,61557,2019-06-17,Rent,165.29,0
2208,26170,2020-04-22,Shopping,333.08,0
2209,6593,2023-10-10,Salary Credit,462.69,0
2210,18194,2020-11-19,Groceries,1201.8,0
2211,23944,2025-11-24,Entertainment,4384.1,0
2212,8748,2026-03-25,Fuel,2266.68,0
2213,27417,2022-04-27,Rent,799.53,0
2214,23949,2019-11-11,Utilities,3208.62,0
2215,36072,2021-12-19,Travel,1571.3,0
2216,23937,2018-07-22,Dining,3677.68,0
2217,48123,2023-11-17,Utilities,1291.08,0
2218,33338,2020-06-03,Salary Credit,7081.08,0
2219,24949,2020-12-27,Healthcare,2655.21,0
2220,52790,2020-06-23,Fuel,2240.49,0
2221,10671,2022-09-23,Insurance,2057.3,0
2222,48016,2022-04-17,Dining,521.65,0
2223,46980,2021-06-29,ATM Withdrawal,1338.54,0
2224,57041,2024-12-20,Travel,201.4,0
2225,48939,2024-04-11,Healthcare,973.52,0
2226,50607,2021-03-25,Insurance,1078.03,0
2227,38599,2021-06-09,Insurance,1896.48,0
2228,16375,2023-04-27,Fuel,868.1,0
2229,25641,2025-06-24,Fuel,1119.72,0
2230,63015,2026-02-08,Travel,510.17,0
2231,46125,2024-03-24,Education,1780.77,0
2232,14218,2025-10-10,Fund Transfer,2532.51,0
2233,46879,2018-08-29,Healthcare,1315.18,0
2234,32270,2024-07-25,Education,3774.35,0
2235,27243,2024-12-02,Salary Credit,1944.65,0
2236,2624,2021-11-26,Healthcare,2662.63,0
2237,26539,2018-01-08,ATM Withdrawal,1693.47,0
2238,13401,2022-08-25,Fuel,79.77,0
2239,31618,2023-10-11,Utilities,5516.92,0
2240,1541,2022-10-30,Salary Credit,5376.28,0
2241,46219,2021-09-30,ATM Withdrawal,2540.65,0
2242,50984,2025-04-25,Utilities,720.35,0
2243,24959,2022-03-07,Shopping,886.65,0
2244,42699,2020-03-06,Fuel,1778.14,0
2245,23246,2021-08-17,Salary Credit,5586.11,0
2246,16221,2020-03-20,Insurance,759.52,0
2247,49077,2018-08-06,Dining,526.61,0
2248,20378,2025-01-29,Healthcare,869.71,0
2249,43032,2026-05-13,Education,2620.24,0
2250,54040,2023-03-14,Utilities,5102.54,0
2251,8405,2023-06-17,Dining,4283.79,0
2252,28900,2023-02-13,Fuel,1969.6,0
2253,64400,2019-07-04,Entertainment,833.05,0
2254,54811,2023-03-15,Travel,710.96,0
2255,13752,2020-05-31,Healthcare,805.21,0
2256,16012,2025-11-03,Insurance,1934.48,0
2257,8655,2022-05-11,ATM Withdrawal,369.6,0
2258,33627,2023-01-08,Shopping,712.42,0
2259,35063,2018-12-11,Rent,3706.93,0
2260,35030,2023-03-14,Rent,3123.16,0
2261,43979,2021-06-01,Healthcare,1287.81,0
2262,55359,2025-12-21,Salary Credit,1060.51,0
2263,17911,2025-04-17,Travel,5903.1,0
2264,57249,2019-03-09,Healthcare,1534.57,0
2265,53831,2024-05-31,Fuel,1038.09,0
2266,56422,2021-06-10,Salary Credit,3684.47,0
2267,7713,2022-10-24,Healthcare,858.36,0
2268,23395,2021-01-13,Entertainment,611.85,0
2269,58027,2025-11-26,Rent,342.87,0
2270,22344,2024-11-09,Healthcare,3821.67,0
2271,56297,2018-01-27,Healthcare,2503.92,0
2272,6419,2026-02-04,Shopping,7641.0,0
2273,63733,2020-05-20,Fund Transfer,834.11,0
2274,63812,2020-02-04,Insurance,730.57,0
2275,17764,2022-08-04,Fuel,559.46,1
2276,19367,2026-01-10,Entertainment,1958.28,0
2277,11,2018-11-02,Healthcare,2524.49,0
2278,55622,2020-07-24,Dining,3898.95,0
2279,31020,2023-03-31,Groceries,2613.44,0
2280,49265,2023-10-24,ATM Withdrawal,2791.07,0
2281,4010,2024-05-03,Dining,290.03,0
2282,13687,2018-11-04,Insurance,1395.8,0
2283,32024,2021-05-21,Rent,125.17,0
2284,52021,2019-05-08,Dining,3529.48,0
2285,40160,2019-09-12,Fuel,2632.2,0
2286,59413,2024-08-24,Education,1614.29,0
2287,39113,2018-08-07,Entertainment,1020.68,1
2288,38208,2021-06-20,Dining,2588.32,0
2289,46320,2021-02-10,Salary Credit,64.72,0
2290,56934,2026-02-27,Insurance,121.01,0
2291,37053,2025-03-20,Dining,594.43,0
2292,25993,2024-01-08,Shopping,367.45,0
2293,56856,2023-03-13,Dining,1879.37,0
2294,48189,2023-08-24,Shopping,1770.98,0
2295,119,2020-09-23,Rent,183.31,0
2296,21780,2021-04-23,Groceries,4548.13,0
2297,52213,2023-09-09,Groceries,94.07,0
2298,56613,2023-12-18,Salary Credit,201.6,0
2299,53247,2020-11-22,Utilities,3233.23,0
2300,24749,2025-10-26,Utilities,171.81,0
2301,31808,2025-03-26,Healthcare,530.49,0
2302,47778,2025-05-11,Rent,438.58,0
2303,59803,2023-08-06,Entertainment,2424.13,0
2304,30367,2018-09-22,Shopping,1507.71,0
2305,50149,2018-07-12,Fuel,817.21,0
2306,44992,2024-02-24,Healthcare,2346.16,0
2307,4197,2018-09-02,Utilities,1025.57,0
2308,14079,2022-02-16,Salary Credit,2090.58,0
2309,43299,2024-04-09,Healthcare,711.88,0
2310,47723,2022-11-07,Fuel,194.02,0
2311,37300,2021-03-16,Education,1110.12,0
2312,37850,2021-07-24,Education,1554.32,0
2313,62488,2025-07-30,Education,629.76,0
2314,52831,2024-08-18,ATM Withdrawal,1725.47,0
2315,18624,2023-01-02,Shopping,914.95,0
2316,46694,2018-02-22,Utilities,980.01,0
2317,17054,2023-01-16,ATM Withdrawal,418.15,0
2318,12506,2022-11-07,Groceries,219.15,0
2319,53664,2026-01-05,Education,3423.3,0
2320,26932,2020-10-08,Healthcare,4256.72,0
2321,26829,2018-04-11,Utilities,2385.92,0
2322,1549,2024-11-22,ATM Withdrawal,904.98,0
2323,15179,2023-01-10,Rent,529.94,0
2324,29880,2025-10-27,Insurance,696.27,0
2325,12082,2026-03-24,Rent,1730.67,0
2326,24342,2023-03-13,Fund Transfer,173.72,0
2327,50190,2020-01-31,Entertainment,1413.48,0
2328,23135,2023-06-24,Entertainment,1779.67,0
2329,48028,2025-12-03,Insurance,502.18,0
2330,7290,2026-01-07,Healthcare,1445.76,0
2331,23824,2021-08-23,Fund Transfer,865.43,0
2332,13031,2020-08-31,Utilities,55.04,0
2333,48826,2019-12-08,Travel,2326.5,0
2334,9536,2018-07-09,Travel,88.09,0
2335,15107,2019-10-06,ATM Withdrawal,60.95,0
2336,27577,2018-03-13,Rent,681.09,0
2337,453,2020-05-06,Salary Credit,85.13,0
2338,57059,2021-03-20,Education,3098.46,0
2339,27313,2021-08-31,Healthcare,1003.0,0
2340,23224,2025-08-03,Fund Transfer,305.22,0
2341,25523,2022-05-17,ATM Withdrawal,2269.67,0
2342,12840,2021-10-04,Dining,2570.03,0
2343,58768,2020-09-05,Entertainment,3645.79,0
2344,56621,2024-03-30,Travel,333.64,0
2345,28552,2024-04-02,Rent,525.46,0
2346,63324,2019-01-18,Education,94.61,0
2347,13763,2021-02-04,Utilities,1669.31,0
2348,28968,2018-02-25,Shopping,731.13,0
2349,64619,2025-01-07,Fuel,3263.48,0
2350,50165,2019-02-21,Insurance,379.2,0
2351,64165,2020-03-08,Dining,1367.54,0
2352,13179,2026-01-06,Travel,912.66,0
2353,37488,2020-11-18,Fund Transfer,1231.98,0
2354,601,2020-02-13,Utilities,297.63,0
2355,21650,2020-07-08,Groceries,814.89,0
2356,30392,2022-10-04,Fuel,13683.16,0
2357,28526,2020-02-20,Shopping,992.79,0
2358,62923,2022-01-13,Fund Transfer,4048.03,0
2359,26804,2025-01-15,ATM Withdrawal,873.26,0
2360,59889,2019-12-10,Shopping,757.57,0
2361,11053,2026-01-01,Education,3611.37,0
2362,35190,2025-02-22,ATM Withdrawal,438.75,0
2363,53862,2024-03-14,Entertainment,272.06,0
2364,60731,2025-04-24,Insurance,761.0,0
2365,44215,2018-12-05,Travel,2073.77,0
2366,53632,2022-05-22,Healthcare,414.84,0
2367,48836,2019-12-11,Shopping,174.72,0
2368,19932,2022-03-22,Education,760.05,0
2369,20155,2026-04-09,Utilities,116.55,0
2370,50378,2019-05-06,Entertainment,188.78,0
2371,15975,2023-10-17,Entertainment,6186.36,0
2372,46057,2021-08-16,Entertainment,1524.8,0
2373,7998,2021-09-01,Dining,2919.6,0
2374,30979,2020-06-22,Rent,1999.63,0
2375,22359,2024-03-13,Dining,54.8,0
2376,42819,2020-10-15,ATM Withdrawal,566.47,0
2377,56149,2019-09-15,Entertainment,554.98,0
2378,19614,2025-09-25,Fuel,1626.25,0
2379,15394,2018-02-23,Fund Transfer,3958.17,0
2380,61228,2018-08-23,Salary Credit,369.34,0
2381,59708,2025-08-13,Fuel,1522.6,0
2382,21154,2024-01-20,Insurance,665.45,0
2383,47126,2018-08-15,Utilities,3293.01,0
2384,7256,2018-04-15,Dining,629.95,0
2385,13499,2023-05-18,Groceries,480.72,0
2386,10724,2021-12-28,Shopping,5205.59,0
2387,4461,2022-01-02,Travel,12287.2,0
2388,56165,2021-05-26,Shopping,1721.72,0
2389,60351,2018-06-30,Fund Transfer,1755.44,0
2390,27710,2023-02-18,Fuel,471.56,0
2391,17781,2018-11-24,Shopping,925.43,0
2392,58447,2019-11-20,Dining,965.17,0
2393,40079,2024-05-15,Education,225.13,0
2394,53800,2025-01-12,Education,2324.34,0
2395,39556,2018-10-25,ATM Withdrawal,480.61,0
2396,45633,2019-10-24,Insurance,137.83,0
2397,55128,2025-01-06,Shopping,3876.99,0
2398,14449,2023-01-12,Shopping,673.35,0
2399,8529,2020-09-04,Education,1502.5,0
2400,4815,2021-11-09,Dining,889.35,0
2401,37853,2022-11-24,Education,662.74,0
2402,57989,2018-01-30,Entertainment,3187.49,0
2403,48669,2019-05-25,ATM Withdrawal,2764.69,0
2404,60910,2021-12-08,Utilities,919.8,0
2405,34619,2020-10-07,Education,681.99,0
2406,47399,2019-09-09,Salary Credit,1083.41,0
2407,62463,2024-07-11,Insurance,282.24,0
2408,12621,2019-03-22,Healthcare,1734.6,0
2409,9719,2020-11-05,ATM Withdrawal,2620.22,0
2410,31105,2026-02-03,Dining,452.88,0
2411,40209,2024-05-07,Utilities,2963.37,0
2412,20398,2023-09-26,Utilities,784.91,0
2413,16669,2024-09-27,ATM Withdrawal,1920.71,0
2414,64158,2018-08-24,Fund Transfer,1712.55,0
2415,23576,2025-12-06,Healthcare,1457.9,0
2416,57969,2021-03-24,Utilities,535.17,0
2417,9935,2019-04-06,Shopping,276.18,0
2418,27534,2020-04-11,Education,1438.16,0
2419,30806,2019-11-20,Groceries,1118.45,0
2420,55557,2021-05-21,Healthcare,2102.79,0
2421,34027,2022-07-20,Dining,2768.11,0
2422,51729,2019-07-08,Travel,1878.64,0
2423,17691,2022-06-22,Travel,5878.96,0
2424,20584,2023-10-28,Groceries,1447.39,0
2425,13354,2019-05-08,ATM Withdrawal,3744.65,0
2426,6109,2018-04-27,Healthcare,247.36,0
2427,17259,2024-03-30,Utilities,1380.66,0
2428,53335,2023-04-20,Rent,2748.55,0
2429,25341,2025-04-14,Groceries,266.62,0
2430,1712,2024-04-02,Utilities,226.89,0
2431,19118,2023-06-14,Utilities,114.92,0
2432,11538,2024-08-22,Entertainment,9337.95,0
2433,52438,2021-06-19,Rent,2264.36,0
2434,13973,2023-06-30,Fund Transfer,242.96,0
2435,46740,2019-12-23,Salary Credit,2677.44,0
2436,48414,2018-05-15,Insurance,5952.64,0
2437,29526,2023-09-06,Utilities,2379.85,0
2438,55668,2022-05-27,Entertainment,1890.46,0
2439,24853,2021-01-15,Dining,2700.16,0
2440,1942,2019-07-14,Travel,2549.66,0
2441,61988,2019-07-04,Education,1457.51,0
2442,7435,2026-02-03,Rent,1480.45,0
2443,32742,2019-02-01,Healthcare,4186.94,0
2444,3657,2021-12-23,ATM Withdrawal,2655.9,0
2445,55736,2021-06-17,Shopping,3583.74,0
2446,16305,2022-10-25,Fund Transfer,1142.66,0
2447,41359,2023-11-07,Groceries,592.99,0
2448,8320,2022-11-16,Utilities,1433.78,0
2449,26811,2020-08-15,ATM Withdrawal,538.37,0
2450,46722,2018-06-02,Education,90.45,0
2451,11600,2018-06-16,Insurance,1839.9,0
2452,23359,2018-08-19,Utilities,1786.5,0
2453,35424,2022-06-03,Fund Transfer,213.07,0
2454,4945,2018-07-09,Fund Transfer,519.96,0
2455,22140,2019-06-19,Dining,2564.25,0
2456,47701,2020-10-08,ATM Withdrawal,427.88,0
2457,27775,2021-04-27,Shopping,1321.91,0
2458,26800,2022-08-15,Travel,1219.2,0
2459,33694,2025-11-07,Healthcare,1088.85,0
2460,42354,2020-04-30,Fund Transfer,3995.99,0
2461,61969,2025-09-02,Travel,262.36,0
2462,28899,2023-05-30,Healthcare,788.2,0
2463,2432,2020-06-08,Salary Credit,254.68,0
2464,8388,2024-05-17,Fuel,6377.66,0
2465,9315,2024-02-20,Fund Transfer,312.43,0
2466,47056,2018-07-10,Healthcare,587.5,0
2467,4174,2023-05-14,Groceries,6217.98,0
2468,35409,2025-01-11,Insurance,752.15,0
2469,63266,2024-10-28,Fund Transfer,71.46,0
2470,3681,2020-04-27,Entertainment,550.69,0
2471,305,2020-03-25,Groceries,251.71,0
2472,29467,2021-12-22,Travel,4572.04,0
2473,5536,2024-08-01,Groceries,396.62,0
2474,40779,2023-01-01,Entertainment,140.36,0
2475,19390,2022-02-12,Salary Credit,941.43,0
2476,22227,2026-04-09,Fuel,3339.14,0
2477,28901,2026-05-19,Rent,927.63,0
2478,32570,2023-02-16,ATM Withdrawal,537.37,0
2479,34030,2019-05-23,Education,2128.76,0
2480,21176,2021-02-26,Dining,1138.4,0
2481,34103,2020-02-27,Dining,3124.96,0
2482,42825,2019-12-02,Groceries,845.55,0
2483,23872,2020-06-08,Dining,482.39,0
2484,6728,2018-06-26,Entertainment,335.48,0
2485,36153,2025-03-24,Fuel,82.96,0
2486,40036,2023-06-18,Insurance,307.39,0
2487,37975,2019-07-08,Travel,4434.93,0
2488,23000,2019-08-03,Shopping,1969.99,0
2489,229,2023-10-28,Utilities,613.58,0
2490,34964,2025-12-25,Education,1827.86,0
2491,64983,2018-01-31,ATM Withdrawal,179.55,0
2492,17546,2026-02-15,Groceries,2245.83,0
2493,2361,2018-10-05,Groceries,1399.99,0
2494,23666,2025-10-25,Insurance,3966.81,0
2495,31717,2025-07-17,Dining,168.81,0
2496,29480,2025-11-22,Shopping,6433.55,0
2497,33177,2024-03-02,Fund Transfer,1983.96,0
2498,5456,2024-03-29,Travel,353.21,0
2499,16260,2025-04-21,Rent,1376.27,0
2500,44718,2024-01-23,Healthcare,3095.78,0
2501,25657,2020-01-28,Groceries,329.04,0
2502,1959,2024-01-02,Fuel,130.92,0
2503,13271,2018-03-05,Groceries,332.58,0
2504,64043,2026-03-12,Dining,2446.57,0
2505,59111,2024-09-04,Fund Transfer,4458.79,0
2506,39173,2026-05-08,Salary Credit,1672.52,0
2507,18670,2025-09-04,Fuel,353.24,0
2508,35305,2024-06-28,Dining,7488.71,0
2509,32385,2022-04-15,Rent,3775.53,0
2510,10921,2023-04-05,Utilities,4018.05,0
2511,51345,2022-11-20,Healthcare,1088.77,0
2512,37415,2020-06-01,Salary Credit,66.49,0
2513,7451,2020-03-15,Education,112.44,0
2514,19955,2024-07-08,Education,147.76,0
2515,21492,2020-10-20,Utilities,1357.95,0
2516,41460,2018-04-30,Education,1724.6,0
2517,241,2025-12-19,Education,3515.71,0
2518,51551,2022-09-25,Insurance,2521.83,0
2519,13092,2024-03-04,Insurance,4753.59,0
2520,49704,2025-03-27,Entertainment,3856.02,0
2521,58494,2018-11-21,Fund Transfer,2500.79,0
2522,14197,2025-12-23,Salary Credit,2644.17,0
2523,22397,2018-02-28,Education,1363.33,0
2524,52825,2022-01-28,Education,2110.6,0
2525,52899,2024-09-13,Utilities,4074.9,0
2526,23037,2019-08-04,Dining,265.29,0
2527,32555,2018-08-09,ATM Withdrawal,638.6,0
2528,9201,2021-12-30,ATM Withdrawal,170.22,0
2529,4007,2024-06-20,Dining,488.4,0
2530,23878,2026-05-07,Education,128.07,0
2531,34045,2023-09-23,Rent,2589.04,0
2532,59243,2023-10-14,Utilities,2000.09,0
2533,47886,2026-03-09,Healthcare,4135.88,0
2534,61052,2022-05-10,Dining,3100.92,0
2535,23460,2020-04-01,ATM Withdrawal,1880.47,0
2536,6920,2021-04-01,Insurance,519.28,0
2537,9114,2018-04-18,Groceries,3907.31,0
2538,60089,2020-12-18,ATM Withdrawal,635.32,0
2539,9283,2018-10-16,Shopping,229.85,0
2540,60823,2021-05-06,Rent,4109.89,0
2541,23775,2024-12-23,Dining,520.75,0
2542,54109,2019-04-04,Fund Transfer,5391.33,0
2543,53416,2021-09-21,Rent,1440.82,0
2544,35883,2019-02-23,Salary Credit,819.42,0
2545,49738,2018-01-04,Insurance,733.96,0
2546,31860,2018-05-19,Education,143.47,0
2547,61416,2023-11-11,ATM Withdrawal,202.6,0
2548,34947,2023-11-17,Entertainment,1781.56,0
2549,54128,2021-09-25,Healthcare,439.8,0
2550,7131,2022-08-12,Insurance,566.32,0
2551,30894,2022-11-18,Dining,838.41,0
2552,11953,2023-02-09,Fund Transfer,424.38,0
2553,27317,2022-07-11,Insurance,64.81,0
2554,11832,2020-06-20,Rent,961.56,0
2555,44650,2018-06-11,Dining,1816.78,0
2556,6681,2026-05-04,Fund Transfer,792.11,0
2557,26159,2019-12-22,Dining,993.16,0
2558,23207,2019-04-08,Dining,1053.83,0
2559,59566,2025-04-14,Dining,984.77,0
2560,48329,2024-04-22,Entertainment,894.4,0
2561,686,2024-04-18,Fuel,1384.5,0
2562,26848,2021-09-29,Groceries,240.02,0
2563,56351,2019-08-20,Salary Credit,1097.34,0
2564,18092,2020-07-03,Fuel,1447.28,0
2565,46104,2021-07-28,ATM Withdrawal,575.38,0
2566,4212,2026-02-19,Fuel,122.22,0
2567,38673,2022-05-09,Fuel,438.32,0
2568,17229,2021-05-10,Utilities,1024.6,0
2569,6192,2018-04-17,Healthcare,1888.97,0
2570,55458,2026-04-07,Insurance,1287.78,0
2571,6647,2023-08-10,Healthcare,521.01,0
2572,61291,2020-12-16,Shopping,2372.27,0
2573,19267,2025-04-22,Insurance,4194.64,0
2574,584,2019-01-07,Travel,834.8,0
2575,967,2024-03-28,Fuel,655.45,0
2576,250,2020-04-27,Entertainment,375.54,0
2577,34329,2025-10-27,Travel,2750.77,0
2578,61852,2019-12-10,Shopping,2871.79,0
2579,17291,2023-10-12,ATM Withdrawal,2303.61,0
2580,56220,2019-06-22,ATM Withdrawal,3465.73,0
2581,49599,2026-06-11,Rent,221.23,0
2582,22172,2021-10-28,Fund Transfer,3903.63,0
2583,4730,2020-05-28,Salary Credit,2856.43,0
2584,48206,2022-10-26,Fuel,2527.93,0
2585,3587,2025-09-21,Education,2741.52,0
2586,21691,2023-09-09,Groceries,835.58,0
2587,34205,2023-09-10,Fuel,1157.73,0
2588,41982,2024-08-25,Salary Credit,2525.77,0
2589,8381,2018-04-30,Utilities,2787.82,0
2590,10041,2020-05-07,Shopping,80.74,0
2591,56872,2018-07-05,Insurance,816.5,0
2592,23253,2020-01-13,Healthcare,1870.8,0
2593,42656,2019-11-02,Healthcare,481.18,0
2594,47649,2023-09-17,Entertainment,2002.41,0
2595,4425,2025-07-27,Shopping,2706.42,0
2596,2699,2019-04-17,Dining,103.44,0
2597,36639,2023-08-21,Groceries,1382.38,0
2598,24968,2022-11-24,Insurance,2948.78,0
2599,3473,2023-09-07,Education,1256.86,0
2600,947,2025-09-27,Education,2689.71,0
2601,53031,2025-01-11,Shopping,1261.0,0
2602,3631,2025-12-04,Education,1912.34,0
2603,59689,2026-01-18,Education,888.88,0
2604,28462,2023-04-10,Rent,1955.23,0
2605,43570,2020-05-28,Fund Transfer,4610.97,0
2606,30535,2019-02-04,Rent,800.22,0
2607,53838,2024-02-23,Rent,1058.36,0
2608,41105,2025-02-16,Shopping,1956.74,0
2609,32830,2023-06-06,Salary Credit,2056.14,0
2610,49805,2025-04-06,Entertainment,3208.98,0
2611,15276,2026-03-27,Groceries,2250.76,0
2612,45515,2023-10-23,Fuel,2569.46,0
2613,32933,2018-08-01,Rent,883.61,0
2614,26971,2023-02-07,Salary Credit,4834.73,0
2615,11221,2023-02-20,Fuel,971.1,0
2616,25161,2020-09-02,Rent,2271.03,0
2617,26065,2018-04-07,ATM Withdrawal,2739.39,0
2618,53173,2024-02-13,Travel,851.74,0
2619,14987,2019-06-07,Fuel,3015.22,0
2620,27340,2019-03-24,Groceries,371.88,0
2621,48330,2018-03-04,ATM Withdrawal,1058.86,0
2622,331,2020-05-13,Education,1686.29,0
2623,6357,2022-03-18,Salary Credit,999.92,0
2624,25794,2018-06-03,Fund Transfer,90.03,0
2625,52657,2024-02-12,Fuel,914.08,0
2626,32695,2019-04-30,Shopping,132.58,0
2627,32182,2019-12-03,Education,4305.26,0
2628,24977,2025-03-26,Salary Credit,2265.73,0
2629,2809,2024-08-08,Rent,271.34,0
2630,35265,2026-03-01,Utilities,4867.82,0
2631,44001,2025-11-17,Utilities,2146.91,0
2632,29716,2019-07-22,Shopping,2185.76,0
2633,34857,2019-12-18,Dining,827.63,0
2634,14198,2023-01-14,Dining,2975.07,0
2635,37504,2019-02-25,Dining,577.86,0
2636,24393,2021-02-27,Utilities,945.23,0
2637,46329,2021-11-01,Shopping,271.39,0
2638,12655,2022-06-15,Healthcare,2552.84,0
2639,39925,2025-04-10,Healthcare,2073.11,0
2640,27603,2021-08-15,Education,63.88,0
2641,61127,2018-11-27,Fund Transfer,4972.42,0
2642,62297,2023-12-31,Fuel,1255.5,0
2643,48447,2025-11-21,Salary Credit,118.95,0
2644,29990,2022-03-16,Fund Transfer,5185.91,0
2645,42262,2024-03-11,Fund Transfer,301.85,0
2646,40468,2021-09-08,Utilities,570.64,0
2647,52348,2019-10-15,Salary Credit,1106.56,0
2648,16204,2021-11-30,Insurance,706.72,0
2649,49249,2021-01-02,Groceries,593.84,0
2650,11618,2018-11-03,Travel,543.73,0
2651,45706,2026-06-08,Healthcare,2031.27,0
2652,51916,2022-07-01,Shopping,116.78,0
2653,57493,2022-08-16,Rent,1978.21,0
2654,49421,2021-01-15,Insurance,2100.2,0
2655,15694,2024-12-01,Education,878.0,0
2656,63458,2024-10-07,ATM Withdrawal,1763.64,0
2657,31760,2024-08-18,Rent,529.36,0
2658,44772,2024-05-15,Fund Transfer,1405.94,0
2659,38026,2019-12-27,Entertainment,6793.54,0
2660,330,2024-09-03,Rent,1163.04,0
2661,55534,2019-01-31,Travel,2437.69,0
2662,28963,2024-06-04,Entertainment,3140.25,0
2663,43697,2024-05-09,Salary Credit,147.64,0
2664,33556,2018-03-21,Fuel,303.85,0
2665,22085,2024-04-02,Groceries,909.46,0
2666,31595,2022-12-21,Fund Transfer,159.29,0
2667,1669,2025-12-05,Fund Transfer,778.49,0
2668,54911,2019-05-14,Rent,104.62,0
2669,13172,2018-03-18,Salary Credit,2945.4,0
2670,42904,2021-05-09,Fund Transfer,6017.39,0
2671,63796,2023-12-08,ATM Withdrawal,3528.92,0
2672,1838,2024-09-08,Insurance,2902.13,0
2673,18728,2019-11-28,Groceries,2218.23,0
2674,27481,2019-03-31,Groceries,1896.51,0
2675,19329,2021-01-10,Shopping,2254.77,0
2676,36439,2021-12-30,Shopping,403.43,0
2677,3724,2019-02-03,Fuel,596.91,0
2678,43825,2021-03-30,Entertainment,1830.4,0
2679,6224,2025-05-24,Fund Transfer,5153.37,0
2680,32666,2024-03-15,Insurance,1198.38,0
2681,19526,2024-03-14,Travel,2660.32,0
2682,35257,2018-05-14,Fund Transfer,2151.53,0
2683,18300,2018-09-03,ATM Withdrawal,3087.49,0
2684,56230,2023-04-06,Fund Transfer,69.34,0
2685,44727,2018-10-21,Fund Transfer,1927.12,0
2686,21371,2026-04-27,Utilities,689.82,0
2687,58316,2021-04-03,Fund Transfer,693.53,0
2688,42563,2018-04-10,Rent,787.18,0
2689,51628,2020-10-10,Fuel,294.38,0
2690,53147,2021-12-03,Travel,4169.83,0
2691,34505,2021-02-03,Travel,2486.29,0
2692,15637,2018-07-12,Dining,1008.0,0
2693,21550,2026-04-08,Education,1095.78,0
2694,17835,2025-08-12,Entertainment,11685.52,0
2695,18073,2020-07-11,Salary Credit,1334.41,0
2696,35264,2023-05-04,Utilities,731.41,0
2697,12835,2022-06-26,Healthcare,1473.08,0
2698,29450,2019-11-20,Dining,182.64,0
2699,25288,2020-02-13,Groceries,1528.61,0
2700,38541,2020-05-12,Insurance,1653.7,0
2701,53202,2025-05-04,Travel,1426.23,0
2702,54549,2023-09-08,ATM Withdrawal,1349.74,0
2703,38855,2023-04-23,Entertainment,1171.76,0
2704,16267,2018-05-01,Groceries,738.78,0
2705,55958,2018-05-16,Travel,2352.5,0
2706,32508,2020-08-26,Entertainment,175.05,0
2707,42462,2023-01-28,Groceries,253.95,0
2708,32076,2021-07-17,Fund Transfer,2027.01,0
2709,14461,2018-08-27,Entertainment,4925.03,0
2710,7861,2018-08-27,Utilities,7421.38,0
2711,23503,2021-10-26,Education,324.8,0
2712,26717,2025-09-12,Salary Credit,2708.05,0
2713,35096,2021-08-05,Shopping,1341.98,0
2714,6714,2019-10-27,ATM Withdrawal,143.13,0
2715,45516,2025-11-08,Fuel,1827.23,0
2716,27599,2024-02-24,Dining,1050.59,0
2717,106,2025-10-31,Rent,116.91,0
2718,50465,2022-01-18,Dining,3363.5,0
2719,42826,2021-03-21,Entertainment,232.43,0
2720,27287,2020-04-17,Entertainment,5758.9,0
2721,18154,2020-05-23,Entertainment,1811.59,0
2722,56269,2018-11-04,Travel,1515.97,0
2723,31538,2018-04-25,Shopping,144.29,0
2724,38566,2019-09-25,Travel,697.65,0
2725,28190,2022-05-19,Rent,182.18,0
2726,63226,2026-05-04,Travel,3589.76,0
2727,26793,2020-12-25,Education,1884.57,0
2728,57146,2023-07-29,Entertainment,1074.69,0
2729,45853,2024-01-24,Utilities,2980.14,0
2730,59777,2024-08-25,Salary Credit,2310.34,1
2731,11402,2023-10-01,Shopping,117.91,0
2732,1686,2022-02-18,Travel,2388.15,0
2733,48159,2024-06-28,Utilities,752.77,0
2734,26971,2020-04-28,Entertainment,630.61,0
2735,43836,2021-02-28,Rent,517.19,0
2736,1583,2019-08-14,Travel,966.48,0
2737,61425,2021-12-29,Healthcare,2674.47,0
2738,64293,2020-02-17,Insurance,2101.09,0
2739,49252,2022-02-02,Rent,4280.61,0
2740,7556,2022-07-16,Dining,575.56,0
2741,27124,2025-05-23,Insurance,3062.64,0
2742,53948,2022-06-15,Travel,543.15,0
2743,45842,2020-08-06,Fuel,232.67,0
2744,6172,2021-03-09,ATM Withdrawal,244.98,0
2745,38195,2021-06-05,Healthcare,543.32,0
2746,2604,2025-11-27,Fuel,3665.94,0
2747,48987,2025-06-28,ATM Withdrawal,2284.11,0
2748,64270,2024-11-30,Shopping,2736.37,0
2749,53247,2022-09-06,Entertainment,4085.06,0
2750,50971,2025-11-22,Dining,2325.02,0
2751,13667,2018-11-08,Entertainment,1964.04,0
2752,50755,2018-09-05,Insurance,296.53,0
2753,5708,2022-12-05,Fund Transfer,4995.91,0
2754,28468,2023-09-27,Fuel,326.74,0
2755,44707,2019-06-13,Groceries,350.47,0
2756,59617,2019-06-18,Insurance,1210.12,0
2757,54514,2019-04-10,Rent,2623.85,0
2758,5040,2024-10-14,Entertainment,610.53,0
2759,55586,2024-09-10,Salary Credit,2645.2,0
2760,10444,2020-03-10,Fuel,3009.57,0
2761,8545,2023-08-16,Dining,730.99,0
2762,62985,2024-04-07,Rent,3581.95,0
2763,53489,2023-03-31,Salary Credit,1588.97,0
2764,16853,2020-03-24,Fund Transfer,3453.67,0
2765,19349,2018-05-10,Shopping,3418.21,0
2766,64998,2022-01-14,Groceries,1544.16,0
2767,44892,2018-11-26,Dining,778.04,0
2768,59642,2020-04-30,Shopping,659.75,0
2769,58133,2026-05-18,Healthcare,348.85,0
2770,32869,2021-01-16,Utilities,1260.04,0
2771,52465,2021-01-19,Education,232.46,0
2772,2744,2020-11-12,Insurance,2545.68,0
2773,36165,2020-02-02,Rent,1002.31,0
2774,54663,2024-05-04,Rent,2292.54,0
2775,54099,2020-12-20,Fund Transfer,377.94,0
2776,4241,2018-05-23,Fuel,1807.69,0
2777,5008,2020-05-08,Travel,288.78,0
2778,50544,2022-02-25,Education,3311.97,0
2779,64194,2022-12-29,Entertainment,1367.86,0
2780,46735,2020-10-14,Groceries,167.81,0
2781,37962,2019-11-25,Shopping,2721.69,0
2782,30412,2020-08-30,Fund Transfer,2182.05,0
2783,29829,2019-11-05,Insurance,2649.31,0
2784,34900,2024-01-07,Rent,392.26,0
2785,40568,2025-11-25,Travel,1556.28,0
2786,23096,2020-09-30,Dining,6857.12,0
2787,8329,2024-12-08,Groceries,309.35,0
2788,50649,2022-03-31,ATM Withdrawal,2308.89,0
2789,37914,2026-04-22,Education,2927.38,0
2790,12624,2020-04-20,Groceries,63.69,0
2791,8424,2020-10-01,Healthcare,2608.71,0
2792,42208,2022-01-11,Fuel,2963.04,0
2793,44224,2024-02-12,Utilities,9137.06,0
2794,60737,2018-11-09,Rent,967.38,0
2795,15271,2019-05-22,Insurance,441.75,0
2796,30802,2020-12-31,Utilities,472.61,0
2797,8669,2018-05-04,Groceries,963.19,0
2798,48945,2026-03-19,Insurance,591.14,0
2799,63639,2021-09-02,ATM Withdrawal,1259.9,0
2800,14912,2021-12-30,Utilities,463.6,0
2801,19934,2023-10-05,Fuel,3754.22,0
2802,56370,2019-12-27,Travel,940.53,0
2803,57944,2024-09-27,Dining,2038.91,0
2804,12073,2020-09-13,Education,2415.91,0
2805,27407,2026-05-02,Fund Transfer,6569.27,0
2806,35731,2025-02-10,ATM Withdrawal,277.08,0
2807,40951,2023-02-13,Healthcare,3476.91,0
2808,52918,2022-11-01,Insurance,661.58,0
2809,58734,2018-10-13,Fund Transfer,2944.23,0
2810,64176,2025-05-19,Fund Transfer,492.76,0
2811,9173,2021-11-21,Dining,207.91,0
2812,9119,2019-06-06,Education,2454.33,0
2813,42079,2019-03-08,Fund Transfer,1410.4,0
2814,48282,2018-12-27,Dining,247.13,0
2815,20917,2021-09-10,Healthcare,2411.73,0
2816,9713,2021-11-19,Shopping,660.38,0
2817,61472,2023-07-16,Insurance,1389.05,0
2818,55438,2021-07-23,Rent,2199.24,0
2819,20684,2020-08-18,Utilities,516.8,0
2820,22675,2020-07-08,Groceries,682.99,0
2821,41622,2019-10-24,ATM Withdrawal,848.66,0
2822,48000,2020-11-04,Rent,296.61,0
2823,32184,2022-05-18,Dining,1076.12,0
2824,17986,2019-09-10,Shopping,531.62,0
2825,20057,2021-05-12,Dining,1202.72,0
2826,9642,2018-11-22,Rent,3714.65,0
2827,19295,2020-10-12,Shopping,314.94,0
2828,15868,2023-07-18,Entertainment,1381.04,0
2829,57476,2021-11-04,Rent,232.5,0
2830,1052,2018-06-24,Fund Transfer,2198.26,0
2831,6767,2023-04-02,Utilities,180.38,0
2832,51517,2019-08-01,Fund Transfer,563.91,0
2833,62660,2020-03-13,Fund Transfer,4882.28,0
2834,34322,2021-08-21,Utilities,535.98,0
2835,26299,2023-10-02,Education,450.52,0
2836,53439,2019-10-30,Fuel,886.61,0
2837,49211,2024-11-26,Shopping,1539.82,0
2838,9299,2022-04-08,Entertainment,2917.61,0
2839,58502,2021-06-19,Groceries,890.2,0
2840,12123,2019-09-11,Utilities,1629.67,0
2841,23117,2018-02-14,Groceries,1935.71,0
2842,63169,2018-09-13,Dining,5970.33,0
2843,31934,2019-04-20,Fund Transfer,692.3,0
2844,8641,2019-02-02,ATM Withdrawal,1257.09,0
2845,24428,2022-09-21,Dining,1572.2,0
2846,27727,2020-07-16,Utilities,3514.25,0
2847,60998,2018-02-24,Dining,502.89,0
2848,27045,2018-07-31,Groceries,2031.05,0
2849,44341,2026-05-01,Fuel,2028.16,0
2850,56321,2018-10-23,Salary Credit,875.53,0
2851,5408,2025-07-28,Insurance,362.71,0
2852,6570,2025-10-04,Rent,856.08,0
2853,53749,2023-08-04,Fund Transfer,363.52,0
2854,56093,2018-08-28,Dining,2054.56,0
2855,23899,2026-01-30,Fuel,346.47,0
2856,11824,2022-10-15,Utilities,685.54,0
2857,27975,2023-05-03,Dining,8609.45,0
2858,25017,2026-01-14,Travel,5022.72,0
2859,64678,2025-11-09,Shopping,1196.59,0
2860,59816,2023-07-18,Salary Credit,697.8,0
2861,49584,2024-03-05,Dining,83.82,0
2862,52567,2020-11-13,Fuel,1097.44,0
2863,23060,2026-04-08,Salary Credit,5534.08,0
2864,51903,2021-10-17,Groceries,645.27,0
2865,11494,2020-01-01,Fuel,613.05,0
2866,43015,2019-04-29,Travel,521.43,0
2867,8759,2018-04-28,Travel,3290.63,0
2868,29795,2026-03-13,Dining,1751.83,0
2869,51560,2021-08-16,Healthcare,3179.65,0
2870,16844,2024-08-31,Shopping,1503.06,0
2871,51154,2022-12-15,Travel,1614.36,0
2872,6509,2024-06-30,Dining,342.02,0
2873,58593,2023-12-17,ATM Withdrawal,8744.68,0
2874,38597,2022-11-28,Education,551.25,0
2875,3895,2020-09-10,Insurance,973.24,0
2876,61757,2020-11-04,Entertainment,668.29,0
2877,23280,2026-06-26,Dining,2443.26,0
2878,45839,2026-03-04,Fund Transfer,1048.27,0
2879,13844,2020-07-10,Salary Credit,2660.89,0
2880,27759,2025-12-08,Healthcare,813.92,0
2881,32543,2022-02-09,ATM Withdrawal,7584.8,0
2882,9244,2019-04-27,Fuel,77.63,0
2883,15643,2021-06-10,Utilities,222.82,0
2884,8822,2023-02-14,Fund Transfer,441.14,0
2885,37703,2018-06-12,Fuel,4449.0,0
2886,20028,2023-08-28,Fund Transfer,940.87,0
2887,604,2023-12-14,Groceries,9924.6,0
2888,64262,2019-02-03,Healthcare,998.71,0
2889,58568,2020-10-27,Salary Credit,2734.64,0
2890,18688,2018-06-01,Dining,122.71,0
2891,45169,2021-10-19,Groceries,202.08,0
2892,24659,2025-08-25,Travel,1317.14,0
2893,10467,2024-01-20,Groceries,1487.86,0
2894,23581,2022-03-10,Shopping,1046.32,0
2895,17634,2021-07-21,Healthcare,3560.86,0
2896,39390,2020-11-13,Education,244.48,0
2897,56989,2022-05-09,Insurance,289.21,0
2898,20147,2025-10-20,Fuel,2054.96,0
2899,56380,2025-12-17,Insurance,181.21,0
2900,43491,2026-01-24,Rent,2939.34,0
2901,62571,2024-04-23,Groceries,903.53,0
2902,49320,2023-10-17,Healthcare,3602.21,0
2903,41685,2019-05-09,Healthcare,968.12,0
2904,5264,2026-03-01,Dining,2170.39,0
2905,44724,2020-04-07,Entertainment,2665.65,0
2906,51858,2024-05-03,Fund Transfer,513.25,0
2907,26168,2022-11-28,Rent,2023.73,0
2908,24310,2021-05-23,Utilities,5958.21,0
2909,36939,2019-05-14,Groceries,1078.22,0
2910,12475,2020-04-12,Healthcare,2015.63,0
2911,60252,2020-10-08,ATM Withdrawal,8338.91,0
2912,2716,2023-01-17,Utilities,284.34,0
2913,58862,2022-04-12,Healthcare,1746.74,0
2914,54009,2021-07-12,Rent,1818.18,0
2915,52754,2018-07-14,Fund Transfer,4608.26,0
2916,16058,2022-10-26,Salary Credit,557.7,0
2917,53385,2021-07-01,Salary Credit,1160.02,0
2918,17592,2025-02-15,Fund Transfer,1201.84,0
2919,2498,2024-01-02,Shopping,1487.86,0
2920,63573,2021-01-24,Utilities,3374.73,0
2921,27939,2020-09-02,Salary Credit,1635.72,0
2922,35411,2024-01-10,Groceries,813.07,0
2923,40730,2024-08-10,Dining,258.83,0
2924,22229,2026-01-11,Rent,489.97,0
2925,25840,2020-09-17,Fund Transfer,1212.23,0
2926,7163,2024-10-30,Healthcare,175.58,0
2927,16887,2018-06-25,Fuel,148.36,0
2928,40294,2019-07-11,Salary Credit,1042.31,0
2929,9727,2025-01-25,Travel,4024.33,0
2930,2944,2025-06-12,Fuel,633.8,0
2931,64640,2024-09-30,Dining,1905.27,0
2932,59881,2018-10-22,Healthcare,1063.87,0
2933,49283,2025-01-28,Utilities,3269.18,0
2934,46934,2021-02-13,Fuel,7677.3,0
2935,36182,2019-02-23,ATM Withdrawal,1672.97,0
2936,7500,2022-05-26,Insurance,981.98,0
2937,26239,2024-10-07,Travel,563.14,0
2938,15681,2020-03-26,Shopping,1526.29,0
2939,62730,2019-03-17,Travel,5972.74,0
2940,86,2021-09-21,Rent,411.58,0
2941,24267,2023-09-17,Dining,647.03,0
2942,20963,2021-08-16,Insurance,1368.19,0
2943,31938,2021-08-05,Rent,1008.6,0
2944,53158,2018-07-08,Insurance,1381.84,0
2945,48836,2025-11-28,Salary Credit,116.97,0
2946,49321,2019-07-23,Dining,3970.98,0
2947,12571,2020-10-10,Utilities,2810.07,0
2948,20985,2019-09-02,Fuel,1083.28,0
2949,16397,2025-09-03,Dining,786.0,0
2950,826,2021-06-03,Groceries,1108.98,0
2951,39892,2020-12-09,Fund Transfer,1695.66,0
2952,51613,2024-05-05,Healthcare,1889.32,0
2953,24246,2026-05-16,Fuel,1727.85,0
2954,29655,2024-12-05,ATM Withdrawal,5800.34,0
2955,61355,2018-10-13,Utilities,1879.29,0
2956,59792,2021-05-02,ATM Withdrawal,2059.79,0
2957,938,2023-09-18,Utilities,102.19,0
2958,51685,2024-10-03,Groceries,495.34,0
2959,37323,2023-03-07,Salary Credit,583.11,0
2960,25132,2019-07-22,Dining,861.51,0
2961,35833,2025-09-22,Shopping,508.49,0
2962,18708,2019-07-28,Travel,4681.56,0
2963,3976,2018-09-15,Travel,2948.49,0
2964,36947,2024-11-03,Dining,249.28,0
2965,42304,2020-05-20,Groceries,2305.51,0
2966,15533,2019-06-27,Fuel,2070.68,0
2967,27842,2018-06-05,ATM Withdrawal,833.31,0
2968,51093,2025-03-19,Fund Transfer,2157.35,0
2969,15247,2018-09-27,Insurance,1708.23,0
2970,50290,2026-03-03,Fund Transfer,1166.26,0
2971,63271,2021-01-10,Travel,311.47,0
2972,60229,2019-01-21,Travel,2158.07,0
2973,56463,2025-09-05,Entertainment,1175.27,0
2974,39669,2019-10-24,Fund Transfer,702.67,0
2975,20771,2025-11-17,Education,528.35,0
2976,39012,2023-01-20,Healthcare,642.42,0
2977,16984,2020-10-26,Rent,1290.82,0
2978,63964,2019-07-20,Fund Transfer,1105.96,0
2979,38968,2023-06-02,Fuel,973.26,0
2980,21663,2021-08-06,Travel,3197.09,0
2981,8042,2022-07-05,Groceries,1129.23,0
2982,29772,2025-07-06,Travel,2507.87,0
2983,14927,2024-06-18,Entertainment,657.3,0
2984,53635,2019-01-03,Salary Credit,582.47,0
2985,29244,2022-11-29,Fuel,1358.84,0
2986,34069,2019-11-20,Groceries,656.75,0
2987,16774,2026-06-28,Education,1688.2,0
2988,38215,2018-06-30,Salary Credit,1651.36,0
2989,38211,2026-01-26,Travel,447.65,0
2990,17198,2024-06-30,Dining,1828.48,0
2991,54043,2018-05-24,Shopping,666.83,0
2992,4028,2022-10-02,Dining,3274.45,0
2993,46446,2023-06-24,Travel,1967.9,0
2994,51349,2025-08-05,Fuel,1856.83,0
2995,1442,2025-05-01,Groceries,1288.48,0
2996,37179,2021-09-19,Shopping,1482.55,0
2997,40855,2022-06-05,Education,338.34,0
2998,55413,2020-05-09,Travel,9258.16,0
2999,42416,2024-10-07,Entertainment,3896.51,0
3000,12700,2024-03-30,Travel,459.86,0
3001,8364,2022-08-14,Healthcare,99.88,0
3002,14688,2023-07-25,Utilities,1226.7,0
3003,59199,2023-02-04,Travel,2596.89,0
3004,36813,2021-08-24,ATM Withdrawal,1974.38,0
3005,31583,2024-08-23,Fund Transfer,5218.78,0
3006,55169,2019-05-30,Shopping,849.31,0
3007,64238,2021-06-22,Entertainment,761.95,0
3008,15503,2024-08-17,Dining,3094.39,0
3009,40192,2018-01-23,Rent,1146.28,0
3010,60626,2021-04-27,Dining,1264.67,0
3011,6205,2019-05-24,Fuel,2264.29,0
3012,60334,2020-11-14,Healthcare,587.41,0
3013,30825,2018-11-26,Fuel,3219.45,0
3014,16479,2024-04-05,Groceries,1596.83,0
3015,50658,2022-02-24,Dining,4340.13,0
3016,35937,2026-02-26,Groceries,499.24,0
3017,48058,2023-05-30,ATM Withdrawal,980.37,0
3018,60793,2021-05-18,Dining,2462.04,0
3019,8428,2024-02-20,Groceries,1240.36,0
3020,51490,2025-07-18,Entertainment,422.57,0
3021,43703,2025-02-07,Utilities,5010.35,0
3022,37212,2018-08-13,Fund Transfer,296.54,0
3023,13914,2020-12-05,Fund Transfer,1679.26,0
3024,13708,2022-10-17,Entertainment,2309.62,0
3025,31338,2018-09-05,Salary Credit,1726.61,0
3026,58126,2019-09-10,Shopping,5152.92,0
3027,18551,2024-08-18,Rent,2241.27,0
3028,11526,2024-07-09,Utilities,4450.94,0
3029,3605,2018-08-01,Travel,3938.28,0
3030,52675,2020-08-19,Utilities,210.31,0
3031,19709,2021-07-20,Dining,2151.75,0
3032,5452,2021-06-16,Salary Credit,2858.08,0
3033,17306,2020-02-28,Shopping,4756.93,0
3034,40317,2024-06-23,Entertainment,3371.34,0
3035,33798,2018-03-02,Utilities,3686.19,0
3036,45017,2022-02-26,Rent,1222.48,0
3037,33698,2022-04-20,Rent,2120.88,0
3038,54217,2022-03-07,Healthcare,1943.56,0
3039,53113,2026-06-30,Travel,2565.69,0
3040,45200,2021-08-12,Shopping,8003.58,0
3041,39985,2021-07-16,ATM Withdrawal,1225.41,0
3042,23650,2019-11-27,Fuel,616.48,0
3043,23849,2023-08-14,Travel,1719.03,0
3044,13574,2023-09-17,Rent,421.78,0
3045,51117,2020-08-18,Education,784.45,0
3046,51227,2023-06-04,Travel,334.58,0
3047,13184,2022-09-07,Utilities,827.43,0
3048,12522,2022-08-09,Education,1072.81,0
3049,56267,2024-07-23,Groceries,85.92,0
3050,5240,2024-02-08,Fuel,182.15,0
3051,54834,2018-05-09,ATM Withdrawal,2183.89,0
3052,4781,2018-10-26,Healthcare,87.62,0
3053,18393,2025-07-02,Education,378.7,0
3054,34743,2021-03-08,Fund Transfer,981.17,0
3055,2060,2026-04-12,Healthcare,2945.39,0
3056,14403,2020-05-15,Groceries,2001.83,0
3057,41489,2018-08-14,Healthcare,10980.91,0
3058,3131,2019-06-20,Utilities,558.5,0
3059,2621,2025-10-14,Rent,295.15,0
3060,64660,2022-10-20,Entertainment,2354.33,0
3061,27157,2025-08-08,Rent,607.61,0
3062,10910,2025-02-02,Entertainment,5573.44,0
3063,11149,2020-09-05,Groceries,2764.88,0
3064,9991,2023-01-01,Insurance,2174.83,0
3065,44405,2026-04-28,Dining,2506.52,0
3066,11520,2021-10-03,Shopping,897.53,0
3067,64038,2018-03-05,Salary Credit,605.61,0
3068,61484,2018-09-04,Entertainment,4343.0,0
3069,25222,2025-05-17,Salary Credit,2262.02,0
3070,34701,2025-08-24,Fuel,533.59,0
3071,50919,2024-09-17,Travel,3298.72,0
3072,25490,2020-07-08,Fund Transfer,3965.93,0
3073,6461,2022-12-03,Salary Credit,1796.81,0
3074,58109,2021-03-03,Healthcare,615.28,0
3075,45347,2019-04-28,Fuel,553.98,0
3076,2365,2025-01-10,Fuel,5074.51,0
3077,61943,2024-12-12,ATM Withdrawal,5280.89,0
3078,56027,2025-06-09,Groceries,4179.68,0
3079,49381,2024-10-17,Rent,1036.06,0
3080,10612,2021-12-18,Travel,4202.43,0
3081,20208,2022-02-10,Salary Credit,2004.74,0
3082,41011,2019-10-19,Salary Credit,1106.93,0
3083,4748,2020-10-06,Fund Transfer,4971.79,0
3084,41677,2019-07-29,Groceries,328.36,0
3085,26271,2021-07-30,Rent,1305.52,0
3086,30998,2023-03-30,Fund Transfer,493.55,0
3087,15182,2024-03-17,Dining,2915.79,0
3088,50700,2020-04-01,Fuel,2243.35,0
3089,5925,2018-03-20,Utilities,111.14,0
3090,7513,2025-08-18,Shopping,5377.0,0
3091,1422,2021-02-17,Entertainment,1098.78,0
3092,42453,2021-10-18,Entertainment,473.09,0
3093,9576,2020-08-18,Fuel,2518.07,0
3094,17755,2021-07-29,Dining,818.97,0
3095,7357,2018-04-07,Healthcare,203.05,0
3096,3837,2019-10-19,Rent,1262.91,0
3097,27303,2021-03-08,Dining,333.35,0
3098,10347,2022-01-20,Insurance,1600.71,0
3099,38813,2018-09-16,ATM Withdrawal,3186.21,0
3100,64345,2021-06-13,Fund Transfer,128.45,0
3101,3350,2019-07-13,Rent,404.96,0
3102,9511,2025-09-17,Entertainment,1019.65,0
3103,59540,2021-12-25,Groceries,730.64,0
3104,35932,2022-10-11,ATM Withdrawal,1170.53,0
3105,57132,2025-10-25,Healthcare,1947.25,0
3106,33428,2019-09-15,Healthcare,1952.1,0
3107,23971,2024-04-08,Dining,5515.71,0
3108,48638,2025-09-20,Travel,100.5,0
3109,21167,2023-06-27,ATM Withdrawal,1555.59,0
3110,51285,2018-08-08,Insurance,1371.36,0
3111,10967,2025-03-10,ATM Withdrawal,830.88,0
3112,36150,2020-07-24,Fund Transfer,281.84,0
3113,35969,2018-10-21,Fund Transfer,3144.97,0
3114,19870,2024-09-04,Travel,1425.53,0
3115,14065,2024-04-20,ATM Withdrawal,3889.61,0
3116,56703,2024-03-13,Fuel,2067.11,0
3117,42877,2020-02-24,Entertainment,552.1,0
3118,38367,2024-10-21,Education,1802.89,0
3119,16949,2019-03-29,ATM Withdrawal,3199.16,0
3120,27374,2024-08-18,ATM Withdrawal,3602.63,0
3121,33315,2022-10-02,ATM Withdrawal,532.98,0
3122,59949,2021-08-01,Utilities,740.6,0
3123,61318,2022-02-14,Dining,1993.28,0
3124,18225,2025-03-14,Shopping,287.9,0
3125,49297,2018-09-29,Insurance,878.17,0
3126,16196,2024-12-16,Insurance,3430.8,0
3127,53874,2018-06-20,Healthcare,444.58,0
3128,1333,2026-05-29,ATM Withdrawal,129.02,0
3129,48805,2022-02-18,Groceries,5241.65,0
3130,29917,2019-12-26,Education,1650.77,0
3131,48940,2022-02-21,Salary Credit,1882.11,0
3132,53607,2023-11-08,Education,384.08,0
3133,23494,2019-08-06,Travel,9340.46,0
3134,55619,2026-04-29,Dining,3033.75,0
3135,21660,2022-12-21,Fund Transfer,928.11,0
3136,21453,2023-04-09,Rent,1385.03,0
3137,42264,2018-11-27,ATM Withdrawal,285.85,0
3138,38318,2022-07-03,Fund Transfer,59.49,0
3139,64658,2018-01-24,Utilities,1258.97,0
3140,55854,2018-06-04,Salary Credit,1668.95,0
3141,48698,2019-08-14,Rent,108.71,0
3142,51874,2022-09-29,Salary Credit,878.8,0
3143,63515,2020-08-12,Fuel,631.25,0
3144,36543,2022-08-28,Travel,63.54,0
3145,38968,2019-04-07,Shopping,1932.34,0
3146,35052,2021-07-14,Groceries,276.66,0
3147,26943,2018-06-20,Healthcare,647.24,0
3148,33499,2018-01-13,Travel,69.88,0
3149,34294,2023-01-31,Education,1636.57,0
3150,63849,2023-05-31,Rent,5067.72,0
3151,19186,2022-08-28,ATM Withdrawal,4780.35,0
3152,3414,2024-03-02,Utilities,2145.2,0
3153,42771,2018-03-17,Dining,1161.25,0
3154,53439,2024-02-18,Rent,1698.4,0
3155,1469,2023-06-20,Groceries,501.0,0
3156,54336,2024-03-17,Dining,4822.37,0
3157,39802,2019-02-27,Education,926.2,0
3158,3106,2021-11-24,Fund Transfer,2590.18,0
3159,25564,2018-02-20,ATM Withdrawal,78.04,1
3160,15192,2019-08-20,ATM Withdrawal,1419.17,0
3161,16858,2021-12-26,Rent,772.3,0
3162,48055,2025-02-21,ATM Withdrawal,587.13,0
3163,8866,2025-11-30,Utilities,217.14,0
3164,60629,2023-04-25,Rent,92.82,0
3165,31864,2020-08-26,Education,1250.42,0
3166,52270,2019-04-13,Groceries,3504.15,0
3167,7092,2023-08-23,Entertainment,1543.85,0
3168,52205,2023-02-09,Insurance,536.35,0
3169,34638,2023-10-11,Insurance,7273.11,0
3170,3946,2019-03-12,Insurance,4413.98,0
3171,6592,2019-10-31,Education,1304.15,0
3172,61568,2023-03-31,Healthcare,64.95,0
3173,40001,2025-05-16,Insurance,1788.75,0
3174,15066,2018-01-02,ATM Withdrawal,1995.61,0
3175,24992,2023-06-29,ATM Withdrawal,122.09,0
3176,44267,2022-09-09,Shopping,3319.89,0
3177,60817,2024-06-19,Travel,175.78,0
3178,39780,2024-04-21,Education,785.44,0
3179,3220,2019-07-29,Healthcare,61.24,0
3180,30140,2023-12-12,Shopping,1131.87,0
3181,32464,2022-06-23,Travel,656.47,0
3182,61678,2022-06-18,Groceries,505.28,0
3183,30363,2023-04-02,Education,1040.37,0
3184,54095,2020-09-15,Rent,1768.83,0
3185,59716,2022-01-19,Groceries,2245.78,0
3186,56534,2018-11-27,Dining,929.16,0
3187,52233,2023-07-16,Insurance,2628.25,0
3188,62407,2022-06-06,Insurance,1209.02,0
3189,38919,2020-06-04,Fuel,249.16,0
3190,35268,2024-09-08,Rent,7746.59,0
3191,53459,2020-08-31,Healthcare,2432.08,0
3192,27049,2024-10-24,Salary Credit,315.2,0
3193,37296,2021-04-01,Fuel,2130.31,0
3194,16096,2020-06-21,Shopping,1813.64,0
3195,63271,2023-04-28,Shopping,1140.9,0
3196,37171,2020-05-27,Shopping,328.73,0
3197,2229,2018-07-22,Fund Transfer,1275.81,0
3198,12121,2021-09-01,Rent,1913.26,0
3199,21578,2026-01-23,Healthcare,165.73,0
3200,11110,2020-04-11,Education,10225.26,0
3201,62712,2023-08-16,Salary Credit,2388.33,0
3202,12621,2019-10-24,Shopping,1055.43,0
3203,14164,2025-08-28,Travel,1584.0,0
3204,23436,2024-01-09,Entertainment,365.7,0
3205,52910,2020-06-22,ATM Withdrawal,3509.41,0
3206,63855,2023-12-05,Fuel,175.01,0
3207,20587,2020-08-10,Dining,1170.33,0
3208,155,2022-12-02,Rent,8906.79,0
3209,8961,2025-12-04,Salary Credit,830.39,0
3210,26539,2025-07-30,Dining,2258.05,0
3211,3778,2020-01-06,Healthcare,407.87,0
3212,23477,2019-04-13,Utilities,1028.78,0
3213,31564,2018-08-05,Shopping,1597.94,0
3214,57202,2021-09-05,Healthcare,1377.94,0
3215,44300,2021-01-05,Shopping,537.08,0
3216,62910,2020-04-18,Utilities,553.1,0
3217,29412,2023-05-31,Dining,408.96,0
3218,52,2024-05-03,Salary Credit,1183.75,0
3219,17842,2023-01-23,Travel,1056.53,0
3220,19097,2019-10-22,Fund Transfer,3692.89,0
3221,22605,2024-03-31,Rent,3513.04,0
3222,40141,2025-04-23,Shopping,313.43,0
3223,12292,2022-08-04,Fuel,526.88,0
3224,23655,2019-06-08,Utilities,3796.21,0
3225,45256,2026-02-03,Fund Transfer,1495.02,0
3226,13068,2018-02-14,Salary Credit,1760.76,0
3227,51,2019-05-13,Travel,2618.56,0
3228,57414,2018-11-23,Fund Transfer,3913.74,1
3229,9395,2024-06-03,Healthcare,965.16,0
3230,58157,2019-08-12,Dining,574.41,0
3231,58554,2021-08-07,Travel,4780.55,0
3232,56747,2026-03-01,Shopping,974.51,0
3233,2593,2024-06-16,Healthcare,774.36,0
3234,20182,2026-01-07,Shopping,226.88,0
3235,19186,2020-09-04,Education,2738.84,0
3236,40770,2024-09-16,Utilities,1096.72,0
3237,4128,2025-11-01,Insurance,1178.59,0
3238,14466,2026-05-20,Rent,8311.09,0
3239,56187,2026-06-09,Groceries,964.75,0
3240,49601,2019-11-29,Travel,468.52,0
3241,56409,2021-10-04,Travel,4923.65,0
3242,31085,2023-02-20,Insurance,562.65,0
3243,46445,2020-12-17,Entertainment,5874.14,0
3244,51886,2024-02-14,Travel,857.3,0
3245,52205,2023-03-27,Utilities,128.78,0
3246,39968,2022-11-28,Dining,1749.97,0
3247,41606,2019-10-29,ATM Withdrawal,4938.36,0
3248,13351,2025-02-23,Utilities,1115.82,0
3249,34034,2023-10-22,Education,1397.57,0
3250,23151,2021-08-14,Fuel,2390.98,0
3251,36448,2024-08-05,Shopping,1875.99,0
3252,45362,2024-07-29,Salary Credit,3417.46,0
3253,63507,2018-09-01,Entertainment,1257.34,0
3254,62774,2018-02-28,Salary Credit,650.88,0
3255,19546,2023-07-30,Fund Transfer,2720.15,0
3256,44198,2023-05-19,Travel,219.53,0
3257,22591,2024-05-07,Entertainment,332.77,0
3258,20417,2023-08-27,Healthcare,541.71,0
3259,29420,2024-09-26,Rent,1121.12,0
3260,16261,2024-05-14,Travel,536.05,0
3261,21336,2018-01-06,Dining,1274.15,0
3262,40474,2023-09-05,Fuel,6111.55,0
3263,46165,2023-08-10,ATM Withdrawal,2566.28,0
3264,7372,2021-06-23,Travel,790.71,0
3265,23508,2023-05-25,Dining,659.83,0
3266,15655,2019-09-18,Salary Credit,908.84,0
3267,25417,2020-03-02,Fund Transfer,3492.96,0
3268,2866,2024-12-02,Dining,2023.96,0
3269,47529,2024-08-06,Insurance,1230.08,0
3270,33294,2023-08-07,Fund Transfer,743.27,0
3271,45080,2024-09-28,Shopping,230.59,0
3272,8908,2018-03-19,ATM Withdrawal,5043.0,0
3273,29035,2022-02-15,ATM Withdrawal,1057.67,0
3274,42996,2025-06-24,Utilities,7897.48,0
3275,41742,2021-12-27,Travel,693.32,0
3276,20059,2019-06-19,Shopping,2843.5,0
3277,63856,2018-10-11,Groceries,2909.05,0
3278,30272,2021-12-21,Travel,1251.0,0
3279,10575,2019-01-12,Travel,3623.56,0
3280,64687,2024-06-14,Healthcare,2469.64,0
3281,30847,2024-09-15,Groceries,4694.75,0
3282,28605,2022-02-03,Rent,926.56,0
3283,43149,2024-10-23,Fuel,3795.01,0
3284,21484,2021-03-15,Dining,114.07,0
3285,57961,2019-04-05,Travel,2512.23,0
3286,60170,2022-03-02,Insurance,510.5,0
3287,59952,2026-03-21,Healthcare,1410.39,0
3288,63661,2020-03-24,Fund Transfer,3822.28,0
3289,10095,2023-03-30,Dining,3621.75,0
3290,33524,2022-02-07,Healthcare,11312.08,0
3291,64052,2019-06-29,Shopping,6683.97,0
3292,27408,2018-09-23,Rent,611.82,0
3293,29364,2019-03-29,Travel,2124.73,0
3294,44792,2019-07-15,Healthcare,1062.68,0
3295,8690,2025-07-16,ATM Withdrawal,488.82,0
3296,29010,2025-03-16,Rent,373.02,0
3297,52541,2023-12-28,Entertainment,3273.5,0
3298,60102,2026-03-30,Healthcare,300.39,0
3299,22465,2019-02-04,Entertainment,1185.73,0
3300,21799,2018-05-23,Utilities,61.56,0
3301,2330,2020-01-20,Utilities,2118.57,0
3302,37289,2019-09-05,Education,324.62,0
3303,61417,2022-04-29,Utilities,711.47,0
3304,58091,2021-05-07,Dining,94.33,0
3305,38910,2026-02-10,Fund Transfer,1509.77,0
3306,57289,2019-10-24,Entertainment,908.4,0
3307,17067,2024-07-08,ATM Withdrawal,5198.81,0
3308,58373,2023-04-07,Entertainment,613.61,0
3309,45752,2024-05-20,Shopping,1580.59,0
3310,3153,2025-02-10,Fund Transfer,1451.17,0
3311,62754,2021-03-23,Fund Transfer,1441.75,0
3312,38450,2018-07-28,Fund Transfer,6366.48,0
3313,13710,2018-09-12,Fuel,2032.83,0
3314,50339,2020-05-23,Fuel,4504.49,0
3315,114,2022-12-22,Salary Credit,4258.3,0
3316,4617,2026-06-21,Fuel,214.92,0
3317,26148,2025-05-01,Entertainment,381.95,0
3318,33829,2018-07-22,Insurance,606.4,0
3319,64524,2024-07-14,Healthcare,1386.78,0
3320,41622,2023-11-04,Shopping,990.62,0
3321,57448,2019-12-12,ATM Withdrawal,285.35,0
3322,38481,2021-02-19,Healthcare,932.78,0
3323,1554,2022-08-14,Utilities,3186.79,0
3324,42136,2025-12-22,Healthcare,7362.53,0
3325,383,2021-03-21,Travel,3101.22,0
3326,22084,2020-05-27,Rent,4236.93,0
3327,39017,2020-05-26,Healthcare,1693.46,0
3328,9399,2020-10-08,ATM Withdrawal,2568.03,0
3329,15724,2024-11-02,Rent,1552.83,0
3330,20714,2019-11-20,Fuel,8250.27,0
3331,43862,2021-01-24,Healthcare,748.81,0
3332,54633,2026-02-19,Insurance,964.48,0
3333,16765,2023-12-28,ATM Withdrawal,392.15,0
3334,52953,2021-07-05,Utilities,2140.09,0
3335,22504,2020-03-13,Utilities,313.42,0
3336,60856,2019-11-23,Fund Transfer,2006.06,0
3337,55498,2020-10-13,ATM Withdrawal,6455.24,0
3338,39171,2020-10-07,Dining,3092.97,0
3339,26477,2025-06-05,Dining,4660.71,0
3340,24061,2025-06-17,Entertainment,1202.65,0
3341,9236,2024-08-21,Dining,249.32,0
3342,3822,2024-05-12,Rent,1242.73,0
3343,46328,2024-06-15,Fuel,463.73,0
3344,29942,2022-03-14,Healthcare,175.57,0
3345,54377,2025-10-12,Dining,1268.43,0
3346,4893,2025-11-14,Travel,2786.33,0
3347,44980,2019-01-01,Entertainment,281.03,0
3348,56118,2019-12-07,Salary Credit,5009.53,0
3349,20510,2021-05-09,Fuel,2403.84,0
3350,28419,2023-05-18,Insurance,357.19,0
3351,2375,2025-01-06,Education,81.22,0
3352,32926,2025-10-21,ATM Withdrawal,581.54,0
3353,51482,2025-01-05,Travel,3405.01,0
3354,41207,2020-04-05,Salary Credit,3054.39,0
3355,55526,2022-09-22,Shopping,1765.6,0
3356,64500,2022-09-09,Education,500.08,0
3357,22690,2018-06-22,Groceries,1518.11,0
3358,43326,2018-05-11,Utilities,6060.1,0
3359,14252,2024-09-12,ATM Withdrawal,130.95,0
3360,35827,2019-11-04,Groceries,1002.32,0
3361,10275,2021-07-17,Fund Transfer,498.22,0
3362,12561,2021-05-20,Education,1799.86,0
3363,18459,2019-12-23,Groceries,3310.5,0
3364,63345,2022-02-13,Rent,1479.46,0
3365,12223,2020-09-01,Groceries,2255.08,0
3366,46011,2021-09-28,Fund Transfer,100.55,0
3367,30613,2022-02-08,Fund Transfer,425.11,0
3368,28939,2024-02-09,Utilities,1494.55,0
3369,356,2018-06-26,Fuel,1978.33,0
3370,60808,2021-01-08,Shopping,3666.17,0
3371,46716,2021-06-08,Groceries,213.33,0
3372,17089,2019-10-08,Education,2356.69,0
3373,18237,2022-12-26,Entertainment,273.63,0
3374,57006,2025-06-12,Education,3489.33,0
3375,50638,2021-03-30,Fuel,3012.36,0
3376,55624,2021-09-26,Education,1546.37,0
3377,6371,2022-04-10,ATM Withdrawal,498.57,0
3378,51098,2023-07-03,Healthcare,3140.98,0
3379,20819,2024-12-21,Insurance,3171.43,0
3380,39177,2019-04-18,Fund Transfer,1682.62,0
3381,17832,2022-03-01,Healthcare,656.8,0
3382,52943,2023-02-19,Utilities,2617.7,0
3383,18965,2026-03-13,Insurance,880.46,0
3384,59911,2018-10-11,Shopping,61.03,0
3385,32084,2021-11-25,Dining,3250.27,0
3386,4245,2021-01-31,Utilities,3114.41,0
3387,23460,2026-01-17,Fuel,615.07,0
3388,22444,2026-01-21,Fund Transfer,4397.49,0
3389,40415,2021-05-18,Shopping,3735.42,0
3390,35820,2021-10-15,Salary Credit,2689.16,0
3391,38632,2024-02-10,Shopping,779.63,0
3392,39027,2021-04-02,Fuel,91.87,0
3393,6766,2023-07-21,Salary Credit,1123.98,0
3394,42849,2024-05-29,Rent,1587.67,0
3395,28869,2026-06-18,Fuel,650.36,0
3396,63283,2018-07-24,Entertainment,669.85,0
3397,9793,2021-10-03,Insurance,218.37,0
3398,45784,2025-03-19,Utilities,346.37,0
3399,27863,2019-01-26,Utilities,2451.86,0
3400,24279,2018-07-13,Utilities,410.79,0
3401,33381,2022-09-22,Shopping,81.31,0
3402,25480,2024-04-07,Education,1877.41,0
3403,53577,2024-09-28,Travel,802.17,0
3404,34929,2018-12-06,Insurance,2189.88,0
3405,56746,2022-12-05,Fund Transfer,1683.23,0
3406,12538,2020-03-07,Education,7028.2,0
3407,35672,2021-12-22,Healthcare,3677.07,0
3408,52347,2019-02-23,Travel,180.29,0
3409,17725,2020-01-20,Healthcare,769.6,0
3410,20350,2022-07-10,Education,1458.16,0
3411,53394,2020-03-20,Fuel,399.48,0
3412,58169,2025-11-17,Fund Transfer,832.07,0
3413,55353,2018-10-11,Travel,1424.39,0
3414,32144,2024-10-05,ATM Withdrawal,564.87,0
3415,29632,2026-03-24,ATM Withdrawal,643.45,0
3416,48655,2020-10-24,Fuel,2454.58,0
3417,466,2022-04-18,Education,4141.96,0
3418,47974,2020-08-09,Insurance,2574.48,0
3419,26113,2026-05-30,Utilities,12365.69,0
3420,56849,2019-08-13,Healthcare,960.11,0
3421,53774,2022-11-04,ATM Withdrawal,1574.7,0
3422,56888,2021-03-26,Insurance,3172.74,0
3423,60628,2020-11-11,Education,2756.95,0
3424,13382,2022-07-08,Dining,496.19,0
3425,56720,2025-11-19,Healthcare,1069.89,0
3426,11422,2024-07-16,ATM Withdrawal,398.0,0
3427,32136,2019-08-15,Entertainment,796.79,0
3428,49814,2022-10-09,Utilities,1694.67,0
3429,52267,2019-03-27,Entertainment,1694.58,0
3430,35388,2023-01-21,Travel,1155.25,0
3431,17738,2020-07-22,Entertainment,2327.5,0
3432,19513,2023-12-31,Entertainment,344.91,0
3433,25713,2025-06-08,Rent,8597.69,0
3434,53241,2019-06-13,Fund Transfer,577.05,0
3435,60399,2020-07-14,Healthcare,87.44,0
3436,59273,2025-04-17,Utilities,784.47,0
3437,58414,2025-09-08,Healthcare,164.94,0
3438,48463,2022-09-12,Utilities,556.47,0
3439,42569,2018-12-02,Groceries,456.24,0
3440,19811,2026-06-12,Travel,367.84,0
3441,17910,2024-02-25,Utilities,4464.63,0
3442,26587,2022-08-27,Education,347.45,0
3443,14941,2018-10-30,Insurance,3263.5,0
3444,3978,2018-05-11,Insurance,3322.8,0
3445,19546,2026-02-06,Dining,3167.44,0
3446,10654,2021-02-27,Education,644.36,0
3447,14632,2019-07-18,Utilities,1008.78,0
3448,43906,2026-01-20,Fund Transfer,3429.63,0
3449,40102,2020-07-25,Dining,2408.02,0
3450,10761,2022-02-11,Groceries,2176.83,0
3451,30888,2025-09-19,Fuel,3144.63,0
3452,57743,2024-07-31,Groceries,199.33,0
3453,21475,2020-04-08,Dining,3190.17,0
3454,63234,2024-03-11,ATM Withdrawal,225.17,0
3455,13960,2021-10-19,Travel,502.17,0
3456,27359,2024-01-06,Rent,2689.97,0
3457,42135,2025-12-18,ATM Withdrawal,158.35,0
3458,59418,2021-04-05,Rent,257.77,0
3459,26769,2023-08-23,Utilities,420.18,0
3460,7545,2025-09-10,Groceries,1497.73,0
3461,39923,2026-04-20,ATM Withdrawal,1712.1,0
3462,35906,2023-07-25,Shopping,542.98,0
3463,2112,2019-01-31,Utilities,846.36,0
3464,12409,2023-11-01,Insurance,719.51,0
3465,9826,2022-07-22,Insurance,6298.67,0
3466,6077,2021-05-28,Fund Transfer,1637.56,0
3467,64683,2020-11-11,ATM Withdrawal,7576.98,0
3468,52718,2024-08-03,Entertainment,1154.79,0
3469,21616,2018-02-10,Groceries,4122.98,0
3470,44287,2025-07-13,Healthcare,3199.05,0
3471,7700,2024-10-09,ATM Withdrawal,868.65,0
3472,64365,2019-08-15,Insurance,1038.98,0
3473,47960,2022-07-16,Shopping,5183.8,0
3474,19422,2026-01-26,Fuel,4401.48,0
3475,10277,2022-09-17,Dining,1248.98,0
3476,54632,2018-11-14,Education,785.03,0
3477,37344,2019-09-13,Fuel,677.24,0
3478,17817,2025-04-29,Dining,1427.83,0
3479,35710,2019-11-27,Insurance,2606.3,0
3480,61630,2020-06-05,Healthcare,1703.07,0
3481,60725,2019-01-11,Dining,68.72,0
3482,30025,2026-06-16,Entertainment,1878.26,0
3483,9550,2020-12-26,Utilities,1962.22,0
3484,22180,2020-12-09,Shopping,1594.52,0
3485,32190,2020-12-30,Groceries,280.01,0
3486,5119,2023-03-04,Groceries,1071.71,0
3487,52142,2019-08-05,ATM Withdrawal,2140.27,0
3488,28504,2022-10-10,Fund Transfer,2234.93,0
3489,5129,2026-03-01,Insurance,2101.65,0
3490,23396,2022-06-10,Healthcare,194.69,0
3491,29797,2024-02-23,Salary Credit,2054.01,0
3492,35810,2018-08-20,Fuel,2037.12,0
3493,29153,2022-07-02,ATM Withdrawal,122.4,0
3494,38315,2024-08-22,ATM Withdrawal,846.84,0
3495,57174,2019-01-11,Dining,328.45,0
3496,23999,2025-08-08,Shopping,55.14,0
3497,46548,2026-05-06,Shopping,229.67,0
3498,33953,2024-07-03,Healthcare,3672.49,0
3499,64904,2019-09-30,Insurance,1122.67,0
3500,25092,2018-09-17,Rent,622.69,0
3501,36285,2025-02-17,ATM Withdrawal,798.83,0
3502,55259,2019-05-21,Shopping,2653.64,0
3503,60581,2025-02-02,Salary Credit,4182.41,0
3504,40558,2023-05-11,ATM Withdrawal,360.29,0
3505,10717,2024-07-11,ATM Withdrawal,592.43,0
3506,63813,2023-07-13,Salary Credit,1739.35,0
3507,7126,2020-05-03,Shopping,461.64,0
3508,15481,2024-08-24,Healthcare,2088.59,0
3509,52941,2022-03-01,Fund Transfer,264.07,0
3510,9405,2023-10-11,Fund Transfer,5768.56,0
3511,1990,2023-04-20,Travel,1435.8,0
3512,25145,2020-11-04,Utilities,1951.46,0
3513,37249,2024-11-22,Education,498.82,0
3514,14380,2022-11-26,ATM Withdrawal,2957.83,0
3515,48095,2018-10-29,ATM Withdrawal,1087.72,0
3516,6494,2019-12-07,Entertainment,198.66,0
3517,38914,2020-05-20,Salary Credit,3312.69,0
3518,21172,2022-08-22,ATM Withdrawal,1147.09,0
3519,12853,2019-01-26,Travel,213.8,0
3520,16032,2024-10-14,Shopping,1465.68,0
3521,37087,2020-05-22,Entertainment,908.13,0
3522,39799,2021-06-25,Utilities,2305.95,0
3523,4659,2018-12-10,Insurance,493.48,0
3524,9933,2021-11-04,Healthcare,965.64,0
3525,37868,2019-02-01,Entertainment,3595.24,0
3526,62610,2020-09-25,Groceries,2488.78,0
3527,18022,2021-01-31,ATM Withdrawal,896.85,0
3528,23061,2022-05-19,ATM Withdrawal,277.18,0
3529,1270,2023-12-24,Fund Transfer,4592.03,0
3530,56286,2018-09-18,Groceries,1691.31,0
3531,19416,2022-07-28,Education,687.33,0
3532,45171,2024-08-16,Salary Credit,1656.23,0
3533,1115,2020-08-03,Healthcare,598.65,0
3534,54056,2018-05-28,Education,395.68,0
3535,7441,2026-01-01,Groceries,2545.99,0
3536,28548,2020-04-25,Salary Credit,2308.17,0
3537,61828,2025-07-16,Shopping,328.88,0
3538,40077,2023-09-26,Entertainment,2922.26,0
3539,30884,2022-12-20,Fuel,1714.03,0
3540,40253,2025-10-08,Groceries,1701.35,0
3541,64295,2020-04-09,ATM Withdrawal,678.55,0
3542,2629,2022-11-04,Shopping,68.16,0
3543,21157,2022-04-21,Dining,3448.23,0
3544,52093,2021-06-14,Education,4401.57,0
3545,2197,2023-01-28,Rent,684.14,0
3546,44784,2020-01-15,Dining,866.55,0
3547,1768,2019-08-04,Education,4072.28,0
3548,25312,2026-05-07,Salary Credit,393.29,0
3549,53975,2022-03-05,Fund Transfer,1612.35,0
3550,54572,2022-10-08,Entertainment,8922.79,0
3551,23449,2022-06-21,Shopping,471.17,0
3552,21657,2021-04-07,ATM Withdrawal,396.73,0
3553,45601,2025-01-23,Education,1439.65,0
3554,54661,2019-03-24,Salary Credit,1366.77,0
3555,16628,2024-01-11,ATM Withdrawal,1097.07,0
3556,56464,2020-08-14,Rent,4245.88,0
3557,51887,2019-09-25,Insurance,374.69,0
3558,35564,2019-08-24,Fuel,266.28,0
3559,49315,2025-12-15,Travel,5276.76,0
3560,47197,2025-11-01,Fund Transfer,307.35,0
3561,16950,2018-06-07,Travel,1523.23,0
3562,43180,2024-03-06,Rent,1567.27,0
3563,59584,2022-04-30,Fund Transfer,1229.18,0
3564,14791,2021-12-27,Healthcare,1445.84,0
3565,58007,2021-11-18,Groceries,149.27,0
3566,53643,2024-02-29,Utilities,2245.08,0
3567,42611,2022-05-11,Education,7185.03,0
3568,60384,2020-12-14,Travel,1751.41,0
3569,29425,2018-07-29,Healthcare,292.52,0
3570,37020,2019-09-17,Salary Credit,3976.81,0
3571,13898,2024-02-03,Rent,263.76,0
3572,54816,2024-08-17,Dining,366.56,0
3573,50973,2018-02-28,Fund Transfer,2046.92,0
3574,37,2021-07-02,ATM Withdrawal,2142.17,0
3575,48915,2024-05-21,Insurance,948.52,0
3576,29764,2024-09-17,Fund Transfer,3725.52,0
3577,7400,2021-01-09,Dining,161.33,0
3578,17361,2023-04-24,ATM Withdrawal,2183.06,0
3579,23140,2018-08-09,Shopping,4762.74,0
3580,23766,2018-08-05,Travel,1322.63,0
3581,18627,2025-01-08,Salary Credit,1135.13,0
3582,4579,2023-11-25,Dining,2738.49,0
3583,29910,2018-08-01,Fuel,1580.66,0
3584,10519,2018-02-28,Education,1228.76,0
3585,19838,2020-09-20,Fuel,522.92,0
3586,17677,2019-07-13,Insurance,402.16,0
3587,26279,2023-04-25,Dining,61.77,0
3588,36059,2024-02-17,Fuel,2307.75,0
3589,38238,2019-04-02,ATM Withdrawal,81.15,0
3590,55985,2022-08-31,Rent,1558.04,0
3591,33475,2019-02-20,Healthcare,4474.59,0
3592,45373,2026-04-30,Utilities,1192.93,0
3593,44232,2024-01-20,Groceries,3367.49,0
3594,1279,2020-06-15,Entertainment,904.35,0
3595,28327,2019-12-11,Shopping,6889.82,0
3596,25649,2019-05-23,Fund Transfer,376.9,0
3597,36168,2024-05-29,Salary Credit,626.32,0
3598,58455,2023-06-27,Dining,2628.2,0
3599,44047,2019-10-03,Fund Transfer,658.41,0
3600,64657,2022-09-05,Salary Credit,1904.05,0
3601,55324,2023-07-24,Utilities,1376.86,0
3602,60658,2024-12-08,Fund Transfer,798.3,0
3603,32376,2024-01-18,Fuel,2288.23,0
3604,39401,2024-10-09,Education,3129.26,0
3605,59974,2021-03-13,Education,2661.44,0
3606,60275,2018-03-26,Dining,9835.53,0
3607,48201,2018-01-17,Healthcare,1766.45,0
3608,28233,2022-08-03,Healthcare,959.72,0
3609,6056,2019-04-30,Fund Transfer,2253.31,0
3610,22326,2020-10-28,Healthcare,2793.99,0
3611,24381,2018-01-26,Salary Credit,1146.49,0
3612,60414,2022-03-14,Utilities,1681.8,0
3613,19331,2019-08-20,Groceries,436.64,0
3614,17950,2018-08-22,Utilities,323.62,0
3615,33386,2020-09-17,Salary Credit,2270.79,0
3616,48968,2023-10-09,Fuel,409.27,0
3617,21372,2024-08-31,Rent,632.25,0
3618,44816,2021-03-26,Groceries,4216.49,0
3619,7058,2019-11-15,Education,536.3,0
3620,18212,2020-08-28,Fund Transfer,2169.84,0
3621,59472,2021-08-06,Rent,292.96,0
3622,64410,2026-02-16,Fund Transfer,2347.13,0
3623,57682,2022-09-21,Groceries,2075.44,0
3624,43051,2022-03-31,Salary Credit,2265.11,0
3625,20790,2018-12-05,Fuel,1751.4,0
3626,3351,2023-06-11,Healthcare,1430.28,0
3627,5842,2023-08-06,Salary Credit,2899.37,0
3628,46529,2025-02-19,Fuel,1014.53,0
3629,34066,2022-02-05,Dining,3505.4,0
3630,44724,2019-11-08,Utilities,1548.14,0
3631,48214,2025-10-19,Salary Credit,3393.72,0
3632,45028,2021-04-17,Education,1066.84,0
3633,32080,2022-12-18,Insurance,688.39,0
3634,28517,2026-01-11,Travel,123.72,0
3635,32182,2025-11-15,Salary Credit,928.02,0
3636,62995,2024-03-22,Fuel,12500.24,0
3637,3821,2022-01-03,Education,2207.9,0
3638,40171,2019-09-14,Groceries,3333.0,0
3639,21114,2025-10-09,Healthcare,847.44,0
3640,25948,2020-06-16,Shopping,3065.2,0
3641,13269,2024-06-19,Healthcare,917.12,0
3642,62782,2018-09-24,Insurance,602.34,0
3643,16889,2021-12-07,Entertainment,278.39,0
3644,62338,2021-12-22,Entertainment,576.45,0
3645,38441,2021-10-04,Shopping,342.19,0
3646,34708,2021-02-10,Shopping,1249.17,0
3647,49970,2026-04-04,Fund Transfer,2169.54,0
3648,1908,2021-04-27,Travel,390.78,0
3649,9297,2025-08-02,Shopping,611.19,0
3650,30586,2022-06-09,Healthcare,4264.12,0
3651,57097,2024-02-20,Travel,2874.85,0
3652,6596,2022-02-19,Healthcare,3341.87,0
3653,58802,2025-08-09,Dining,2646.08,0
3654,45370,2021-12-01,Travel,2282.18,0
3655,45679,2026-01-15,Dining,5077.37,0
3656,5992,2021-03-14,Fuel,1420.61,0
3657,534,2022-03-11,Rent,1060.45,0
3658,58651,2024-11-13,Utilities,625.06,0
3659,25063,2021-03-11,Entertainment,401.51,0
3660,6982,2023-12-24,Shopping,2113.46,0
3661,46025,2024-09-23,Education,521.22,0
3662,48362,2026-03-20,Insurance,1101.57,0
3663,62604,2023-02-19,Entertainment,550.51,0
3664,11030,2024-09-14,Dining,4517.55,0
3665,52558,2019-08-30,ATM Withdrawal,512.82,0
3666,14822,2023-11-13,Education,1490.05,0
3667,6045,2021-07-28,Healthcare,278.45,0
3668,61628,2025-04-27,ATM Withdrawal,4196.57,0
3669,4574,2023-10-01,Education,1199.25,0
3670,55182,2018-12-19,ATM Withdrawal,1364.34,0
3671,41713,2026-04-07,Entertainment,423.74,0
3672,25756,2021-01-23,ATM Withdrawal,1531.87,0
3673,8868,2021-05-10,ATM Withdrawal,112.7,0
3674,26135,2019-07-03,Entertainment,459.88,0
3675,8437,2024-08-14,Fund Transfer,238.57,0
3676,52559,2019-04-12,Salary Credit,902.53,0
3677,60913,2019-07-13,Shopping,1129.12,0
3678,52616,2026-03-30,Utilities,9974.99,0
3679,63752,2025-04-20,Insurance,5503.42,0
3680,14689,2019-02-18,Utilities,357.73,0
3681,63167,2026-06-18,Education,2180.34,0
3682,44473,2018-05-06,Fuel,3147.83,0
3683,19638,2025-09-20,Travel,4164.93,0
3684,1679,2020-11-19,Fund Transfer,1736.97,0
3685,7241,2021-09-02,Insurance,2089.29,0
3686,17569,2024-01-24,Travel,1264.62,0
3687,35237,2019-08-02,Entertainment,94.94,0
3688,49453,2018-01-14,ATM Withdrawal,483.73,0
3689,53458,2026-06-02,Insurance,972.71,0
3690,61455,2023-11-21,Education,3369.08,0
3691,25958,2020-10-25,Salary Credit,2055.6,0
3692,20300,2019-09-30,Fuel,185.31,0
3693,4664,2021-01-05,ATM Withdrawal,399.34,0
3694,30786,2019-08-05,Rent,3577.39,0
3695,18790,2023-05-22,Groceries,787.12,0
3696,14381,2020-01-18,Groceries,280.18,0
3697,42113,2020-06-29,Salary Credit,2611.2,0
3698,38443,2024-03-30,Dining,1974.5,0
3699,5567,2023-09-01,Education,6145.9,0
3700,26823,2025-03-06,Travel,1703.13,0
3701,37890,2023-09-28,Groceries,7409.23,0
3702,24413,2021-01-27,Fund Transfer,1000.64,0
3703,13742,2020-12-19,Fund Transfer,323.88,0
3704,36023,2024-05-09,Insurance,1488.57,0
3705,60830,2023-04-03,Shopping,112.96,0
3706,60394,2025-04-03,Utilities,131.19,0
3707,25086,2022-03-27,Insurance,1262.54,0
3708,1739,2018-05-10,Fuel,261.18,0
3709,51508,2021-12-10,Groceries,366.39,0
3710,36037,2018-04-15,Education,520.83,0
3711,11846,2024-10-26,Entertainment,221.0,0
3712,5703,2019-12-11,Education,534.24,0
3713,13110,2020-12-05,Fuel,2320.11,0
3714,14045,2018-11-26,Dining,1472.65,0
3715,23519,2022-01-15,ATM Withdrawal,311.15,0
3716,25722,2023-04-01,Salary Credit,6387.93,0
3717,1943,2021-08-01,Travel,135.12,0
3718,5641,2018-01-12,Fund Transfer,3387.82,0
3719,12191,2024-05-01,ATM Withdrawal,187.54,0
3720,30773,2018-09-25,Healthcare,456.15,0
3721,43231,2018-02-10,Utilities,695.53,0
3722,30753,2025-12-26,Fund Transfer,202.01,0
3723,29048,2022-04-28,Entertainment,411.23,0
3724,64703,2026-03-17,Fuel,3285.49,0
3725,20913,2020-01-17,Insurance,1453.51,0
3726,33884,2018-04-23,Travel,1347.74,0
3727,17890,2023-12-26,ATM Withdrawal,110.54,0
3728,36833,2019-07-09,Dining,1090.44,0
3729,19094,2026-04-02,Travel,1101.16,0
3730,24744,2022-11-19,Travel,1559.02,0
3731,44097,2020-08-18,Groceries,1755.22,0
3732,6424,2022-05-28,Fuel,58.64,0
3733,18347,2020-11-26,Shopping,659.27,0
3734,29327,2026-03-10,Travel,2730.01,0
3735,60473,2019-09-12,Insurance,1412.29,0
3736,1394,2023-10-31,Shopping,900.85,0
3737,59322,2022-01-26,Salary Credit,320.24,0
3738,11407,2022-05-21,Education,2559.75,0
3739,21559,2026-03-24,Fund Transfer,2515.59,0
3740,18604,2019-10-26,Insurance,1523.09,0
3741,38571,2025-08-11,Dining,5590.75,0
3742,46085,2019-06-05,Fund Transfer,3385.32,0
3743,62737,2019-01-11,Healthcare,2935.12,0
3744,40532,2018-05-26,Shopping,1421.49,0
3745,7894,2025-01-18,Education,215.89,0
3746,34415,2024-08-10,Healthcare,1191.45,0
3747,35879,2021-05-03,Fund Transfer,3030.71,0
3748,33805,2023-10-11,Groceries,542.04,0
3749,28155,2021-09-30,Fuel,1209.38,0
3750,51311,2019-08-08,Insurance,7784.47,0
3751,61829,2018-03-27,ATM Withdrawal,2477.67,0
3752,6516,2023-07-14,Groceries,880.21,0
3753,3691,2018-04-01,Dining,553.41,0
3754,10652,2019-02-06,Education,846.09,0
3755,36161,2026-01-31,Dining,365.58,0
3756,47139,2022-08-31,Fund Transfer,1701.01,0
3757,29097,2018-08-25,ATM Withdrawal,3745.62,0
3758,55306,2024-06-23,ATM Withdrawal,802.16,0
3759,5136,2019-10-08,Utilities,2521.91,0
3760,35261,2023-01-09,Groceries,758.85,0
3761,43609,2020-05-04,Insurance,2915.1,0
3762,8299,2026-04-21,Entertainment,501.22,0
3763,61011,2022-10-08,Fuel,457.65,0
3764,19954,2024-10-29,Salary Credit,100.88,0
3765,57205,2019-02-15,Insurance,2361.49,0
3766,1113,2019-05-28,Fund Transfer,632.28,0
3767,59864,2020-04-03,Salary Credit,5744.2,0
3768,25100,2020-01-04,Groceries,300.67,0
3769,60339,2022-08-08,Dining,842.26,0
3770,39395,2024-10-01,Groceries,7209.9,0
3771,21995,2019-06-30,Fuel,4403.48,0
3772,887,2019-10-09,Rent,6635.2,0
3773,60351,2022-12-11,Shopping,3447.18,0
3774,53629,2024-01-01,Shopping,6533.47,0
3775,37212,2021-03-08,Travel,436.39,0
3776,52400,2023-10-27,Rent,4931.56,0
3777,11343,2024-07-12,Salary Credit,3492.4,0
3778,54936,2019-09-24,Groceries,909.1,0
3779,26142,2025-10-01,Education,1027.19,0
3780,18648,2020-04-08,Education,55.57,0
3781,35787,2018-07-11,ATM Withdrawal,2290.6,0
3782,37945,2021-11-15,Salary Credit,724.54,0
3783,40854,2022-10-12,Healthcare,530.67,0
3784,28699,2020-02-19,Groceries,3087.95,0
3785,27758,2023-10-06,Fund Transfer,2378.05,0
3786,1067,2025-12-15,Salary Credit,194.86,0
3787,23651,2020-07-25,ATM Withdrawal,1161.72,0
3788,14708,2022-09-17,Shopping,3256.16,0
3789,52259,2024-03-18,Healthcare,7424.65,0
3790,33664,2019-12-20,Fund Transfer,399.23,0
3791,58360,2022-09-18,ATM Withdrawal,324.92,0
3792,47142,2025-05-23,ATM Withdrawal,67.63,0
3793,25595,2022-07-15,ATM Withdrawal,1292.95,0
3794,25142,2023-07-03,ATM Withdrawal,119.25,0
3795,7482,2021-11-30,Education,3771.88,0
3796,15173,2023-06-24,Fund Transfer,1752.41,0
3797,41536,2023-01-18,Fuel,2739.18,0
3798,1245,2020-09-29,Groceries,1548.09,0
3799,33049,2018-06-28,Utilities,828.0,0
3800,25431,2022-06-07,Dining,55.41,0
3801,52357,2020-06-07,Groceries,1402.45,0
3802,58127,2022-11-03,Insurance,943.81,0
3803,1153,2020-07-13,Dining,1793.17,0
3804,43671,2019-08-09,Travel,635.61,0
3805,34513,2020-04-21,Dining,160.42,0
3806,61642,2026-05-29,Rent,185.29,0
3807,22753,2022-04-25,Healthcare,124.79,0
3808,13520,2026-06-23,Travel,2001.93,0
3809,24972,2018-10-15,Travel,1595.12,0
3810,9943,2020-12-18,Shopping,7745.42,0
3811,45349,2024-12-12,Rent,2958.33,0
3812,3269,2026-02-27,Rent,383.06,0
3813,11840,2018-06-12,Fund Transfer,1336.3,0
3814,12101,2019-11-22,Groceries,1824.82,0
3815,64191,2026-06-13,Salary Credit,4540.84,0
3816,4797,2020-05-24,Dining,4608.53,0
3817,12559,2024-09-24,Utilities,4351.57,0
3818,5578,2023-05-08,Education,514.18,0
3819,880,2022-04-03,Rent,878.83,0
3820,58742,2022-09-27,Education,674.94,0
3821,40322,2022-08-21,ATM Withdrawal,2192.78,0
3822,27622,2025-10-30,Entertainment,3992.21,0
3823,8895,2023-01-13,Dining,179.72,0
3824,21032,2023-06-13,Utilities,2848.78,0
3825,59052,2021-11-07,Insurance,552.08,0
3826,12345,2022-06-03,Groceries,53.35,0
3827,38100,2018-05-10,Utilities,378.62,0
3828,54953,2023-09-26,Utilities,1060.63,0
3829,14777,2018-05-05,Salary Credit,740.47,0
3830,17129,2024-01-11,Rent,911.19,0
3831,5894,2025-02-13,Utilities,3368.44,0
3832,25440,2021-09-30,Insurance,707.93,0
3833,52363,2020-05-18,Shopping,1368.88,0
3834,42824,2024-10-12,Travel,2156.87,0
3835,50898,2019-08-06,Fuel,285.08,0
3836,4957,2018-08-12,ATM Withdrawal,2127.68,0
3837,47490,2018-06-16,Groceries,493.07,0
3838,52404,2025-10-10,Healthcare,820.94,0
3839,10252,2025-01-19,Fuel,585.25,0
3840,4968,2024-10-12,Travel,136.8,0
3841,22553,2024-03-30,Education,1461.04,0
3842,23096,2023-09-25,Education,2665.21,0
3843,47748,2018-07-25,Shopping,3451.0,0
3844,54932,2019-08-02,Shopping,965.85,0
3845,8369,2023-04-16,ATM Withdrawal,2358.47,0
3846,6703,2026-02-24,Rent,1287.71,0
3847,6357,2023-11-20,Healthcare,857.89,0
3848,44629,2024-01-10,Dining,447.37,0
3849,15116,2020-06-17,Utilities,3399.86,0
3850,1595,2025-03-16,Salary Credit,4690.31,0
3851,36660,2024-04-04,ATM Withdrawal,1478.37,0
3852,40406,2018-07-12,Education,5146.64,0
3853,32881,2020-08-15,Insurance,91.62,0
3854,46900,2025-09-15,ATM Withdrawal,3142.27,0
3855,34515,2025-04-05,Insurance,1633.56,0
3856,48619,2025-07-09,Rent,664.26,0
3857,18407,2023-06-27,Entertainment,2081.88,0
3858,28867,2023-02-11,Groceries,811.59,0
3859,34770,2026-03-17,Fuel,5688.25,0
3860,36135,2025-10-17,Insurance,51.93,0
3861,44347,2020-01-01,Fund Transfer,647.85,0
3862,58867,2019-04-08,Insurance,1580.16,0
3863,19363,2021-03-18,Education,2536.42,0
3864,3790,2020-06-04,Healthcare,945.1,0
3865,18512,2025-06-22,Travel,472.2,0
3866,62249,2019-12-05,Salary Credit,130.97,0
3867,41490,2018-04-01,Fund Transfer,4396.21,0
3868,63813,2018-04-15,Dining,330.55,0
3869,35281,2025-12-30,ATM Withdrawal,2206.35,0
3870,22432,2020-06-16,Entertainment,4071.05,0
3871,38702,2020-02-20,Healthcare,2734.87,0
3872,4485,2025-07-19,Insurance,1264.99,0
3873,2480,2024-09-28,Utilities,1427.09,0
3874,61915,2019-10-02,Rent,1610.42,0
3875,15178,2025-06-24,Fund Transfer,2562.66,0
3876,53881,2022-11-30,Insurance,1669.25,0
3877,2230,2021-11-06,Groceries,1907.23,0
3878,46541,2023-06-03,Fuel,196.44,0
3879,53990,2019-02-13,ATM Withdrawal,1863.02,0
3880,50222,2022-03-19,Travel,5395.2,0
3881,57002,2025-03-24,Entertainment,58.0,0
3882,23882,2025-09-30,Utilities,4242.15,0
3883,5332,2024-05-31,Education,1190.62,0
3884,28772,2018-04-02,Utilities,4631.88,0
3885,1876,2025-01-18,Education,1428.73,0
3886,57765,2025-04-14,ATM Withdrawal,1332.12,0
3887,45411,2024-12-22,Healthcare,2998.77,0
3888,10264,2024-07-24,Fuel,945.89,0
3889,28329,2019-03-26,Travel,1676.15,0
3890,17343,2023-01-12,Travel,3982.93,0
3891,31403,2021-09-26,ATM Withdrawal,531.42,0
3892,60933,2023-10-20,Healthcare,1880.46,0
3893,34691,2020-03-31,Travel,920.95,0
3894,34714,2021-07-14,Fund Transfer,361.37,0
3895,9490,2021-04-26,Rent,472.14,0
3896,5363,2018-02-05,Salary Credit,396.99,0
3897,37364,2021-01-16,Utilities,175.31,0
3898,63406,2020-07-03,ATM Withdrawal,3834.55,0
3899,63089,2019-09-03,Travel,3791.43,0
3900,27681,2018-11-18,Healthcare,1988.23,0
3901,17519,2024-03-22,Dining,3355.17,0
3902,62538,2018-07-21,Shopping,4205.25,0
3903,26781,2025-12-10,Shopping,1002.13,0
3904,11509,2022-03-11,Groceries,1438.2,0
3905,49020,2019-11-25,Education,416.21,0
3906,26265,2024-04-04,Dining,2694.54,0
3907,54195,2025-03-09,Fund Transfer,2343.49,0
3908,11713,2020-06-18,Groceries,883.56,0
3909,24863,2020-01-19,Insurance,4038.42,0
3910,12597,2026-03-02,Salary Credit,150.3,0
3911,29677,2021-03-26,Fuel,2588.0,0
3912,30289,2024-02-28,Rent,2588.8,0
3913,46760,2021-11-05,Entertainment,847.37,0
3914,42357,2023-07-19,Dining,294.57,0
3915,37018,2025-12-09,Salary Credit,739.7,0
3916,12237,2019-12-23,ATM Withdrawal,8439.89,0
3917,21918,2022-04-01,Healthcare,2058.69,0
3918,18212,2018-10-31,Fund Transfer,2627.5,0
3919,53466,2024-04-05,Groceries,2260.7,0
3920,64826,2025-06-25,Entertainment,983.09,0
3921,32034,2019-01-02,Salary Credit,109.86,0
3922,44355,2026-04-22,Insurance,576.81,0
3923,49565,2023-09-08,Dining,329.11,0
3924,16283,2026-05-01,Education,1650.05,0
3925,28893,2023-12-11,Dining,11725.78,0
3926,58720,2024-05-12,ATM Withdrawal,5527.38,0
3927,16713,2022-06-26,Groceries,3050.67,0
3928,22146,2021-01-29,Dining,160.34,0
3929,51832,2020-04-20,Healthcare,1117.15,0
3930,32198,2024-04-23,Utilities,5110.92,0
3931,13031,2025-05-02,Entertainment,2938.59,0
3932,35804,2018-01-23,Travel,4496.73,0
3933,32850,2025-06-26,Healthcare,78.81,0
3934,37027,2025-01-20,Entertainment,622.58,0
3935,932,2020-08-28,Entertainment,2113.17,0
3936,23417,2026-04-17,Utilities,517.58,0
3937,12767,2022-01-07,Groceries,141.15,0
3938,48873,2024-06-28,Insurance,555.5,0
3939,61929,2019-07-20,Education,1051.62,0
3940,15745,2025-02-28,Salary Credit,1817.6,0
3941,28692,2018-09-10,Education,540.72,0
3942,23765,2020-11-03,Fund Transfer,928.94,0
3943,49386,2020-04-24,Groceries,4134.85,0
3944,8350,2024-12-28,Fuel,5390.27,0
3945,39946,2025-01-12,Groceries,2066.48,0
3946,17112,2019-05-03,Insurance,349.4,0
3947,49643,2021-05-26,Healthcare,654.7,0
3948,44229,2020-03-05,Rent,57.92,0
3949,52792,2024-01-19,Dining,404.59,0
3950,40317,2025-10-21,Fuel,1325.71,0
3951,53061,2021-04-19,Education,919.68,0
3952,61133,2025-10-31,Fund Transfer,480.08,0
3953,18085,2024-03-07,Dining,1501.25,0
3954,23118,2019-09-06,Healthcare,389.46,0
3955,2598,2022-09-24,Rent,3048.48,0
3956,42587,2018-10-30,Fuel,1036.88,0
3957,60202,2025-12-09,Travel,382.07,0
3958,7028,2021-05-22,Fund Transfer,1094.77,0
3959,162,2022-02-20,Rent,4634.54,0
3960,57618,2020-12-16,Dining,356.72,0
3961,24362,2022-10-07,Rent,1069.03,0
3962,6873,2020-05-18,Fund Transfer,2858.37,0
3963,61991,2024-04-20,Entertainment,3343.05,0
3964,8798,2020-06-08,Salary Credit,184.68,0
3965,1149,2022-07-14,Insurance,3712.85,0
3966,36236,2024-07-20,Dining,6304.28,0
3967,45531,2023-02-18,Groceries,851.09,0
3968,49764,2022-08-01,Education,1181.37,0
3969,32541,2020-11-29,Healthcare,1879.14,0
3970,23701,2023-10-09,Fuel,1292.67,0
3971,23398,2020-01-28,Insurance,370.27,0
3972,36805,2025-08-05,Healthcare,2060.66,0
3973,26153,2024-12-19,Groceries,2126.35,0
3974,8958,2023-04-09,Utilities,2793.43,0
3975,25780,2023-06-27,Dining,6620.22,0
3976,9374,2023-03-16,Shopping,1236.07,0
3977,10488,2022-04-22,Salary Credit,1081.05,0
3978,26975,2020-10-01,Shopping,3097.5,0
3979,16687,2023-02-05,Insurance,1772.84,0
3980,61517,2026-03-06,Utilities,2387.79,0
3981,50748,2025-10-28,Rent,156.88,0
3982,12586,2019-07-20,Fund Transfer,2217.89,0
3983,10349,2025-07-08,Education,3303.86,0
3984,41238,2022-02-04,Fund Transfer,1195.82,0
3985,51411,2025-11-05,Rent,2004.35,0
3986,60530,2022-06-09,Salary Credit,5276.3,0
3987,23391,2020-12-11,Dining,367.31,0
3988,13758,2022-03-30,Travel,213.87,0
3989,30582,2022-07-31,Insurance,1426.02,0
3990,11552,2019-03-08,Insurance,1004.27,0
3991,43781,2024-06-02,Insurance,359.44,0
3992,14721,2020-06-13,Fuel,1529.56,0
3993,24984,2020-07-21,Fuel,1262.47,0
3994,64263,2019-08-05,Fund Transfer,3060.16,0
3995,42607,2021-04-26,Fund Transfer,5896.2,0
3996,42731,2024-03-20,ATM Withdrawal,2588.96,0
3997,47860,2023-07-11,Utilities,313.4,0
3998,60682,2022-11-18,Shopping,1614.28,0
3999,19439,2019-06-06,Rent,1448.92,0
4000,44393,2025-08-26,Dining,1906.52,0
4001,52259,2020-08-18,Fund Transfer,3871.87,0
4002,32457,2024-11-07,Fund Transfer,3706.97,0
4003,10699,2025-02-26,Healthcare,2424.87,0
4004,16279,2020-02-07,Healthcare,1449.13,0
4005,44892,2022-01-16,Travel,349.87,0
4006,33874,2018-10-19,Shopping,241.12,0
4007,28824,2025-05-25,Healthcare,1316.84,0
4008,14312,2020-10-08,ATM Withdrawal,174.19,0
4009,33671,2022-05-01,Fuel,330.78,0
4010,41753,2021-05-20,Dining,568.78,0
4011,3343,2022-12-24,Travel,613.61,0
4012,8240,2020-11-26,Education,241.2,0
4013,32515,2024-02-13,Fuel,2481.62,0
4014,23672,2021-11-17,Education,5312.6,0
4015,1501,2019-03-13,Insurance,1243.52,0
4016,10517,2019-01-13,Salary Credit,1839.3,0
4017,52632,2024-07-01,Dining,71.87,0
4018,19116,2025-06-15,Insurance,4354.4,0
4019,13108,2023-04-19,Dining,1567.14,0
4020,57710,2025-06-21,Fuel,772.67,0
4021,43127,2022-09-07,Shopping,1132.44,0
4022,21974,2022-10-04,Education,528.06,0
4023,3580,2022-02-13,Dining,3640.29,0
4024,20433,2018-12-14,Insurance,6090.87,0
4025,55527,2021-09-21,Salary Credit,254.0,0
4026,57282,2022-11-28,Education,6486.6,0
4027,5956,2020-12-12,Salary Credit,1147.09,0
4028,27897,2024-10-02,Entertainment,685.85,0
4029,43281,2022-04-01,Travel,7612.88,0
4030,58050,2026-02-10,ATM Withdrawal,4337.94,0
4031,14824,2020-04-25,Salary Credit,2862.38,0
4032,9544,2018-12-25,Fund Transfer,168.86,0
4033,46862,2022-10-30,Entertainment,626.57,0
4034,28709,2019-11-06,Travel,2358.8,0
4035,12560,2022-11-19,Utilities,289.36,0
4036,28594,2023-11-01,Fund Transfer,916.11,0
4037,12741,2019-01-25,Dining,709.47,0
4038,160,2022-10-26,Fund Transfer,2859.15,0
4039,14868,2019-03-29,Fuel,1774.65,0
4040,14996,2024-09-29,Travel,1689.11,0
4041,25591,2019-05-24,ATM Withdrawal,565.17,0
4042,13905,2018-11-15,Insurance,854.56,0
4043,11606,2025-09-30,Rent,743.57,0
4044,7413,2022-04-29,Shopping,159.61,0
4045,51220,2018-11-28,Dining,3218.18,0
4046,19542,2024-01-23,ATM Withdrawal,2692.24,0
4047,36911,2021-10-16,ATM Withdrawal,1001.37,0
4048,18184,2019-12-30,Fund Transfer,346.83,0
4049,62764,2020-09-03,Entertainment,2304.85,0
4050,35237,2023-07-10,Shopping,4321.59,0
4051,48198,2023-02-10,Fuel,1350.97,0
4052,8615,2022-03-20,Shopping,2866.54,0
4053,7292,2018-03-23,Utilities,670.51,0
4054,42491,2018-08-12,Shopping,3789.31,0
4055,39395,2023-07-03,Dining,306.88,0
4056,9377,2022-06-18,Travel,86.43,0
4057,18744,2018-05-08,Rent,454.6,0
4058,22487,2023-08-21,Travel,4700.96,0
4059,9140,2020-01-27,Dining,1982.03,0
4060,64571,2018-03-30,Insurance,902.29,0
4061,54315,2019-06-23,Healthcare,79.16,0
4062,27822,2025-10-31,Entertainment,50.36,0
4063,55947,2025-05-08,Travel,1910.52,0
4064,20940,2025-04-22,Rent,1953.92,0
4065,36915,2021-01-10,ATM Withdrawal,484.2,0
4066,51258,2019-08-22,Travel,259.14,0
4067,5678,2022-01-01,Shopping,310.85,0
4068,15785,2025-08-13,Dining,161.19,0
4069,29940,2021-12-16,Salary Credit,2838.3,0
4070,32000,2026-05-06,Travel,2509.42,0
4071,53382,2019-08-14,Fund Transfer,1865.43,0
4072,10668,2021-10-21,Utilities,1585.2,0
4073,39918,2024-02-26,Groceries,1279.76,0
4074,7264,2023-09-12,Entertainment,1900.02,0
4075,42860,2024-02-13,Entertainment,138.85,1
4076,55600,2024-10-25,Dining,1990.73,0
4077,61502,2018-06-08,ATM Withdrawal,5124.21,0
4078,15844,2023-12-23,Dining,3893.35,0
4079,8323,2022-12-15,Groceries,1666.96,0
4080,5115,2024-05-27,Fuel,2138.69,0
4081,5761,2025-10-16,Education,1751.71,0
4082,893,2023-09-02,Healthcare,247.26,0
4083,31950,2026-03-25,ATM Withdrawal,1164.26,0
4084,26353,2021-09-05,Groceries,2158.73,0
4085,18425,2022-03-04,Travel,416.02,0
4086,31253,2024-11-07,Dining,197.63,0
4087,39264,2021-10-23,Shopping,1480.79,0
4088,44733,2024-07-01,Fuel,2058.78,0
4089,22981,2018-01-26,Entertainment,2181.97,0
4090,23243,2019-07-24,Shopping,1789.8,0
4091,18417,2026-04-02,Dining,116.49,0
4092,17518,2022-06-02,Rent,3823.5,0
4093,21818,2018-11-27,Dining,3714.4,0
4094,17869,2020-03-24,Shopping,1751.59,0
4095,39310,2026-06-15,Utilities,1446.0,0
4096,31013,2021-03-30,ATM Withdrawal,1813.56,0
4097,25832,2018-02-26,Groceries,2074.02,0
4098,18674,2021-08-04,Utilities,398.55,0
4099,44359,2020-04-26,Travel,190.51,0
4100,19802,2020-09-18,ATM Withdrawal,2510.73,0
4101,61957,2019-01-07,Groceries,664.51,0
4102,54420,2025-01-06,Insurance,7785.63,0
4103,26287,2020-09-20,Entertainment,4302.03,0
4104,28948,2019-02-14,Rent,888.02,0
4105,16978,2021-04-05,Shopping,6220.13,0
4106,41259,2020-08-04,Salary Credit,1840.26,0
4107,52391,2025-03-23,Salary Credit,1931.6,0
4108,62057,2021-01-27,Healthcare,7764.29,0
4109,11776,2023-03-17,Travel,950.92,0
4110,37554,2021-10-02,Healthcare,918.53,0
4111,54388,2021-01-04,Fuel,2630.67,0
4112,10898,2020-10-06,Utilities,2307.47,0
4113,2627,2021-06-28,Salary Credit,206.21,0
4114,397,2024-09-05,Groceries,85.57,0
4115,31439,2025-03-24,Dining,1325.65,0
4116,61451,2022-09-22,Travel,322.04,0
4117,63070,2021-05-22,Salary Credit,445.64,0
4118,61088,2019-07-28,Salary Credit,437.37,0
4119,7422,2023-03-10,Healthcare,930.75,0
4120,2855,2022-06-05,Groceries,3191.52,0
4121,52023,2020-09-21,Salary Credit,1820.75,0
4122,13504,2020-12-02,Groceries,1765.54,0
4123,60494,2022-03-06,Rent,993.19,0
4124,63479,2023-04-22,Insurance,1909.17,0
4125,33742,2021-01-27,Shopping,2488.87,0
4126,11286,2020-02-08,Insurance,878.25,0
4127,551,2024-05-01,Insurance,363.64,0
4128,22783,2021-06-28,Shopping,1582.33,0
4129,47482,2023-01-22,Rent,596.93,0
4130,9965,2024-10-19,Utilities,3170.82,0
4131,33774,2024-10-11,Rent,496.31,0
4132,13092,2020-02-05,Dining,5333.17,0
4133,49734,2022-05-25,Salary Credit,705.22,1
4134,47298,2022-07-15,Rent,93.45,0
4135,22408,2021-12-02,Education,1407.37,0
4136,10335,2021-04-08,Fund Transfer,4161.47,0
4137,34460,2022-10-09,Groceries,227.06,0
4138,26775,2019-02-20,Travel,1383.34,0
4139,6112,2021-09-03,Groceries,1514.89,0
4140,24704,2021-01-04,ATM Withdrawal,1459.13,0
4141,12516,2020-03-02,Travel,278.71,0
4142,53843,2024-06-15,Fund Transfer,153.39,0
4143,20190,2018-09-11,Utilities,293.73,0
4144,3953,2022-04-27,Rent,5938.85,0
4145,29915,2018-07-01,Education,932.36,0
4146,4128,2024-12-28,Insurance,5171.83,0
4147,9562,2023-01-01,Dining,350.97,0
4148,3765,2026-05-14,Entertainment,136.85,0
4149,57355,2022-11-14,Entertainment,1021.79,0
4150,64939,2018-06-22,Fuel,535.45,0
4151,41418,2026-05-25,Education,1467.18,0
4152,30958,2019-01-04,Entertainment,1770.2,0
4153,25803,2024-12-30,Shopping,1861.38,0
4154,33282,2021-10-30,Healthcare,365.57,0
4155,49537,2025-03-24,Fund Transfer,416.75,0
4156,9937,2018-10-09,Rent,3034.96,0
4157,49555,2026-02-28,Rent,153.17,0
4158,45172,2024-11-05,Fund Transfer,3539.16,0
4159,31755,2020-08-31,Fuel,1476.77,0
4160,53942,2023-02-25,Salary Credit,214.46,0
4161,58563,2022-05-14,Rent,948.99,0
4162,59230,2022-03-02,Groceries,2686.7,0
4163,19831,2025-12-09,Insurance,3789.88,0
4164,44248,2026-02-05,Salary Credit,615.76,0
4165,37545,2019-12-12,Rent,637.37,0
4166,29374,2022-05-23,Shopping,616.86,0
4167,59450,2019-09-11,Insurance,815.8,0
4168,54221,2018-02-09,Fund Transfer,3846.02,0
4169,1626,2025-11-27,Shopping,864.91,0
4170,13659,2021-06-05,Education,516.66,0
4171,15453,2020-05-04,ATM Withdrawal,180.18,0
4172,8886,2025-03-27,Fuel,4156.2,0
4173,20256,2022-02-28,Fund Transfer,1609.44,0
4174,9111,2020-04-22,Rent,3654.0,0
4175,39186,2018-11-20,Rent,2456.89,0
4176,54807,2020-06-19,Fund Transfer,2073.38,0
4177,22882,2018-11-27,Shopping,637.89,0
4178,8849,2019-06-09,Fuel,627.0,0
4179,55280,2026-03-27,Education,8035.69,0
4180,36546,2023-06-17,Education,122.4,0
4181,33915,2023-02-07,Travel,259.18,0
4182,21017,2022-09-26,Healthcare,52.95,0
4183,9944,2021-08-28,Rent,2499.66,0
4184,38400,2025-01-20,Entertainment,2823.16,0
4185,7815,2024-11-25,Groceries,887.46,0
4186,4200,2019-06-24,Fund Transfer,1540.58,0
4187,35351,2023-07-24,Salary Credit,996.77,0
4188,10948,2018-02-23,Education,2937.3,0
4189,52421,2026-06-18,Travel,740.91,0
4190,38403,2019-08-03,Salary Credit,937.19,0
4191,44250,2019-09-25,ATM Withdrawal,1344.02,0
4192,1225,2020-08-10,Groceries,645.31,0
4193,201,2025-11-25,ATM Withdrawal,590.85,0
4194,35873,2021-01-01,Groceries,1943.73,0
4195,49147,2018-03-01,Education,729.33,0
4196,61688,2020-03-19,Education,2811.26,0
4197,12399,2018-07-27,Utilities,1680.95,0
4198,40557,2026-06-20,Insurance,836.74,0
4199,44379,2021-02-08,Groceries,1726.61,0
4200,11582,2025-08-19,Education,2741.51,0
4201,46307,2024-12-23,ATM Withdrawal,847.64,0
4202,5728,2021-12-28,Fuel,5597.05,0
4203,32667,2020-09-04,Dining,411.75,0
4204,41213,2021-10-14,Insurance,69.84,0
4205,12132,2018-11-21,Utilities,1054.85,0
4206,51060,2021-04-14,Fuel,306.68,0
4207,34577,2018-12-18,Insurance,663.55,0
4208,45360,2023-02-01,Education,792.1,0
4209,13315,2018-09-24,Shopping,3482.05,0
4210,4865,2024-08-24,Rent,657.16,0
4211,48668,2024-02-07,Healthcare,887.47,0
4212,10542,2022-05-23,Education,1170.47,0
4213,59108,2020-03-06,Groceries,1906.73,0
4214,61998,2020-04-28,Fuel,159.39,0
4215,57319,2021-09-10,Insurance,644.87,0
4216,4568,2026-01-14,ATM Withdrawal,360.35,0
4217,17345,2026-02-11,Salary Credit,974.37,0
4218,62964,2026-01-20,Healthcare,4474.64,0
4219,17394,2020-03-18,Entertainment,336.4,0
4220,35866,2021-10-20,Education,346.89,0
4221,36740,2020-09-06,Utilities,796.27,0
4222,18757,2020-01-09,Travel,263.67,1
4223,53556,2019-01-07,Education,423.6,0
4224,46925,2021-05-25,Education,1145.78,0
4225,62838,2020-10-19,Utilities,4505.04,0
4226,29248,2021-12-08,Rent,223.23,0
4227,41221,2026-05-18,Education,4495.67,0
4228,10809,2025-10-18,Utilities,434.44,0
4229,34119,2024-10-07,Shopping,1231.43,0
4230,16576,2022-03-28,Utilities,136.76,0
4231,56736,2018-07-05,Insurance,3331.39,0
4232,18578,2020-05-20,Fund Transfer,678.21,0
4233,13301,2022-05-03,Travel,289.44,0
4234,39441,2022-10-14,Fuel,1288.64,0
4235,41412,2021-06-21,Utilities,9386.5,0
4236,64490,2024-08-04,Groceries,432.73,0
4237,41916,2022-12-20,Healthcare,248.69,0
4238,39174,2021-12-06,Salary Credit,954.95,0
4239,36240,2022-08-18,ATM Withdrawal,2470.54,0
4240,57796,2020-01-12,Travel,632.13,0
4241,31978,2021-06-22,Education,2310.64,0
4242,48941,2018-02-11,Insurance,868.33,0
4243,22378,2020-01-10,Entertainment,1478.02,0
4244,43021,2019-03-30,Healthcare,243.23,0
4245,30426,2022-09-05,Education,1153.77,0
4246,56610,2020-04-23,Education,1153.55,0
4247,59520,2024-03-05,Entertainment,519.58,0
4248,1582,2021-09-23,Entertainment,1152.78,0
4249,50461,2022-04-07,Insurance,1935.06,0
4250,29499,2019-08-09,Travel,6126.91,0
4251,42417,2024-08-07,Education,1710.87,0
4252,5324,2020-09-10,Salary Credit,3008.51,0
4253,54051,2023-02-16,Insurance,172.63,0
4254,27997,2019-02-28,Healthcare,407.55,0
4255,49304,2021-04-15,ATM Withdrawal,4335.4,0
4256,5326,2023-11-14,Groceries,5488.61,0
4257,46580,2021-02-01,Fuel,505.95,0
4258,47005,2024-12-05,Groceries,1862.07,0
4259,36661,2019-05-15,ATM Withdrawal,1134.68,0
4260,56120,2018-04-14,Fund Transfer,720.47,0
4261,43072,2020-12-31,Dining,943.43,0
4262,22404,2025-02-24,Education,689.07,0
4263,48885,2023-02-03,Insurance,235.2,0
4264,5750,2018-07-11,Fund Transfer,832.67,0
4265,31109,2021-03-24,Travel,3621.35,0
4266,44992,2024-06-16,ATM Withdrawal,4239.02,0
4267,5184,2023-12-04,Groceries,1548.83,0
4268,40166,2021-06-12,Travel,1612.21,0
4269,3494,2025-01-14,Salary Credit,954.45,0
4270,61278,2023-08-28,Entertainment,1394.2,0
4271,26539,2018-04-16,Dining,6923.5,0
4272,20272,2018-04-23,Entertainment,1368.49,0
4273,16084,2018-09-09,Rent,1170.15,0
4274,4273,2025-07-30,Fund Transfer,1494.5,0
4275,64059,2024-01-21,Rent,855.77,0
4276,14950,2021-08-08,Utilities,1377.55,0
4277,921,2018-11-12,Healthcare,3031.43,0
4278,30591,2021-02-19,Travel,515.65,0
4279,4159,2025-01-07,Fund Transfer,1754.14,0
4280,34363,2022-09-04,Rent,753.69,0
4281,9377,2018-08-19,Utilities,128.79,0
4282,21964,2023-08-19,Travel,1920.21,0
4283,5494,2026-02-13,Shopping,2111.3,0
4284,41239,2022-06-27,Fuel,693.19,0
4285,47040,2020-05-05,Salary Credit,809.94,0
4286,63639,2018-06-23,Utilities,2969.64,0
4287,58236,2021-04-07,Groceries,82.38,0
4288,62203,2018-04-19,Salary Credit,690.69,0
4289,51462,2025-12-16,Dining,3398.66,0
4290,10653,2020-11-17,Entertainment,1195.88,0
4291,54172,2020-05-10,Rent,568.41,0
4292,26872,2023-07-31,Entertainment,1555.73,0
4293,17983,2024-04-08,ATM Withdrawal,530.55,0
4294,24903,2019-06-30,Utilities,880.24,0
4295,47891,2020-08-07,Rent,1858.66,0
4296,22758,2023-02-22,Fund Transfer,615.26,0
4297,34316,2021-12-31,Groceries,1200.06,0
4298,34090,2024-01-25,Education,1579.82,0
4299,38959,2020-06-17,ATM Withdrawal,5648.94,0
4300,27550,2022-09-08,Fund Transfer,1348.31,0
4301,12501,2025-06-01,ATM Withdrawal,1590.4,0
4302,4634,2024-08-17,Rent,3389.67,0
4303,47550,2024-03-18,Rent,611.45,0
4304,54603,2025-11-29,Dining,2224.51,0
4305,9424,2022-03-12,Utilities,3478.81,0
4306,20721,2026-03-10,Healthcare,3289.27,0
4307,49340,2026-01-11,Groceries,615.77,0
4308,50107,2023-08-05,Rent,1735.68,0
4309,24826,2024-12-29,Salary Credit,378.42,0
4310,44784,2024-08-31,Utilities,1066.96,0
4311,46639,2020-03-04,Fund Transfer,3075.84,0
4312,9919,2021-08-20,Travel,266.69,0
4313,37390,2018-06-02,Fund Transfer,671.75,0
4314,56451,2019-12-20,Entertainment,3667.63,0
4315,63334,2023-10-23,Fund Transfer,1346.04,0
4316,18093,2018-03-23,Healthcare,581.81,0
4317,6948,2018-08-12,Salary Credit,2833.54,0
4318,42615,2020-11-15,ATM Withdrawal,1788.24,0
4319,35992,2019-08-08,Salary Credit,2100.92,0
4320,17967,2021-12-03,Insurance,4541.64,0
4321,9433,2022-01-11,Shopping,6066.01,0
4322,52204,2019-03-22,Dining,104.36,0
4323,64031,2024-10-25,Utilities,2504.19,0
4324,13241,2020-10-16,Travel,892.95,0
4325,2244,2022-11-23,Fuel,8474.33,0
4326,41144,2018-12-01,Groceries,154.63,0
4327,64298,2018-08-08,Shopping,741.99,0
4328,33336,2021-10-14,Dining,262.84,0
4329,64353,2026-06-23,Utilities,4083.27,0
4330,62075,2021-03-12,Insurance,1533.46,0
4331,52923,2025-11-26,Salary Credit,2038.86,0
4332,34905,2021-05-29,Dining,2668.8,0
4333,53159,2022-02-05,Shopping,1261.11,0
4334,50600,2020-08-28,Utilities,1068.73,0
4335,64708,2018-08-30,Insurance,1250.95,0
4336,10030,2019-01-09,Utilities,2188.08,0
4337,21066,2021-03-29,ATM Withdrawal,1474.03,0
4338,60676,2021-08-06,Dining,346.53,0
4339,29860,2024-09-15,Healthcare,1061.91,0
4340,28790,2020-06-11,Insurance,2068.88,0
4341,5249,2021-06-23,Education,176.56,0
4342,23568,2020-08-27,Fuel,4482.15,0
4343,51413,2021-04-02,Rent,1081.76,0
4344,52038,2021-08-03,Shopping,4442.25,0
4345,3086,2020-02-28,ATM Withdrawal,689.87,0
4346,28738,2022-09-23,Rent,3150.29,0
4347,57037,2022-04-22,Dining,242.93,0
4348,40782,2018-07-30,Education,1255.24,0
4349,48741,2023-03-22,ATM Withdrawal,1290.54,0
4350,12659,2025-07-03,Healthcare,2307.3,0
4351,4535,2018-09-27,Salary Credit,2388.99,0
4352,17792,2020-10-07,Shopping,3844.57,0
4353,3181,2021-12-18,Utilities,219.22,0
4354,4419,2022-03-16,Insurance,989.98,0
4355,59673,2018-08-03,Education,1518.86,0
4356,9607,2018-05-16,Salary Credit,755.98,0
4357,6162,2022-03-23,Rent,270.45,0
4358,10701,2025-03-12,Insurance,3114.22,0
4359,2355,2024-04-19,Education,4591.59,0
4360,26220,2019-03-11,Fuel,767.35,0
4361,17669,2025-12-07,Utilities,1043.56,0
4362,14706,2025-04-13,Fuel,911.8,0
4363,2635,2022-04-11,Shopping,1417.35,0
4364,13284,2026-05-10,ATM Withdrawal,301.08,0
4365,47651,2020-05-11,Travel,1620.32,0
4366,60832,2021-04-15,Education,3091.93,0
4367,12918,2020-01-03,Fuel,7531.97,0
4368,31417,2021-04-19,Dining,2297.91,0
4369,35990,2024-05-27,Fuel,110.72,0
4370,48549,2024-01-02,Dining,2963.15,0
4371,27624,2020-07-17,Rent,1398.81,0
4372,31869,2021-11-11,Utilities,890.38,0
4373,45902,2019-04-22,Salary Credit,104.97,0
4374,10024,2018-01-19,Utilities,3069.54,0
4375,9686,2025-03-31,Fuel,131.33,0
4376,34229,2024-11-04,Rent,758.0,0
4377,23106,2022-07-20,Salary Credit,902.93,0
4378,1160,2018-12-07,Rent,2109.79,0
4379,27970,2024-10-29,Rent,797.17,0
4380,14869,2026-01-25,Rent,312.07,0
4381,46178,2018-01-30,Fuel,1633.84,0
4382,4235,2019-08-10,Salary Credit,1537.34,0
4383,57411,2019-01-18,ATM Withdrawal,74.01,0
4384,3294,2026-02-20,Entertainment,5917.95,0
4385,55474,2023-09-22,Travel,335.24,0
4386,52203,2022-07-23,Salary Credit,1087.91,0
4387,39823,2020-07-24,Travel,432.17,0
4388,4079,2024-08-09,Rent,182.85,0
4389,46705,2025-05-03,Healthcare,1407.22,0
4390,55467,2021-07-11,Fuel,3653.26,0
4391,49480,2026-06-14,Entertainment,1729.35,0
4392,40241,2018-03-05,Utilities,259.62,0
4393,61372,2019-03-13,Shopping,2005.48,0
4394,3754,2021-01-17,Fund Transfer,1629.47,0
4395,10992,2020-06-20,Insurance,1102.53,0
4396,56885,2021-03-04,Rent,102.34,0
4397,17643,2018-03-22,Utilities,1134.02,0
4398,40387,2019-10-25,Education,1254.23,0
4399,55931,2018-12-24,Insurance,125.94,0
4400,24614,2020-06-21,Insurance,2472.99,0
4401,9096,2021-05-06,Healthcare,1308.43,0
4402,45737,2018-09-18,Insurance,1598.83,0
4403,39190,2019-04-07,Dining,2355.17,0
4404,2057,2022-08-29,Healthcare,57.22,0
4405,28271,2026-03-30,Education,3209.79,0
4406,15598,2020-12-14,Utilities,5239.4,0
4407,9181,2018-05-11,ATM Withdrawal,170.03,0
4408,38269,2022-04-23,Dining,2140.6,0
4409,14869,2021-12-05,Fuel,700.74,0
4410,56739,2025-04-16,Healthcare,529.43,0
4411,34565,2023-02-13,Rent,610.48,0
4412,58198,2025-08-25,Utilities,160.93,0
4413,45356,2021-07-28,Travel,3424.5,0
4414,4876,2022-04-02,Education,615.06,0
4415,18438,2018-06-17,Healthcare,1047.38,0
4416,32165,2019-04-11,Healthcare,2229.17,0
4417,16178,2021-03-26,Education,76.23,0
4418,49893,2021-03-30,Travel,1234.08,0
4419,57363,2025-01-21,Salary Credit,512.18,0
4420,23834,2019-06-18,Healthcare,8004.4,0
4421,7675,2023-09-07,Insurance,3445.88,0
4422,25048,2021-04-14,Travel,244.45,0
4423,12409,2025-08-07,Travel,2026.52,0
4424,36330,2020-05-26,Healthcare,934.13,0
4425,45843,2020-09-24,Healthcare,5324.65,0
4426,22705,2020-03-02,Healthcare,4466.69,0
4427,63777,2020-08-02,Fund Transfer,881.87,0
4428,56200,2019-08-22,Healthcare,897.11,0
4429,21974,2019-12-21,Groceries,1158.8,0
4430,51292,2022-10-09,Groceries,4243.66,0
4431,34694,2024-08-26,Groceries,1141.57,0
4432,57436,2021-06-20,Fuel,295.1,0
4433,36985,2024-01-21,Salary Credit,2681.07,0
4434,10677,2020-06-23,Healthcare,212.35,0
4435,42545,2022-08-02,Fuel,1530.64,0
4436,4882,2024-08-26,Insurance,2796.2,0
4437,59999,2019-10-03,Fund Transfer,225.97,0
4438,43315,2021-09-13,Healthcare,846.58,0
4439,35678,2023-04-19,Healthcare,626.1,0
4440,22292,2022-10-17,Insurance,516.33,0
4441,10286,2018-11-15,Shopping,277.62,0
4442,20859,2024-05-21,Fund Transfer,1187.43,0
4443,31082,2023-04-04,Fund Transfer,2364.26,0
4444,60469,2022-12-31,Travel,1166.03,0
4445,53188,2020-07-13,Fund Transfer,3684.32,0
4446,58409,2024-09-07,Entertainment,629.0,0
4447,9958,2023-09-30,Travel,539.72,0
4448,47901,2020-09-15,Groceries,1906.76,0
4449,36987,2022-10-08,Utilities,1076.25,0
4450,58730,2024-01-15,ATM Withdrawal,1589.12,0
4451,54843,2018-06-25,Salary Credit,435.79,0
4452,34387,2025-05-14,Groceries,2994.68,0
4453,55342,2021-04-07,ATM Withdrawal,533.5,0
4454,7475,2025-05-21,Healthcare,12131.48,0
4455,49632,2022-07-20,Dining,1474.75,0
4456,9312,2025-12-07,Fund Transfer,4522.35,0
4457,30669,2020-09-05,Fuel,1790.13,0
4458,37077,2018-04-06,Education,287.75,0
4459,43029,2019-01-29,Salary Credit,680.0,0
4460,48023,2020-01-05,Insurance,369.08,0
4461,43289,2019-12-11,Shopping,1369.04,0
4462,40163,2025-04-19,Entertainment,2991.82,0
4463,38297,2020-05-01,Healthcare,1460.84,0
4464,27463,2022-05-23,Dining,6593.14,0
4465,1581,2019-02-25,Groceries,1442.41,0
4466,15444,2020-09-30,Shopping,7695.66,0
4467,15915,2024-11-21,Rent,2878.28,0
4468,14064,2020-12-09,Groceries,1306.04,0
4469,28191,2021-08-30,Shopping,809.91,0
4470,55538,2023-05-07,Utilities,1685.24,0
4471,41527,2021-11-17,Entertainment,664.38,0
4472,21040,2018-02-20,Travel,1575.91,0
4473,9266,2025-06-02,Groceries,3194.18,0
4474,48297,2026-01-16,ATM Withdrawal,2267.72,0
4475,24790,2020-05-18,Rent,2787.49,0
4476,5169,2018-11-10,Entertainment,7152.66,0
4477,59127,2021-01-26,Entertainment,1101.41,0
4478,16552,2024-10-17,Healthcare,2940.64,0
4479,2413,2018-08-31,Healthcare,1056.69,0
4480,63451,2018-10-08,Healthcare,1061.06,0
4481,30513,2024-08-05,Entertainment,2218.16,0
4482,44438,2022-03-23,Shopping,2137.2,0
4483,59682,2024-12-15,Entertainment,442.06,0
4484,59049,2018-11-08,Groceries,1359.61,0
4485,26893,2025-05-11,Education,2464.96,0
4486,43286,2023-11-26,Healthcare,2151.51,0
4487,7700,2019-08-13,Insurance,1056.55,0
4488,27027,2025-07-26,Entertainment,1451.2,0
4489,17097,2021-10-27,Fuel,2513.81,0
4490,11377,2020-04-24,Shopping,1281.53,0
4491,47227,2023-04-07,Entertainment,507.53,0
4492,26367,2021-11-18,Rent,2469.37,0
4493,58540,2021-08-26,Fund Transfer,1967.24,0
4494,40318,2021-02-09,Shopping,175.35,0
4495,9619,2025-11-09,Fuel,1181.82,0
4496,59370,2018-08-13,Utilities,3557.32,0
4497,14175,2021-10-03,Education,2219.37,0
4498,8543,2024-07-21,Utilities,720.64,0
4499,63461,2022-03-25,Healthcare,2496.83,0
4500,35445,2020-03-11,Entertainment,1102.55,0
4501,33683,2023-07-23,Salary Credit,5659.46,0
4502,25679,2022-11-21,Insurance,1108.56,0
4503,51891,2025-08-20,Education,366.6,0
4504,22990,2026-04-18,Rent,1804.66,0
4505,49621,2022-10-23,Healthcare,1113.3,0
4506,9486,2026-05-11,Rent,3435.88,0
4507,33894,2024-06-18,Insurance,1925.52,0
4508,5427,2026-02-09,Utilities,3734.55,0
4509,29356,2022-12-24,Dining,311.39,0
4510,23202,2018-10-17,Fuel,2639.8,0
4511,64825,2024-06-01,Entertainment,3396.19,0
4512,23796,2025-07-23,Healthcare,2093.63,0
4513,10459,2022-03-09,Fund Transfer,710.37,0
4514,59059,2025-11-30,Rent,1127.39,1
4515,2595,2022-09-28,Rent,633.28,0
4516,21012,2018-07-13,Groceries,1667.94,0
4517,27307,2022-09-29,Shopping,129.2,0
4518,13182,2021-05-05,Entertainment,1358.74,0
4519,24393,2020-09-20,ATM Withdrawal,4928.36,0
4520,58600,2025-11-25,Rent,1702.2,0
4521,32542,2023-06-13,Groceries,1180.34,0
4522,42245,2021-11-06,Entertainment,8234.03,0
4523,62847,2019-04-30,Fuel,243.85,0
4524,50131,2018-06-17,Dining,322.23,0
4525,53499,2021-01-22,Dining,455.56,0
4526,36736,2019-11-10,Education,1290.77,0
4527,57881,2021-02-13,Insurance,2630.96,0
4528,52174,2018-01-09,Travel,1425.64,0
4529,4321,2020-03-26,Rent,214.87,0
4530,34499,2023-08-28,ATM Withdrawal,553.82,0
4531,47653,2019-11-10,Dining,2048.74,0
4532,31814,2022-02-10,Shopping,1701.15,0
4533,50977,2020-10-15,Utilities,612.44,0
4534,1394,2018-12-18,Shopping,3869.71,0
4535,4903,2022-06-04,Healthcare,125.22,0
4536,14405,2022-02-03,ATM Withdrawal,4389.1,0
4537,14253,2020-08-29,Dining,1931.57,0
4538,2264,2025-10-24,Salary Credit,5483.28,0
4539,40837,2021-01-03,Dining,2009.58,0
4540,15135,2019-07-18,Entertainment,1382.95,0
4541,22128,2018-06-13,Healthcare,5643.26,0
4542,43827,2022-03-19,Healthcare,431.31,0
4543,41812,2021-04-06,Travel,1666.59,0
4544,20346,2019-10-01,Fund Transfer,1389.25,0
4545,26358,2024-03-01,Insurance,455.52,0
4546,2951,2023-04-06,Rent,1564.49,0
4547,33381,2023-10-17,Shopping,594.93,0
4548,45485,2021-03-15,Travel,1451.06,0
4549,21307,2024-02-12,Salary Credit,1564.09,0
4550,60001,2024-11-19,Healthcare,8532.54,0
4551,21887,2024-01-15,Dining,1022.34,0
4552,5991,2020-08-26,Fuel,374.91,0
4553,26596,2025-06-07,Healthcare,1834.01,0
4554,33070,2018-01-10,Insurance,485.9,0
4555,44511,2022-07-21,Groceries,1197.12,0
4556,46806,2019-06-20,Travel,366.69,0
4557,13478,2019-09-06,Travel,4504.79,0
4558,38276,2025-01-22,Shopping,3471.59,0
4559,1911,2024-01-03,Insurance,220.97,0
4560,64290,2021-03-22,Groceries,1709.02,0
4561,27221,2018-12-01,Travel,1686.91,0
4562,36041,2020-05-30,ATM Withdrawal,1717.99,0
4563,22039,2023-03-03,Travel,267.49,0
4564,62470,2019-11-14,Education,1194.04,0
4565,52847,2020-04-27,Utilities,120.2,0
4566,19397,2019-01-17,Shopping,268.76,0
4567,32637,2026-03-21,Insurance,929.75,0
4568,45459,2021-09-08,Groceries,1787.64,0
4569,35235,2022-11-10,Entertainment,2361.79,0
4570,5730,2022-09-16,Shopping,2229.13,0
4571,51488,2018-12-07,Fuel,1085.94,0
4572,29187,2022-08-31,Shopping,7730.34,0
4573,28074,2020-10-02,Shopping,89.54,0
4574,7356,2021-08-27,Fund Transfer,1016.55,0
4575,7728,2020-04-05,Education,3914.15,0
4576,20275,2023-12-24,Groceries,2162.47,0
4577,50909,2024-06-04,Shopping,1784.46,0
4578,23684,2020-02-28,ATM Withdrawal,1839.82,0
4579,52828,2022-08-24,ATM Withdrawal,1882.8,0
4580,43056,2022-12-27,Insurance,744.09,0
4581,3100,2020-04-09,Salary Credit,2133.95,0
4582,36562,2019-08-14,Dining,1253.74,0
4583,37370,2019-06-28,Rent,144.31,0
4584,6676,2022-10-30,Groceries,989.64,0
4585,60642,2025-08-16,Entertainment,525.77,0
4586,54537,2022-04-28,Rent,5227.02,0
4587,44533,2018-11-24,Dining,1925.4,0
4588,25750,2023-05-06,Dining,1470.16,0
4589,4604,2021-03-20,Rent,1766.32,0
4590,9575,2018-08-04,Entertainment,924.54,0
4591,7369,2025-09-06,Shopping,791.22,0
4592,62258,2022-04-07,Utilities,5795.62,0
4593,50604,2022-04-03,Rent,4508.95,0
4594,22135,2025-03-11,Insurance,1277.7,0
4595,52622,2024-09-18,Fuel,3618.94,0
4596,49574,2020-01-24,Rent,2075.44,0
4597,54849,2024-12-08,Healthcare,404.22,0
4598,41513,2025-11-25,Healthcare,245.34,0
4599,11168,2019-03-10,Shopping,871.42,0
4600,57477,2019-07-02,Education,6482.74,0
4601,52148,2021-01-19,Rent,3002.94,0
4602,58828,2022-09-19,Fund Transfer,2148.36,0
4603,31047,2020-02-15,Education,933.98,0
4604,12893,2020-12-29,Fund Transfer,5441.9,0
4605,1391,2021-06-06,Rent,532.01,0
4606,39286,2020-07-14,Dining,1470.76,0
4607,62870,2021-01-06,Dining,554.75,0
4608,12291,2018-03-14,Entertainment,1794.85,0
4609,46427,2018-10-13,Travel,413.97,0
4610,27200,2020-06-25,Salary Credit,1487.77,0
4611,31405,2021-03-12,ATM Withdrawal,489.39,0
4612,59181,2018-07-13,Shopping,6774.24,0
4613,4996,2026-03-19,Rent,2967.0,0
4614,19944,2025-12-24,Insurance,713.69,0
4615,60978,2020-09-16,Healthcare,4356.21,0
4616,61647,2021-11-08,Groceries,685.75,0
4617,49764,2025-08-17,Insurance,689.04,0
4618,25565,2022-10-11,Salary Credit,2139.03,0
4619,32269,2023-07-17,Education,2094.65,0
4620,42126,2019-05-05,Utilities,755.19,0
4621,1756,2020-12-30,Travel,1810.11,0
4622,4845,2021-02-02,Dining,1731.88,0
4623,16164,2019-02-18,Insurance,8670.94,0
4624,36587,2019-11-30,Fund Transfer,4236.34,0
4625,51726,2023-03-09,Utilities,7077.07,0
4626,24276,2023-04-15,Education,349.26,0
4627,60428,2024-11-29,Travel,456.37,0
4628,22740,2024-12-10,Fund Transfer,1625.37,0
4629,11498,2025-11-17,Education,1329.83,0
4630,31350,2019-05-12,Salary Credit,808.41,0
4631,30525,2020-09-04,ATM Withdrawal,3849.77,0
4632,19975,2019-01-13,Fuel,126.28,0
4633,50496,2019-11-26,Dining,91.05,0
4634,61600,2021-04-09,Education,1165.66,0
4635,32755,2018-11-05,Insurance,893.64,0
4636,59882,2020-07-18,Entertainment,88.11,0
4637,27059,2025-09-23,ATM Withdrawal,242.31,0
4638,43308,2020-12-02,Entertainment,3310.73,0
4639,813,2022-12-07,Healthcare,4172.82,0
4640,17524,2019-08-30,Dining,1770.07,0
4641,6805,2021-11-17,Dining,1006.72,0
4642,5190,2019-02-23,Education,347.83,0
4643,7108,2025-10-07,Fuel,1949.09,0
4644,4634,2025-03-09,Groceries,1478.14,0
4645,4649,2025-10-08,Healthcare,600.98,0
4646,8054,2021-11-14,Entertainment,558.64,0
4647,57593,2021-10-21,Insurance,202.58,0
4648,2230,2020-11-23,Healthcare,519.0,0
4649,19644,2024-12-17,Rent,1123.65,0
4650,12170,2024-02-04,Groceries,4146.24,0
4651,38940,2025-07-15,Fuel,513.76,0
4652,7486,2021-05-08,Fuel,927.99,0
4653,25321,2023-06-30,Shopping,5765.32,0
4654,24083,2023-11-20,Travel,431.05,0
4655,43618,2020-03-02,Healthcare,3597.93,0
4656,38730,2019-02-03,Fuel,1844.07,0
4657,58285,2023-11-16,Dining,882.63,0
4658,28118,2018-11-24,Insurance,2209.62,0
4659,21450,2024-08-16,Entertainment,1701.94,0
4660,3359,2021-05-10,Salary Credit,825.84,0
4661,2718,2023-12-31,Salary Credit,557.59,0
4662,62057,2026-02-14,Insurance,230.9,0
4663,8336,2019-05-17,Insurance,70.6,0
4664,22916,2019-09-10,Fund Transfer,403.92,0
4665,9098,2020-06-23,Dining,839.72,0
4666,16805,2024-04-25,Salary Credit,536.38,0
4667,44472,2018-06-12,Insurance,1836.28,0
4668,46100,2019-02-26,Fund Transfer,503.71,0
4669,58940,2020-01-31,Utilities,9038.5,0
4670,34902,2018-04-27,Utilities,5899.52,0
4671,59275,2023-11-08,Travel,3501.81,0
4672,20753,2018-12-28,Fund Transfer,4818.81,0
4673,1680,2024-12-09,Rent,540.08,0
4674,5535,2023-03-11,Groceries,935.89,0
4675,3197,2019-08-29,Healthcare,1484.03,0
4676,52697,2021-12-24,Travel,1071.9,0
4677,16107,2025-08-29,Fund Transfer,1973.51,0
4678,43016,2023-04-27,Education,215.28,0
4679,47542,2021-03-10,Shopping,2125.32,0
4680,18163,2018-07-23,ATM Withdrawal,91.09,0
4681,33107,2021-02-14,Salary Credit,1344.76,0
4682,55953,2021-07-11,Education,7809.53,0
4683,3653,2025-08-28,Salary Credit,335.79,0
4684,8079,2024-10-14,Groceries,4874.06,0
4685,45622,2018-01-30,Groceries,154.55,0
4686,51241,2024-06-08,Fund Transfer,1604.9,0
4687,64740,2025-04-26,Utilities,2704.73,0
4688,5324,2021-02-25,Salary Credit,157.27,0
4689,31395,2022-07-09,Travel,296.01,0
4690,58227,2023-04-04,Shopping,1563.05,0
4691,39719,2024-01-06,Education,3487.43,0
4692,64675,2019-11-08,Dining,985.01,0
4693,15983,2024-07-30,Fuel,926.85,0
4694,47954,2025-08-12,Fund Transfer,518.96,0
4695,16776,2022-12-24,ATM Withdrawal,1294.07,0
4696,5891,2024-03-31,Insurance,1343.94,0
4697,18986,2019-05-29,ATM Withdrawal,340.02,0
4698,51657,2023-01-12,Dining,514.39,0
4699,60221,2020-11-29,Insurance,252.79,0
4700,30543,2019-07-17,Education,303.45,0
4701,49700,2022-08-15,Groceries,639.11,0
4702,60276,2024-09-02,Fuel,132.52,0
4703,8858,2024-12-24,Education,444.86,0
4704,40795,2018-08-16,Salary Credit,1349.91,0
4705,10933,2019-11-08,Travel,945.85,0
4706,13696,2021-02-05,Dining,762.26,0
4707,20075,2024-03-15,Salary Credit,7182.93,0
4708,9449,2018-08-24,Groceries,256.48,0
4709,49547,2021-03-18,Utilities,1496.37,0
4710,16498,2018-06-21,Insurance,1039.03,0
4711,17594,2020-08-19,Rent,1249.49,0
4712,22413,2020-03-16,Education,849.39,0
4713,43161,2018-05-03,Fund Transfer,189.41,0
4714,13633,2024-09-28,Groceries,5500.22,0
4715,55301,2018-10-29,Entertainment,2833.61,0
4716,43870,2024-06-04,Healthcare,1339.59,0
4717,32871,2022-06-26,Fund Transfer,3864.95,0
4718,53943,2019-01-24,Shopping,1575.6,0
4719,45187,2023-09-01,Healthcare,5593.03,0
4720,39244,2022-11-08,Insurance,3209.24,0
4721,22605,2021-06-08,Fund Transfer,1717.48,0
4722,28586,2025-04-30,Education,1031.98,0
4723,46940,2018-08-19,Shopping,750.12,0
4724,53701,2018-08-23,Shopping,579.92,0
4725,49005,2025-05-18,Healthcare,1599.44,0
4726,41229,2021-12-29,Fuel,2038.96,0
4727,44606,2018-07-03,Fund Transfer,501.37,0
4728,55093,2024-06-19,Utilities,1732.67,0
4729,33707,2022-04-15,Entertainment,4123.42,0
4730,56340,2023-09-28,Insurance,1791.49,0
4731,26759,2019-02-11,Salary Credit,5273.05,0
4732,1706,2024-04-16,Groceries,2407.39,0
4733,63916,2025-04-08,Insurance,1185.66,0
4734,61057,2025-07-17,Rent,4148.29,0
4735,58622,2023-05-15,Dining,1433.01,0
4736,19996,2021-07-09,Rent,203.36,0
4737,10200,2019-12-28,Travel,1547.59,0
4738,38091,2023-10-31,Travel,782.53,0
4739,20852,2021-02-11,ATM Withdrawal,583.18,0
4740,46890,2025-04-14,Fund Transfer,252.85,0
4741,50136,2020-01-19,Dining,5593.05,0
4742,16408,2022-10-17,Rent,506.25,0
4743,49989,2020-09-24,Utilities,628.15,0
4744,15817,2023-11-06,Travel,1468.31,0
4745,53456,2020-06-16,ATM Withdrawal,263.54,0
4746,11874,2020-03-04,Shopping,844.41,0
4747,14672,2026-04-15,Entertainment,2730.28,0
4748,38366,2022-10-06,Fuel,128.13,0
4749,18416,2025-06-10,Healthcare,462.18,0
4750,42291,2026-04-27,Rent,4306.96,0
4751,17979,2025-05-17,Insurance,2226.9,0
4752,21579,2023-09-08,Education,1530.7,0
4753,20506,2018-07-22,ATM Withdrawal,3491.93,0
4754,4490,2022-03-24,Insurance,201.52,0
4755,40297,2023-10-26,Insurance,3798.04,0
4756,48262,2020-08-25,Travel,875.59,0
4757,14577,2018-04-28,Entertainment,533.33,0
4758,64446,2019-06-14,Insurance,835.8,0
4759,4055,2024-11-28,Fund Transfer,1673.81,0
4760,39734,2024-04-19,Fuel,969.38,0
4761,39415,2022-04-23,Salary Credit,947.3,0
4762,43667,2023-10-15,Insurance,698.94,0
4763,56394,2021-09-27,Education,483.35,0
4764,42420,2025-03-10,Dining,138.26,0
4765,5896,2023-03-16,Education,5182.03,0
4766,1586,2020-01-11,Insurance,5215.65,0
4767,47992,2019-09-09,Travel,603.06,0
4768,53005,2026-05-24,Utilities,193.83,0
4769,38157,2018-12-02,Salary Credit,1107.84,0
4770,29216,2025-11-21,Groceries,719.34,0
4771,32512,2019-03-27,Travel,743.63,0
4772,277,2021-06-12,Insurance,678.1,0
4773,43287,2020-10-31,ATM Withdrawal,564.99,0
4774,30496,2021-05-20,Salary Credit,85.76,0
4775,2782,2023-06-08,Utilities,609.79,0
4776,55182,2022-03-01,Utilities,1295.57,0
4777,13926,2019-11-12,ATM Withdrawal,6786.34,0
4778,63603,2024-02-12,Fund Transfer,1093.99,0
4779,28866,2018-01-08,Utilities,430.8,0
4780,24796,2025-03-29,Fund Transfer,1159.07,0
4781,8655,2023-01-26,Groceries,2023.98,0
4782,26773,2020-01-06,Dining,2223.94,0
4783,10533,2024-04-13,Rent,6190.11,0
4784,19197,2021-02-01,Groceries,825.01,0
4785,327,2018-05-31,Groceries,2285.47,0
4786,40817,2020-11-15,Travel,1386.2,0
4787,18576,2018-02-04,Fund Transfer,1298.65,0
4788,29661,2018-04-30,Salary Credit,961.98,0
4789,19498,2018-03-27,Dining,1675.36,0
4790,41676,2022-12-18,Dining,1072.38,0
4791,23087,2022-12-25,Utilities,684.62,0
4792,56659,2026-02-21,Dining,1194.45,0
4793,28012,2021-05-21,Salary Credit,190.0,0
4794,56006,2021-09-05,Groceries,1933.54,0
4795,3099,2025-03-26,Dining,2617.08,0
4796,46681,2025-01-17,Education,1395.42,0
4797,6873,2019-08-18,Entertainment,4501.33,0
4798,5097,2026-06-06,Salary Credit,1051.41,0
4799,48155,2022-08-17,Rent,7266.41,0
4800,30833,2022-11-16,Utilities,1967.47,0
4801,5336,2025-09-25,Shopping,657.04,0
4802,17605,2023-04-12,Fund Transfer,185.87,0
4803,41796,2020-06-09,Rent,744.93,0
4804,60864,2022-12-20,Rent,1043.31,0
4805,9708,2024-09-15,Shopping,1390.35,0
4806,1899,2022-09-18,Shopping,83.71,0
4807,8881,2021-01-05,Healthcare,1862.53,0
4808,44370,2020-07-10,Dining,282.71,0
4809,42757,2025-07-20,Salary Credit,5201.21,0
4810,22822,2019-08-05,Fund Transfer,1108.89,0
4811,33645,2024-07-16,ATM Withdrawal,3597.34,0
4812,13117,2021-05-13,Healthcare,4525.13,0
4813,9458,2022-04-08,Entertainment,1598.61,0
4814,38266,2020-05-20,ATM Withdrawal,2385.54,0
4815,20549,2018-02-03,Travel,755.79,0
4816,24297,2023-09-25,Shopping,2374.5,0
4817,18965,2022-08-06,Travel,4473.41,0
4818,6391,2019-04-01,Insurance,2110.63,0
4819,3689,2023-02-10,ATM Withdrawal,60.03,0
4820,56897,2020-04-30,Entertainment,6611.09,0
4821,47785,2025-02-03,Utilities,407.96,0
4822,29415,2022-01-31,Healthcare,306.83,0
4823,15901,2023-07-29,Utilities,1261.27,0
4824,31704,2018-03-22,Fund Transfer,1230.84,0
4825,2949,2022-08-20,Insurance,1090.33,0
4826,56650,2021-09-17,Fund Transfer,102.26,1
4827,22271,2019-10-15,Entertainment,562.65,0
4828,12507,2022-11-05,Healthcare,363.16,0
4829,24134,2020-02-03,Fuel,1484.88,0
4830,38973,2024-02-22,Fund Transfer,146.91,0
4831,7767,2026-04-04,Entertainment,2472.85,0
4832,43437,2024-06-15,ATM Withdrawal,1449.11,0
4833,27289,2025-02-14,ATM Withdrawal,1092.8,1
4834,17673,2018-03-09,ATM Withdrawal,223.53,0
4835,20450,2024-08-27,Fund Transfer,1488.78,0
4836,25265,2023-05-04,Groceries,2599.81,0
4837,60278,2019-04-21,Groceries,2396.65,0
4838,47404,2025-03-15,Travel,356.37,0
4839,64754,2023-04-22,Shopping,1479.15,0
4840,58818,2023-09-06,ATM Withdrawal,1399.79,0
4841,51130,2025-08-26,Rent,354.02,0
4842,38522,2026-04-28,Dining,1404.81,0
4843,58369,2021-12-22,ATM Withdrawal,5079.99,0
4844,44727,2020-02-04,Utilities,387.35,0
4845,17764,2026-01-26,Insurance,896.36,0
4846,38627,2023-11-07,Fuel,890.99,0
4847,64682,2024-11-23,Insurance,2194.25,0
4848,36890,2020-03-18,Dining,1662.57,0
4849,22770,2019-06-22,Fuel,1567.22,0
4850,31469,2021-11-07,Insurance,1460.22,0
4851,10783,2018-11-02,Fund Transfer,804.34,0
4852,33335,2023-08-29,Education,1275.21,0
4853,34209,2024-01-03,ATM Withdrawal,238.97,0
4854,48296,2021-06-18,Fund Transfer,2509.29,0
4855,4624,2022-01-31,Education,1361.42,0
4856,11419,2022-07-25,ATM Withdrawal,859.62,0
4857,41229,2019-01-20,Fund Transfer,1798.35,0
4858,1315,2023-12-25,Travel,366.6,0
4859,46926,2019-02-04,ATM Withdrawal,1620.99,0
4860,48744,2021-01-16,Fuel,213.18,0
4861,43305,2025-03-11,Dining,312.48,0
4862,32106,2026-02-24,Groceries,938.88,0
4863,58622,2021-01-27,Fuel,1438.2,0
4864,35952,2025-09-06,Utilities,82.31,0
4865,61297,2023-03-24,Fund Transfer,323.18,0
4866,29964,2025-07-13,Utilities,334.99,0
4867,44361,2020-12-09,Shopping,4290.73,0
4868,40963,2020-05-12,ATM Withdrawal,1193.73,0
4869,18799,2023-10-23,Utilities,2342.54,0
4870,40528,2023-06-04,Healthcare,345.29,0
4871,55189,2024-09-08,ATM Withdrawal,1389.74,0
4872,58480,2024-01-20,Insurance,418.03,0
4873,24532,2024-07-04,Travel,1851.1,0
4874,1793,2025-08-08,Entertainment,2135.14,0
4875,22439,2025-06-11,Entertainment,1483.99,0
4876,55626,2018-12-19,Travel,1802.63,0
4877,31855,2021-01-15,Salary Credit,3701.14,0
4878,32058,2024-07-26,Entertainment,713.12,0
4879,12902,2025-12-06,Travel,131.98,0
4880,63191,2023-10-29,Travel,202.91,0
4881,6529,2021-07-21,Rent,957.92,0
4882,60439,2024-12-02,Education,892.92,0
4883,36717,2025-05-26,ATM Withdrawal,1254.55,0
4884,29432,2020-08-01,Travel,2853.19,0
4885,55832,2019-02-27,Education,58.33,0
4886,14961,2019-05-14,Fuel,325.47,0
4887,11909,2024-09-03,Entertainment,1841.19,0
4888,44504,2020-09-21,Fuel,758.36,0
4889,55066,2018-06-01,ATM Withdrawal,2165.8,0
4890,28115,2021-02-22,Rent,494.56,0
4891,31856,2020-11-03,Travel,289.5,0
4892,4069,2021-08-23,Salary Credit,554.83,0
4893,22705,2023-06-24,Salary Credit,164.85,0
4894,40530,2020-08-26,Shopping,180.72,0
4895,26248,2021-02-26,Entertainment,573.46,0
4896,57839,2025-11-19,Shopping,457.92,0
4897,10500,2018-01-19,Salary Credit,1782.01,0
4898,6993,2019-01-14,Dining,2194.77,0
4899,5853,2023-03-14,Fuel,950.12,0
4900,30989,2023-07-29,Entertainment,2869.72,0
4901,38432,2025-09-15,Fund Transfer,1198.2,0
4902,33022,2021-04-02,Travel,469.24,0
4903,40309,2020-10-14,Salary Credit,719.48,0
4904,7908,2020-01-18,Fund Transfer,84.46,0
4905,60791,2023-08-21,ATM Withdrawal,88.97,0
4906,29728,2018-12-05,Utilities,605.84,0
4907,44717,2019-05-02,Fuel,446.62,0
4908,42746,2019-01-07,Dining,1632.99,0
4909,43090,2021-10-24,Insurance,384.46,0
4910,6057,2021-08-22,Salary Credit,1148.55,0
4911,27983,2025-08-04,Fund Transfer,307.65,0
4912,42351,2023-04-03,Dining,1555.56,0
4913,27766,2020-05-29,Dining,665.09,0
4914,64722,2026-03-09,ATM Withdrawal,348.38,0
4915,23340,2018-11-06,Utilities,1694.73,0
4916,64537,2019-04-29,Groceries,1896.16,0
4917,8751,2026-06-01,Entertainment,582.12,0
4918,57555,2025-07-30,Fuel,2643.39,0
4919,6428,2020-04-13,Fund Transfer,924.29,0
4920,33752,2021-08-06,Education,3043.5,0
4921,26940,2018-10-08,Salary Credit,324.8,0
4922,25725,2023-11-27,Utilities,2562.09,0
4923,58481,2022-03-13,Insurance,3808.01,0
4924,44025,2019-05-20,Entertainment,1135.35,0
4925,56476,2022-10-03,Shopping,419.46,0
4926,2189,2024-02-25,Healthcare,999.01,0
4927,39367,2024-12-06,Fund Transfer,60.36,0
4928,45234,2023-09-08,Education,2676.15,0
4929,12715,2023-07-04,Entertainment,9959.49,0
4930,58498,2022-12-14,ATM Withdrawal,2025.62,0
4931,34235,2021-10-23,Education,5777.37,0
4932,23656,2022-03-03,Rent,792.98,0
4933,39856,2019-03-18,Utilities,1156.15,0
4934,63492,2023-06-25,Dining,619.06,0
4935,38773,2020-11-24,Dining,764.03,0
4936,42345,2025-05-04,Groceries,211.16,0
4937,49652,2020-10-27,Entertainment,1788.67,0
4938,64876,2026-01-29,Salary Credit,7250.68,0
4939,62443,2018-04-18,ATM Withdrawal,273.94,0
4940,62223,2024-01-30,Salary Credit,865.39,0
4941,28153,2019-04-03,Rent,1518.82,0
4942,18342,2021-12-12,Fuel,3625.16,0
4943,6178,2021-08-04,Insurance,1312.13,0
4944,14240,2021-09-16,Utilities,1631.46,0
4945,37108,2018-08-02,Groceries,217.36,0
4946,62340,2026-01-18,Fuel,1265.72,0
4947,52394,2021-04-11,Groceries,834.99,0
4948,59602,2025-05-03,Shopping,1844.6,0
4949,37184,2020-05-02,Insurance,3978.25,0
4950,50425,2024-05-16,Education,1655.81,0
4951,40245,2022-08-02,Fuel,5325.41,0
4952,48001,2019-05-19,Fuel,1839.77,0
4953,19902,2023-02-22,Groceries,290.33,0
4954,1261,2026-01-07,Education,565.67,0
4955,58423,2020-10-31,Utilities,2313.68,0
4956,31518,2025-06-25,Rent,861.11,0
4957,7477,2025-11-04,Travel,1392.66,0
4958,15364,2020-02-16,ATM Withdrawal,5078.34,0
4959,20287,2022-07-21,Dining,4938.34,0
4960,28094,2025-08-21,Groceries,107.16,0
4961,52378,2021-03-12,ATM Withdrawal,236.79,0
4962,16095,2025-12-31,Utilities,1496.53,0
4963,25155,2018-03-17,Groceries,671.17,0
4964,6487,2025-08-27,Education,243.78,0
4965,23366,2021-12-07,Salary Credit,2740.32,0
4966,47928,2020-12-26,Entertainment,6936.27,0
4967,25530,2026-04-05,Dining,416.26,0
4968,62254,2022-02-04,Shopping,90.57,0
4969,52906,2021-09-10,Utilities,658.19,0
4970,46795,2019-04-17,Fund Transfer,1721.29,0
4971,22707,2020-06-04,Dining,2117.02,0
4972,27197,2022-08-01,Healthcare,1027.22,0
4973,62736,2022-07-10,Healthcare,3198.88,0
4974,8796,2022-10-15,Shopping,841.76,0
4975,44891,2019-05-26,Healthcare,4220.83,0
4976,66,2018-05-06,Healthcare,1011.27,0
4977,46915,2023-11-11,Travel,340.85,0
4978,63695,2022-04-12,Rent,952.08,0
4979,11889,2020-11-08,Dining,405.96,0
4980,12962,2018-06-28,Travel,1778.1,0
4981,31187,2023-03-30,Rent,1908.49,0
4982,33218,2022-08-16,Salary Credit,241.84,0
4983,24277,2024-12-12,Fund Transfer,704.96,0
4984,13581,2020-09-05,Healthcare,102.77,0
4985,10262,2025-10-15,Dining,1708.82,0
4986,43895,2023-05-14,Fund Transfer,239.72,0
4987,34633,2022-03-02,Dining,1284.94,0
4988,32752,2021-01-30,Fund Transfer,1405.29,1
4989,41830,2025-03-17,Healthcare,292.76,0
4990,48932,2018-10-06,Fund Transfer,926.38,0
4991,50830,2021-12-16,Utilities,699.71,0
4992,13364,2021-09-08,Education,2672.4,0
4993,62910,2021-01-06,Shopping,3091.26,0
4994,32831,2023-08-20,Groceries,1266.53,0
4995,30,2019-04-19,Travel,4053.77,0
4996,44914,2022-02-11,Shopping,2296.37,0
4997,20656,2019-07-24,Entertainment,555.38,0
4998,40123,2025-11-17,Salary Credit,1058.56,0
4999,32498,2021-07-16,Travel,339.66,0
