transaction_id,account_id,txn_date,txn_type,amount,channel,merchant_category
1,42369,2018-03-13,Deposit,1817.91,Online Banking,Salary Credit
2,53934,2022-03-05,Withdrawal,12855.96,Mobile App,ATM Withdrawal
3,53478,2022-05-29,Deposit,8278.61,UPI,Education
4,5270,2024-01-27,Interest Credit,18183.95,Branch,Dining
5,85021,2023-01-19,Fee Debit,19658.07,UPI,ATM Withdrawal
6,94147,2018-04-09,Transfer Out,5883.59,Mobile App,Shopping
7,59970,2022-01-09,Transfer In,1217.66,POS,Utilities
8,82104,2025-05-06,Deposit,31325.3,Mobile App,Entertainment
9,36132,2025-12-03,Withdrawal,11403.29,Mobile App,ATM Withdrawal
10,87038,2018-11-18,Transfer Out,2862.01,UPI,Entertainment
11,38607,2022-08-19,Deposit,669.33,Online Banking,Fuel
12,79,2026-02-25,Transfer Out,1146.05,UPI,Fuel
13,84960,2019-01-03,Deposit,964.01,Mobile App,Dining
14,78608,2020-03-12,Deposit,1299.31,Branch,Insurance
15,33718,2018-12-31,Deposit,15282.45,Branch,Healthcare
16,36589,2018-01-23,Fee Debit,1018.49,POS,Fuel
17,56373,2019-07-19,Withdrawal,7928.87,Branch,Entertainment
18,47697,2025-05-16,Withdrawal,8026.48,Mobile App,Salary Credit
19,43069,2019-12-06,Transfer Out,14701.07,Online Banking,Healthcare
20,67273,2019-04-23,Deposit,12264.01,Online Banking,Groceries
21,76706,2022-04-20,Deposit,1880.94,ATM,Healthcare
22,43298,2024-11-21,Interest Credit,3248.53,UPI,Travel
23,22141,2022-04-15,Interest Credit,7108.4,Mobile App,Healthcare
24,24838,2022-02-14,Deposit,7531.02,Online Banking,Shopping
25,51249,2018-10-03,Deposit,5633.73,Online Banking,Salary Credit
26,22468,2024-05-10,Transfer Out,35822.9,Online Banking,Travel
27,21357,2018-01-27,Withdrawal,5471.36,ATM,Fund Transfer
28,1916,2020-11-13,Interest Credit,5615.17,Online Banking,Fuel
29,26111,2021-10-28,Interest Credit,13542.18,ATM,Fuel
30,57203,2022-06-09,Fee Debit,401.88,POS,Insurance
31,36748,2018-04-19,Withdrawal,6490.68,Branch,Fund Transfer
32,65441,2021-03-12,Deposit,4080.98,Mobile App,Education
33,31962,2026-05-31,Transfer In,4463.12,Branch,Travel
34,18488,2022-09-27,Withdrawal,1536.01,Branch,Insurance
35,39828,2019-12-12,Deposit,9206.09,ATM,Salary Credit
36,88089,2019-07-24,Transfer In,2721.04,Branch,Fund Transfer
37,11294,2020-02-11,Deposit,1724.23,Branch,Shopping
38,8189,2024-10-12,Withdrawal,776.2,UPI,Utilities
39,88026,2024-12-02,Withdrawal,13605.54,ATM,Fund Transfer
40,66960,2024-06-25,Deposit,8096.95,ATM,Fund Transfer
41,39468,2019-01-08,Transfer Out,3657.33,POS,Entertainment
42,64784,2018-03-11,Withdrawal,156.19,Online Banking,Healthcare
43,50877,2024-10-09,Transfer Out,899.8,Mobile App,Insurance
44,7547,2024-05-08,Transfer Out,11427.75,Mobile App,Salary Credit
45,32950,2018-09-13,Deposit,1337.62,Online Banking,Entertainment
46,64384,2025-07-14,Transfer In,675.94,Online Banking,Shopping
47,61373,2021-08-14,Deposit,5727.57,Branch,Insurance
48,54261,2018-11-21,Transfer In,7906.06,Online Banking,Insurance
49,38171,2023-06-24,Transfer In,9895.84,POS,Shopping
50,8624,2021-12-06,Transfer Out,1701.09,UPI,Fuel
51,92100,2018-04-14,Deposit,11982.34,Branch,ATM Withdrawal
52,3294,2022-04-04,Interest Credit,1153.79,UPI,Healthcare
53,89106,2020-05-02,Withdrawal,10668.33,Online Banking,ATM Withdrawal
54,84275,2020-09-18,Interest Credit,1816.64,UPI,Salary Credit
55,62289,2019-09-14,Deposit,7651.3,ATM,Dining
56,32484,2020-08-14,Withdrawal,12553.08,Mobile App,Shopping
57,4766,2024-03-26,Transfer Out,112.07,POS,Salary Credit
58,80827,2018-10-15,Withdrawal,419.56,UPI,Insurance
59,85410,2023-03-18,Deposit,2959.27,ATM,Healthcare
60,94592,2019-01-18,Withdrawal,2536.86,Online Banking,ATM Withdrawal
61,82563,2020-05-12,Withdrawal,2150.36,Online Banking,Healthcare
62,13298,2024-02-25,Transfer Out,7736.42,UPI,Healthcare
63,51359,2022-03-15,Transfer Out,15362.33,Online Banking,Travel
64,11634,2020-05-03,Deposit,21172.91,ATM,Insurance
65,84139,2021-06-11,Deposit,8288.09,UPI,Education
66,53449,2023-12-04,Transfer Out,3185.56,Mobile App,Shopping
67,58721,2021-10-01,Transfer Out,9349.2,Mobile App,Fund Transfer
68,75314,2023-09-25,Interest Credit,4675.94,UPI,Education
69,21861,2021-07-15,Transfer In,3087.77,Online Banking,Utilities
70,91267,2020-04-09,Transfer In,1465.12,POS,Rent
71,38223,2021-10-22,Transfer Out,22313.78,Branch,Travel
72,63146,2026-05-19,Transfer In,5830.81,Branch,Rent
73,47337,2020-02-25,Deposit,1445.69,UPI,Healthcare
74,38343,2018-02-23,Withdrawal,1863.74,Online Banking,Utilities
75,13147,2023-11-02,Fee Debit,1381.53,UPI,Fund Transfer
76,52855,2021-07-02,Transfer Out,2963.53,POS,Salary Credit
77,58750,2021-08-30,Transfer Out,9832.35,UPI,Education
78,82703,2019-05-26,Withdrawal,12116.31,POS,Dining
79,555,2024-08-18,Fee Debit,6830.26,Mobile App,Fuel
80,53184,2021-02-14,Fee Debit,195.84,Mobile App,Rent
81,84984,2023-12-04,Transfer In,3428.76,Mobile App,Insurance
82,15327,2019-06-03,Withdrawal,832.61,UPI,Entertainment
83,11274,2020-10-19,Deposit,1841.85,ATM,Groceries
84,36546,2018-01-22,Transfer Out,7939.29,Online Banking,Groceries
85,55439,2020-05-13,Fee Debit,6679.77,Branch,Groceries
86,61569,2021-10-27,Deposit,3357.8,POS,Fund Transfer
87,15778,2019-12-26,Deposit,18079.88,Online Banking,Dining
88,78539,2026-03-22,Fee Debit,3009.96,Mobile App,Rent
89,37473,2022-07-31,Fee Debit,5377.29,Mobile App,Insurance
90,194,2025-07-16,Deposit,7152.32,UPI,Utilities
91,67330,2019-04-03,Fee Debit,1531.73,Online Banking,Dining
92,32705,2021-12-16,Interest Credit,856.45,UPI,Utilities
93,77898,2024-06-26,Fee Debit,7169.58,Branch,ATM Withdrawal
94,67110,2018-07-01,Withdrawal,230.35,Online Banking,Entertainment
95,25613,2023-04-09,Deposit,185.55,UPI,Fund Transfer
96,78001,2025-12-14,Transfer In,4543.55,Mobile App,Insurance
97,11364,2025-11-26,Withdrawal,1723.87,UPI,Education
98,15110,2026-04-06,Fee Debit,8191.0,Branch,Fund Transfer
99,32164,2021-08-24,Interest Credit,5301.61,Mobile App,Salary Credit
100,7573,2020-11-28,Deposit,361.84,POS,Entertainment
101,82559,2020-05-03,Transfer Out,5431.65,POS,Utilities
102,39235,2019-09-05,Withdrawal,256.21,Branch,Entertainment
103,62202,2019-12-15,Deposit,747.26,Mobile App,Education
104,10328,2020-11-16,Withdrawal,27672.04,Branch,Groceries
105,36344,2026-02-11,Withdrawal,4840.26,Branch,Fund Transfer
106,69532,2024-08-19,Deposit,1391.99,ATM,Insurance
107,79984,2022-05-08,Deposit,7853.44,UPI,Fund Transfer
108,92604,2025-05-29,Withdrawal,9773.66,Online Banking,Healthcare
109,41569,2024-02-01,Transfer Out,22920.47,Online Banking,Fund Transfer
110,60448,2021-06-30,Withdrawal,1015.98,Mobile App,ATM Withdrawal
111,47239,2022-10-28,Transfer Out,103.54,Branch,Entertainment
112,1456,2019-06-02,Transfer In,4640.88,Branch,Education
113,15048,2019-03-22,Transfer In,455.19,Branch,Entertainment
114,7968,2018-03-24,Withdrawal,2268.85,POS,Education
115,66900,2023-02-13,Transfer Out,1452.71,Branch,ATM Withdrawal
116,23812,2023-04-12,Withdrawal,3045.45,ATM,Insurance
117,22826,2018-02-20,Deposit,8806.16,Mobile App,Fuel
118,19794,2020-04-01,Interest Credit,7635.06,Online Banking,Groceries
119,52271,2020-08-21,Withdrawal,540.43,Online Banking,Insurance
120,26750,2018-12-18,Transfer In,1205.79,ATM,Fuel
121,84154,2020-12-14,Interest Credit,361.89,Mobile App,Salary Credit
122,74839,2020-01-24,Withdrawal,2285.14,UPI,Insurance
123,93086,2025-06-09,Transfer Out,1780.02,POS,Dining
124,1378,2021-08-10,Transfer In,65.76,POS,Healthcare
125,86408,2022-02-14,Transfer Out,2290.86,Mobile App,Fund Transfer
126,85299,2025-05-20,Transfer Out,4262.8,ATM,ATM Withdrawal
127,57171,2023-09-04,Deposit,12912.33,UPI,Shopping
128,32874,2019-09-10,Transfer Out,2567.6,Online Banking,Salary Credit
129,12193,2023-03-18,Withdrawal,2359.88,Branch,Travel
130,35363,2022-07-19,Deposit,2316.68,Online Banking,Education
131,8836,2025-03-12,Deposit,1391.02,Online Banking,Education
132,87184,2025-11-13,Transfer Out,4902.94,POS,Salary Credit
133,41788,2024-10-20,Transfer Out,17593.82,UPI,Travel
134,43589,2025-04-03,Transfer In,2842.82,Branch,Healthcare
135,91818,2024-01-02,Deposit,675.27,ATM,Fund Transfer
136,7145,2026-01-31,Withdrawal,2547.5,POS,Rent
137,52519,2026-06-07,Withdrawal,7386.09,Mobile App,Utilities
138,8659,2024-04-30,Interest Credit,3426.38,ATM,ATM Withdrawal
139,29786,2026-01-01,Deposit,6048.37,ATM,Entertainment
140,87082,2020-12-04,Deposit,1401.5,Branch,Entertainment
141,61815,2025-07-19,Withdrawal,9977.3,Mobile App,Healthcare
142,56857,2023-12-01,Deposit,10901.91,Online Banking,Fuel
143,26238,2022-03-31,Fee Debit,13849.64,Mobile App,Dining
144,75916,2024-04-15,Fee Debit,13485.49,UPI,Insurance
145,75897,2022-10-26,Deposit,26719.06,Mobile App,Dining
146,58346,2025-07-05,Withdrawal,1017.75,ATM,Utilities
147,1586,2024-12-16,Interest Credit,16259.4,Mobile App,Travel
148,56908,2024-11-03,Transfer Out,17244.83,Online Banking,Fund Transfer
149,35016,2018-03-16,Fee Debit,471.07,Online Banking,Travel
150,44713,2018-07-10,Deposit,1898.67,Mobile App,Utilities
151,35003,2020-07-09,Transfer In,5998.59,Mobile App,Fund Transfer
152,92476,2020-02-07,Deposit,12919.05,POS,Healthcare
153,87461,2018-09-03,Transfer In,1179.41,Branch,Dining
154,75733,2023-11-20,Interest Credit,4950.75,Branch,Shopping
155,56483,2021-09-02,Transfer Out,6750.78,Branch,Rent
156,14834,2023-07-24,Fee Debit,9011.95,Branch,Fuel
157,40465,2019-08-18,Transfer Out,2649.14,POS,Fuel
158,60470,2025-09-26,Transfer In,4465.03,ATM,Groceries
159,15646,2024-07-02,Deposit,4817.79,ATM,Dining
160,25611,2024-05-02,Fee Debit,19767.28,UPI,Groceries
161,61627,2021-07-22,Transfer In,8744.81,Mobile App,Education
162,62002,2026-02-21,Deposit,4560.86,ATM,Travel
163,37238,2020-02-06,Withdrawal,19775.83,UPI,Entertainment
164,77608,2021-05-30,Deposit,10167.27,POS,Fund Transfer
165,14366,2026-03-26,Transfer Out,6724.41,ATM,Shopping
166,3479,2024-06-30,Transfer Out,7604.18,UPI,Salary Credit
167,40687,2018-06-22,Withdrawal,856.28,Branch,Rent
168,31214,2020-12-15,Withdrawal,4228.56,Branch,ATM Withdrawal
169,77624,2020-08-20,Withdrawal,2703.82,POS,Insurance
170,63888,2019-08-21,Transfer In,5327.01,UPI,Utilities
171,69579,2020-09-16,Interest Credit,363.32,POS,Dining
172,37317,2022-02-20,Withdrawal,3461.98,Mobile App,Fuel
173,71097,2022-10-03,Deposit,6901.08,POS,Groceries
174,51408,2023-03-19,Deposit,3688.42,Mobile App,Utilities
175,71010,2019-06-20,Deposit,4551.94,Online Banking,Fuel
176,24876,2022-10-23,Interest Credit,3051.87,Mobile App,Shopping
177,4936,2023-11-27,Withdrawal,3517.42,Online Banking,Fund Transfer
178,6511,2026-02-09,Transfer Out,973.16,POS,Travel
179,52340,2018-09-29,Transfer Out,3741.44,ATM,Dining
180,50922,2024-08-02,Interest Credit,10441.84,Mobile App,Healthcare
181,28269,2020-03-23,Deposit,14145.0,Mobile App,Rent
182,85721,2023-01-10,Deposit,7107.39,Mobile App,Utilities
183,6467,2020-09-01,Fee Debit,9633.67,POS,Fund Transfer
184,87870,2019-02-18,Deposit,1560.16,Branch,Shopping
185,21504,2024-02-13,Transfer Out,5873.64,Online Banking,Dining
186,78555,2019-04-16,Withdrawal,398.9,Mobile App,Rent
187,73964,2019-02-27,Transfer In,799.12,Mobile App,Entertainment
188,22668,2025-01-23,Deposit,3611.99,POS,Shopping
189,24781,2022-09-29,Fee Debit,1722.28,Online Banking,ATM Withdrawal
190,13330,2024-10-10,Deposit,10227.91,Mobile App,Shopping
191,93341,2025-07-04,Transfer In,9526.01,POS,Healthcare
192,3337,2024-07-20,Transfer In,2686.59,Mobile App,Travel
193,25759,2020-01-16,Deposit,256.18,POS,Education
194,37756,2025-07-15,Withdrawal,16304.7,Branch,Dining
195,11676,2020-06-21,Transfer Out,4502.06,Branch,Dining
196,59333,2021-07-27,Transfer Out,10686.04,POS,Insurance
197,16801,2020-04-06,Withdrawal,4094.55,Mobile App,Shopping
198,21317,2025-07-19,Interest Credit,7062.11,ATM,Groceries
199,7039,2023-09-20,Transfer Out,3914.01,Branch,Fuel
200,81691,2021-08-31,Transfer Out,4584.96,Mobile App,ATM Withdrawal
201,16757,2024-04-03,Fee Debit,1802.12,Branch,Rent
202,12990,2025-07-27,Deposit,2005.64,Mobile App,Travel
203,38151,2018-02-15,Transfer Out,6776.76,POS,Fund Transfer
204,68487,2018-07-28,Deposit,13642.46,ATM,Utilities
205,74848,2025-04-26,Withdrawal,27772.41,POS,Insurance
206,12166,2022-02-19,Transfer In,6282.08,Online Banking,Healthcare
207,70065,2018-11-16,Transfer Out,1630.65,ATM,Shopping
208,7964,2021-05-03,Withdrawal,401.36,POS,Travel
209,57444,2024-01-10,Fee Debit,4522.17,ATM,Travel
210,49211,2021-07-06,Deposit,1759.45,Branch,Salary Credit
211,82978,2020-03-04,Transfer In,8062.15,UPI,ATM Withdrawal
212,94862,2019-04-11,Withdrawal,1239.05,POS,Shopping
213,81954,2025-01-28,Interest Credit,4418.38,POS,Insurance
214,79048,2023-04-23,Withdrawal,714.6,Branch,Healthcare
215,93703,2018-05-03,Withdrawal,5677.52,Mobile App,Groceries
216,81541,2021-12-06,Transfer In,3650.05,Branch,Insurance
217,93333,2024-03-07,Interest Credit,13229.12,POS,Travel
218,9184,2018-07-13,Deposit,4970.11,ATM,Rent
219,75955,2020-07-15,Deposit,3102.44,UPI,Fuel
220,24312,2022-09-23,Transfer In,329.97,UPI,Education
221,32221,2020-02-01,Transfer Out,28114.26,Branch,Education
222,18999,2023-09-04,Withdrawal,5438.04,Mobile App,Dining
223,55426,2019-08-28,Interest Credit,22577.53,Mobile App,Entertainment
224,29642,2025-10-07,Deposit,9205.52,ATM,Dining
225,38476,2020-08-30,Withdrawal,4908.42,Branch,Entertainment
226,14507,2023-08-30,Deposit,9645.0,POS,Education
227,53120,2023-03-22,Withdrawal,9562.62,POS,Insurance
228,76319,2021-10-19,Transfer In,1419.33,ATM,Healthcare
229,70416,2018-04-16,Withdrawal,6622.15,Mobile App,Travel
230,78354,2019-06-11,Withdrawal,4112.69,Branch,Travel
231,28169,2021-10-27,Transfer In,4353.82,Mobile App,Utilities
232,18452,2020-08-31,Interest Credit,6046.45,UPI,Rent
233,38494,2026-06-17,Interest Credit,1870.37,ATM,Fuel
234,51376,2018-07-05,Fee Debit,458.09,POS,Fund Transfer
235,55405,2024-01-10,Transfer Out,2435.52,POS,Utilities
236,42856,2020-05-03,Transfer Out,7818.51,Online Banking,Education
237,66612,2020-07-20,Transfer In,937.26,POS,Insurance
238,19484,2019-11-19,Deposit,138.75,ATM,Salary Credit
239,80794,2025-07-23,Deposit,11663.49,ATM,Groceries
240,38458,2025-02-11,Withdrawal,5109.24,Online Banking,Entertainment
241,980,2019-09-05,Transfer Out,2093.7,POS,Dining
242,26152,2020-02-29,Deposit,6458.72,ATM,Insurance
243,64452,2022-08-04,Deposit,850.77,Online Banking,ATM Withdrawal
244,67482,2023-01-12,Transfer In,7258.16,Online Banking,Fuel
245,50561,2025-12-29,Transfer Out,1547.83,POS,Rent
246,79445,2024-11-13,Transfer Out,1873.33,ATM,Dining
247,78942,2023-11-20,Transfer In,8780.69,POS,Insurance
248,51893,2025-04-28,Deposit,9056.92,UPI,Groceries
249,58371,2023-11-28,Transfer In,4867.32,POS,Fund Transfer
250,38378,2022-01-15,Transfer In,1238.81,Branch,Fund Transfer
251,58051,2021-04-23,Withdrawal,1705.61,ATM,Salary Credit
252,12890,2024-09-19,Fee Debit,4568.82,UPI,Rent
253,35206,2019-04-07,Transfer Out,3016.94,UPI,Fuel
254,23831,2020-09-03,Transfer In,8397.45,UPI,Utilities
255,66873,2019-10-01,Transfer Out,2172.97,Online Banking,Fund Transfer
256,34547,2024-02-17,Fee Debit,12741.38,Online Banking,ATM Withdrawal
257,78565,2021-09-03,Transfer Out,8657.73,POS,Fuel
258,39779,2021-06-27,Fee Debit,6413.36,UPI,Insurance
259,5560,2025-02-10,Deposit,7782.88,Online Banking,ATM Withdrawal
260,67651,2019-10-03,Transfer Out,1557.44,Mobile App,Insurance
261,67217,2021-01-27,Deposit,3392.88,ATM,Shopping
262,65981,2026-03-01,Deposit,5498.07,ATM,Travel
263,33283,2020-04-06,Deposit,2832.06,POS,Groceries
264,409,2020-01-09,Transfer Out,7579.31,POS,Rent
265,44300,2025-04-21,Deposit,2614.74,POS,Dining
266,32827,2024-11-04,Deposit,5107.15,Mobile App,Fund Transfer
267,68574,2021-03-17,Withdrawal,10572.46,UPI,Education
268,73775,2023-10-09,Withdrawal,2092.87,UPI,Salary Credit
269,40605,2023-03-04,Fee Debit,4981.77,Branch,Rent
270,5359,2022-07-04,Transfer In,7919.74,Mobile App,Utilities
271,14446,2023-03-10,Withdrawal,1542.05,UPI,Fund Transfer
272,92375,2021-05-25,Transfer Out,4556.15,Online Banking,Utilities
273,73715,2018-12-16,Deposit,4420.24,Mobile App,Fuel
274,16710,2025-03-29,Withdrawal,681.75,Mobile App,Utilities
275,31475,2019-10-14,Deposit,2748.86,ATM,Shopping
276,73466,2018-09-22,Interest Credit,493.86,POS,Travel
277,86636,2022-10-22,Interest Credit,3829.2,Branch,Insurance
278,40431,2024-08-06,Withdrawal,2022.95,Mobile App,Fund Transfer
279,3086,2018-10-15,Transfer Out,2756.67,Mobile App,Education
280,76752,2018-03-25,Transfer In,17339.67,ATM,Groceries
281,81910,2026-01-02,Interest Credit,2243.7,Branch,Fuel
282,18975,2026-05-16,Fee Debit,3006.4,POS,Groceries
283,78590,2025-12-17,Transfer Out,27991.21,Branch,Education
284,88390,2020-12-09,Fee Debit,4003.75,POS,Insurance
285,58283,2018-12-14,Withdrawal,1073.67,ATM,Fund Transfer
286,31528,2024-08-09,Fee Debit,10870.19,Online Banking,Dining
287,39307,2020-02-22,Deposit,2061.51,Mobile App,Fund Transfer
288,44280,2020-11-28,Withdrawal,7987.71,ATM,Fund Transfer
289,67402,2022-04-23,Interest Credit,1058.59,Online Banking,Shopping
290,69876,2019-01-25,Fee Debit,8330.35,Online Banking,Rent
291,40340,2018-05-27,Transfer In,3272.99,Mobile App,Salary Credit
292,32792,2025-01-06,Deposit,4598.83,Mobile App,Utilities
293,32468,2026-03-24,Deposit,3728.48,UPI,Insurance
294,88567,2023-01-04,Deposit,12175.36,UPI,Dining
295,61290,2019-03-25,Transfer In,4895.52,UPI,Utilities
296,25454,2025-01-28,Deposit,872.33,POS,Education
297,64011,2018-08-06,Deposit,976.13,ATM,Rent
298,70552,2026-04-23,Interest Credit,1815.46,POS,Dining
299,58951,2019-12-06,Withdrawal,3514.29,Online Banking,Utilities
300,49045,2024-07-27,Deposit,8113.24,UPI,Fund Transfer
301,4889,2020-01-23,Transfer Out,1258.8,Mobile App,Entertainment
302,39489,2023-05-18,Withdrawal,13995.92,POS,Groceries
303,55651,2020-07-18,Deposit,91.08,Mobile App,Fund Transfer
304,3162,2025-06-03,Transfer Out,8267.97,UPI,Education
305,89436,2021-10-02,Withdrawal,1117.93,Branch,Entertainment
306,37253,2020-07-29,Deposit,2832.68,UPI,Utilities
307,5555,2020-08-07,Interest Credit,3845.51,Online Banking,Utilities
308,40989,2023-08-07,Deposit,2675.64,ATM,Groceries
309,30432,2025-04-19,Fee Debit,5302.86,Online Banking,Dining
310,9365,2018-06-11,Withdrawal,10615.12,POS,ATM Withdrawal
311,74444,2018-02-28,Deposit,1705.84,Online Banking,Education
312,67362,2018-01-07,Interest Credit,20133.35,Mobile App,Dining
313,36052,2025-08-24,Deposit,498.47,UPI,Groceries
314,88435,2026-01-03,Deposit,10103.19,Online Banking,Shopping
315,45521,2025-02-10,Deposit,13717.65,Online Banking,ATM Withdrawal
316,20341,2024-12-02,Deposit,10229.19,POS,Salary Credit
317,77992,2018-04-21,Transfer In,1201.84,UPI,Entertainment
318,64757,2025-05-30,Deposit,17219.1,UPI,Insurance
319,58374,2020-03-09,Transfer Out,1929.64,ATM,Entertainment
320,42170,2024-07-28,Deposit,926.21,UPI,Entertainment
321,3269,2020-11-23,Withdrawal,9208.3,UPI,Entertainment
322,69969,2022-09-03,Fee Debit,8644.67,UPI,Groceries
323,45200,2019-06-05,Deposit,4306.38,UPI,Salary Credit
324,89689,2019-11-01,Deposit,15847.66,Mobile App,Travel
325,12821,2019-03-26,Deposit,6441.03,Online Banking,Shopping
326,92133,2020-03-09,Fee Debit,445.69,UPI,Fuel
327,48727,2024-11-28,Transfer In,3219.03,POS,Rent
328,18080,2019-09-27,Deposit,8198.96,POS,Education
329,40713,2018-02-21,Transfer Out,1342.2,UPI,Dining
330,56410,2021-09-02,Deposit,10522.59,Mobile App,Fund Transfer
331,74518,2023-03-13,Withdrawal,2228.2,POS,Travel
332,21995,2018-03-28,Fee Debit,2359.51,ATM,ATM Withdrawal
333,9821,2023-11-15,Transfer Out,8396.05,Mobile App,Salary Credit
334,90785,2025-07-23,Transfer In,3739.19,Mobile App,Salary Credit
335,24700,2023-06-24,Deposit,2421.76,Branch,Rent
336,25655,2025-10-27,Deposit,5110.2,Mobile App,Rent
337,73355,2025-10-25,Deposit,2760.57,ATM,Shopping
338,82863,2019-05-14,Transfer In,3157.9,Mobile App,Salary Credit
339,11018,2026-01-05,Transfer Out,7007.6,Mobile App,Insurance
340,48630,2019-12-23,Fee Debit,3006.8,Branch,ATM Withdrawal
341,16496,2020-07-29,Transfer In,1806.52,ATM,Groceries
342,52830,2025-06-22,Deposit,4852.2,UPI,Insurance
343,29877,2024-09-30,Transfer In,5141.23,Online Banking,Insurance
344,12619,2019-11-16,Withdrawal,2836.81,Mobile App,Healthcare
345,52455,2018-12-18,Interest Credit,4661.22,Branch,ATM Withdrawal
346,12220,2025-02-06,Transfer Out,5017.57,Mobile App,Fuel
347,40233,2021-11-28,Deposit,518.45,UPI,Shopping
348,48353,2018-10-16,Transfer Out,4192.69,Branch,Healthcare
349,42858,2024-04-25,Transfer Out,2145.84,ATM,Dining
350,86306,2018-01-21,Withdrawal,20866.59,POS,Education
351,78034,2018-10-06,Fee Debit,442.8,UPI,Salary Credit
352,13230,2023-05-16,Transfer In,30210.18,POS,Fund Transfer
353,20413,2020-09-28,Fee Debit,11186.0,UPI,Groceries
354,18726,2018-08-23,Deposit,310.97,Mobile App,Rent
355,31192,2019-03-31,Withdrawal,777.49,ATM,Groceries
356,68222,2020-10-05,Transfer Out,742.14,UPI,Dining
357,91940,2024-06-21,Transfer In,9501.82,POS,Dining
358,44751,2022-07-22,Transfer In,5060.15,Branch,Travel
359,24173,2018-03-12,Transfer In,246.06,Branch,ATM Withdrawal
360,54186,2020-02-08,Deposit,4831.65,POS,Groceries
361,88156,2019-11-22,Withdrawal,272.07,ATM,Healthcare
362,12299,2024-02-15,Transfer Out,4368.84,Online Banking,Fund Transfer
363,3009,2019-07-25,Withdrawal,11329.72,Mobile App,Entertainment
364,71001,2026-06-21,Withdrawal,7884.7,Online Banking,Entertainment
365,64379,2025-03-07,Withdrawal,6155.49,Online Banking,Shopping
366,64160,2023-04-15,Withdrawal,6050.98,ATM,ATM Withdrawal
367,93817,2024-09-04,Withdrawal,2076.99,UPI,Groceries
368,9803,2022-12-14,Withdrawal,29450.48,Mobile App,Salary Credit
369,38194,2025-01-23,Interest Credit,7951.39,POS,Entertainment
370,61247,2018-12-05,Transfer In,4283.31,ATM,Groceries
371,54191,2025-10-27,Deposit,12104.64,Online Banking,ATM Withdrawal
372,38795,2020-05-23,Deposit,3268.39,ATM,Dining
373,93338,2020-07-17,Transfer Out,7674.63,POS,Rent
374,3615,2024-06-27,Transfer Out,9535.88,Online Banking,Utilities
375,30864,2022-02-06,Deposit,2277.29,POS,ATM Withdrawal
376,15501,2022-09-02,Withdrawal,5853.47,Mobile App,ATM Withdrawal
377,10403,2020-12-16,Fee Debit,2265.75,POS,Rent
378,34009,2018-02-03,Withdrawal,14499.39,Mobile App,Fuel
379,56885,2024-07-09,Transfer Out,1564.68,POS,Fund Transfer
380,76135,2024-04-24,Transfer Out,2458.54,POS,Travel
381,44773,2021-09-13,Deposit,4165.87,POS,Education
382,797,2019-09-03,Fee Debit,13122.11,POS,Insurance
383,14123,2024-12-21,Interest Credit,279.66,ATM,Shopping
384,73348,2019-08-03,Transfer Out,1647.07,Branch,Fuel
385,20235,2021-07-11,Withdrawal,3306.56,Branch,Shopping
386,6907,2023-06-19,Deposit,2264.53,Online Banking,Dining
387,19667,2021-05-27,Withdrawal,2035.41,Mobile App,Education
388,58402,2025-08-16,Deposit,7936.48,POS,Rent
389,16823,2024-08-31,Transfer Out,6730.24,Branch,Fund Transfer
390,84426,2018-12-19,Transfer Out,12057.43,Online Banking,Fuel
391,1658,2019-04-06,Transfer Out,11785.94,ATM,Healthcare
392,84214,2019-01-21,Interest Credit,12132.56,Online Banking,Dining
393,81296,2018-07-03,Withdrawal,3123.22,ATM,Insurance
394,31642,2025-12-17,Fee Debit,3015.87,Mobile App,Shopping
395,3421,2026-03-27,Transfer In,8191.66,Online Banking,Fuel
396,81941,2024-12-02,Deposit,2339.46,Online Banking,Travel
397,7023,2025-07-04,Transfer In,852.84,UPI,Rent
398,42598,2020-08-23,Withdrawal,10832.52,POS,Salary Credit
399,12072,2026-03-19,Transfer In,10426.51,POS,Education
400,51592,2022-10-17,Transfer Out,11735.98,ATM,Salary Credit
401,917,2023-10-14,Withdrawal,9388.47,Mobile App,Salary Credit
402,59547,2026-06-03,Fee Debit,698.65,Online Banking,Healthcare
403,11186,2018-09-05,Deposit,6145.28,POS,Insurance
404,94211,2022-07-12,Transfer In,6508.04,UPI,Education
405,44982,2020-09-01,Fee Debit,2276.84,Mobile App,Dining
406,41640,2018-05-10,Transfer In,285.87,Mobile App,Salary Credit
407,12350,2018-11-18,Fee Debit,449.07,UPI,Groceries
408,40778,2022-05-26,Withdrawal,6979.14,Branch,ATM Withdrawal
409,37440,2025-01-15,Deposit,4871.76,UPI,Rent
410,59833,2020-01-11,Deposit,490.14,ATM,Groceries
411,49317,2025-11-30,Transfer In,2718.77,ATM,Travel
412,23938,2019-04-15,Transfer Out,2322.2,Mobile App,Utilities
413,48881,2021-03-31,Withdrawal,706.78,Mobile App,Utilities
414,6956,2026-03-11,Withdrawal,9949.79,Branch,Rent
415,86395,2023-04-26,Transfer Out,6015.6,Branch,Insurance
416,32635,2019-11-12,Fee Debit,1200.35,ATM,Groceries
417,46379,2023-11-03,Withdrawal,1123.23,UPI,Shopping
418,14778,2023-06-30,Fee Debit,5012.99,Branch,Utilities
419,47122,2018-04-05,Transfer In,6556.05,Online Banking,Fuel
420,38087,2019-10-24,Withdrawal,29832.63,Branch,Utilities
421,15513,2022-07-20,Transfer In,4557.1,Branch,Utilities
422,58272,2021-11-25,Interest Credit,387.46,Branch,Shopping
423,79938,2018-10-14,Deposit,6989.31,POS,Shopping
424,46054,2021-02-13,Withdrawal,1326.67,Branch,Education
425,65175,2024-04-19,Withdrawal,6580.94,Branch,ATM Withdrawal
426,63270,2019-01-29,Transfer Out,2817.81,Online Banking,Healthcare
427,9626,2019-09-01,Deposit,90.44,Mobile App,Healthcare
428,43608,2025-07-31,Transfer In,1396.59,Online Banking,Insurance
429,1695,2020-03-09,Withdrawal,1203.98,Branch,Fuel
430,26746,2018-04-22,Withdrawal,216.65,UPI,Insurance
431,44955,2019-07-26,Deposit,3748.23,Branch,Education
432,43693,2021-01-08,Deposit,7877.45,Online Banking,Fund Transfer
433,54041,2023-08-01,Transfer Out,3431.17,Branch,Dining
434,5904,2021-08-11,Interest Credit,9674.63,Branch,Education
435,36996,2026-02-17,Deposit,18354.51,POS,Fuel
436,812,2018-05-20,Withdrawal,6197.43,Branch,Shopping
437,64992,2022-09-14,Interest Credit,642.26,Online Banking,Fuel
438,28308,2019-07-04,Transfer Out,9725.87,Online Banking,Fund Transfer
439,24045,2018-06-06,Deposit,103.82,Mobile App,Rent
440,45386,2022-06-14,Withdrawal,12007.82,Online Banking,ATM Withdrawal
441,18056,2024-12-11,Transfer In,17978.89,Mobile App,Education
442,76398,2024-04-26,Deposit,6339.59,Mobile App,Rent
443,14486,2018-03-13,Interest Credit,5568.13,Mobile App,Fuel
444,48731,2020-06-10,Deposit,5121.33,ATM,Entertainment
445,58222,2019-02-27,Deposit,6355.89,Mobile App,Travel
446,19885,2023-07-10,Withdrawal,3263.03,POS,ATM Withdrawal
447,74179,2020-02-19,Withdrawal,2604.78,Mobile App,Fuel
448,22936,2025-02-10,Fee Debit,12263.68,UPI,Groceries
449,55429,2022-06-02,Transfer In,9290.63,Mobile App,ATM Withdrawal
450,893,2019-07-30,Transfer Out,11755.72,Branch,Insurance
451,46708,2023-04-25,Transfer In,1938.92,Branch,Utilities
452,66682,2024-12-03,Withdrawal,1788.2,Mobile App,Shopping
453,8342,2020-08-26,Transfer Out,5247.34,Mobile App,Travel
454,73106,2021-01-09,Deposit,3174.01,POS,Groceries
455,66302,2021-05-15,Transfer In,3118.09,Branch,Healthcare
456,5306,2022-05-29,Transfer In,1505.8,UPI,Fund Transfer
457,11339,2025-05-08,Withdrawal,5645.83,Mobile App,Rent
458,58575,2023-02-06,Withdrawal,17970.79,Mobile App,Salary Credit
459,39207,2020-02-04,Deposit,639.68,UPI,ATM Withdrawal
460,82684,2021-12-30,Deposit,49433.97,UPI,Groceries
461,83072,2021-07-17,Withdrawal,6802.44,Mobile App,Travel
462,24646,2024-07-30,Transfer Out,19674.87,Mobile App,Healthcare
463,48839,2018-10-10,Withdrawal,4114.65,UPI,Fuel
464,79249,2023-12-05,Interest Credit,10056.51,Mobile App,Salary Credit
465,67283,2025-05-14,Transfer In,1074.52,ATM,Entertainment
466,33218,2019-04-04,Deposit,5113.25,Online Banking,Entertainment
467,35287,2020-08-02,Withdrawal,2415.41,Mobile App,Fund Transfer
468,90613,2018-12-10,Withdrawal,3014.52,ATM,Education
469,87018,2026-03-02,Transfer Out,2178.81,Online Banking,Fuel
470,30504,2021-01-04,Withdrawal,1951.53,Branch,Rent
471,18804,2024-10-20,Transfer Out,13789.26,UPI,ATM Withdrawal
472,26887,2022-10-22,Withdrawal,3784.02,Branch,Travel
473,32816,2022-05-24,Deposit,8611.9,Online Banking,Groceries
474,87405,2023-09-07,Withdrawal,875.9,POS,Travel
475,34804,2023-10-09,Deposit,16270.49,Mobile App,Utilities
476,77067,2021-07-02,Interest Credit,4069.18,Online Banking,Shopping
477,49775,2023-12-31,Transfer In,23883.07,POS,Groceries
478,14342,2018-06-25,Deposit,4131.12,Branch,Groceries
479,46001,2022-02-19,Withdrawal,5380.13,POS,Rent
480,32895,2019-03-05,Withdrawal,3421.05,UPI,Dining
481,21513,2024-02-26,Fee Debit,34751.92,Mobile App,Travel
482,5655,2021-03-25,Interest Credit,4470.74,UPI,Rent
483,71528,2022-07-08,Transfer Out,1743.0,UPI,ATM Withdrawal
484,53984,2024-04-01,Deposit,584.93,Mobile App,Rent
485,86738,2018-12-17,Deposit,1455.8,POS,ATM Withdrawal
486,74294,2018-05-28,Deposit,1015.69,Mobile App,Fuel
487,76919,2024-06-07,Transfer In,10208.12,Branch,Dining
488,93299,2025-04-14,Deposit,9773.34,UPI,Shopping
489,78166,2021-08-14,Transfer Out,10300.81,ATM,Fund Transfer
490,40857,2022-09-18,Transfer Out,14345.5,POS,Dining
491,62979,2018-05-27,Transfer In,1605.85,Branch,Shopping
492,36229,2018-01-02,Withdrawal,16924.32,UPI,Travel
493,85080,2024-07-30,Deposit,2075.2,Online Banking,Utilities
494,22821,2025-02-13,Deposit,663.58,UPI,Fuel
495,40138,2022-01-11,Deposit,1099.7,UPI,Education
496,5384,2021-04-28,Deposit,9913.1,Mobile App,Travel
497,26340,2019-03-12,Transfer In,4162.95,ATM,Utilities
498,78595,2021-09-23,Deposit,6671.1,Branch,Entertainment
499,73701,2018-04-24,Transfer Out,1900.83,ATM,Entertainment
500,78507,2026-01-01,Deposit,4918.15,UPI,ATM Withdrawal
501,78858,2021-03-25,Deposit,10167.64,Branch,Fund Transfer
502,37691,2020-12-29,Interest Credit,26893.76,POS,Rent
503,41338,2019-07-29,Deposit,1109.76,ATM,Groceries
504,1624,2018-02-12,Transfer Out,3051.19,POS,Dining
505,41511,2019-10-22,Withdrawal,8264.59,UPI,Insurance
506,23111,2020-08-18,Transfer In,3919.85,Mobile App,Groceries
507,42174,2020-03-30,Withdrawal,10054.78,ATM,Groceries
508,27486,2026-04-14,Deposit,814.4,UPI,Dining
509,16563,2021-06-22,Deposit,7766.56,Mobile App,ATM Withdrawal
510,31416,2021-10-26,Withdrawal,3898.49,Mobile App,Rent
511,4043,2018-08-09,Withdrawal,16813.99,ATM,Fund Transfer
512,54610,2023-06-22,Interest Credit,63126.64,ATM,Rent
513,74280,2024-03-08,Interest Credit,3568.57,UPI,Shopping
514,75813,2023-10-07,Withdrawal,6802.13,ATM,ATM Withdrawal
515,21202,2022-09-11,Deposit,806.16,POS,Rent
516,5859,2018-08-03,Transfer In,19934.94,ATM,Salary Credit
517,78579,2026-01-09,Transfer In,692.02,Branch,Healthcare
518,39226,2023-01-14,Transfer Out,46300.12,ATM,Education
519,84824,2023-11-24,Transfer In,13132.27,POS,Salary Credit
520,70638,2019-04-08,Withdrawal,834.62,Mobile App,Fuel
521,73747,2019-11-07,Deposit,3333.98,Mobile App,Education
522,39960,2024-12-18,Deposit,994.43,Branch,Fuel
523,41632,2022-07-20,Withdrawal,8089.59,UPI,Fuel
524,90299,2024-10-01,Withdrawal,8689.38,UPI,Healthcare
525,19907,2021-12-06,Deposit,4612.19,POS,Dining
526,73652,2025-03-21,Fee Debit,2494.58,UPI,ATM Withdrawal
527,76408,2021-01-25,Withdrawal,19782.34,Branch,Healthcare
528,864,2026-01-22,Deposit,17298.24,UPI,Salary Credit
529,21128,2024-11-12,Transfer Out,2798.16,Online Banking,Fund Transfer
530,88915,2025-12-11,Transfer Out,2472.91,Online Banking,Fuel
531,62199,2021-03-06,Interest Credit,33642.47,Mobile App,Salary Credit
532,67417,2020-01-10,Fee Debit,5777.09,Branch,Dining
533,51823,2019-09-19,Transfer In,4513.03,Online Banking,Shopping
534,3956,2020-05-08,Deposit,4936.36,POS,Rent
535,7061,2024-05-08,Interest Credit,4787.49,ATM,Healthcare
536,17388,2024-10-19,Deposit,5957.57,ATM,Fuel
537,17425,2020-06-20,Transfer Out,18091.93,POS,ATM Withdrawal
538,86850,2022-02-06,Deposit,6096.73,UPI,ATM Withdrawal
539,45089,2025-03-31,Fee Debit,2464.74,POS,Entertainment
540,5140,2021-04-09,Withdrawal,9270.86,ATM,Entertainment
541,48367,2021-05-14,Deposit,2276.8,Branch,Travel
542,74851,2024-11-30,Deposit,15678.28,UPI,Salary Credit
543,92026,2026-03-20,Transfer In,13319.19,Mobile App,Fund Transfer
544,44454,2023-02-16,Deposit,16786.93,UPI,Entertainment
545,48523,2023-06-15,Deposit,209.2,ATM,Rent
546,77536,2025-09-23,Withdrawal,16047.46,Online Banking,Groceries
547,65246,2025-09-14,Fee Debit,7235.62,Mobile App,Education
548,1803,2022-03-07,Transfer In,749.05,Mobile App,Dining
549,30865,2019-01-27,Transfer In,7527.88,UPI,Healthcare
550,90741,2018-11-27,Deposit,1686.6,ATM,Insurance
551,56218,2023-10-27,Interest Credit,1225.92,UPI,Shopping
552,630,2024-11-30,Transfer In,287.55,UPI,Salary Credit
553,18898,2018-05-02,Transfer In,5437.9,ATM,Dining
554,6514,2026-03-26,Transfer In,1117.01,POS,Insurance
555,72867,2019-07-17,Transfer Out,2097.07,POS,Utilities
556,10832,2020-06-12,Transfer In,786.02,Online Banking,Groceries
557,9258,2026-05-02,Fee Debit,887.73,Branch,Fuel
558,12148,2026-06-30,Deposit,1524.69,Online Banking,Travel
559,34781,2019-02-10,Transfer Out,3902.26,Online Banking,ATM Withdrawal
560,3527,2024-01-22,Transfer Out,16590.2,POS,Salary Credit
561,33458,2018-01-18,Transfer In,16378.18,UPI,Travel
562,7238,2020-04-22,Transfer Out,8757.54,Mobile App,Healthcare
563,93297,2018-06-15,Withdrawal,689.02,Online Banking,Education
564,34933,2021-09-25,Interest Credit,654.43,UPI,Utilities
565,62458,2018-07-23,Withdrawal,8045.72,POS,Dining
566,70504,2018-06-30,Transfer In,777.36,POS,Salary Credit
567,40072,2020-03-02,Fee Debit,625.49,Branch,Fuel
568,49146,2022-09-29,Interest Credit,6517.45,POS,Insurance
569,48633,2025-12-24,Transfer Out,4462.3,Branch,Groceries
570,68633,2025-08-09,Deposit,31589.55,POS,ATM Withdrawal
571,63388,2018-05-11,Transfer Out,2874.45,Mobile App,Utilities
572,44510,2019-05-04,Transfer Out,1083.53,Mobile App,Education
573,29809,2026-03-22,Withdrawal,692.47,Online Banking,Insurance
574,48839,2022-03-21,Deposit,5715.09,UPI,Utilities
575,34034,2020-08-21,Withdrawal,14457.36,POS,Dining
576,4334,2020-02-01,Transfer Out,1265.94,ATM,Dining
577,87401,2018-12-06,Transfer In,985.67,POS,Education
578,26478,2025-01-01,Fee Debit,15116.8,Online Banking,Entertainment
579,526,2023-10-15,Transfer In,3471.58,POS,ATM Withdrawal
580,37857,2025-12-28,Deposit,12486.42,Mobile App,Healthcare
581,38977,2020-10-26,Transfer Out,4527.71,Branch,Dining
582,21489,2026-04-13,Deposit,2997.13,Online Banking,Fuel
583,41146,2020-04-06,Transfer Out,11676.44,Mobile App,Groceries
584,90090,2018-06-25,Deposit,2286.02,Branch,Healthcare
585,34609,2020-12-24,Withdrawal,3347.56,Online Banking,Fuel
586,52590,2025-07-27,Deposit,1261.0,Mobile App,Fund Transfer
587,91812,2021-11-16,Deposit,8717.84,Mobile App,Groceries
588,23689,2025-06-18,Fee Debit,8996.11,POS,Insurance
589,1594,2025-12-20,Fee Debit,4088.45,ATM,Utilities
590,35226,2020-04-11,Deposit,7163.19,ATM,Education
591,4779,2020-09-11,Deposit,7550.02,Mobile App,Fuel
592,21622,2018-09-06,Transfer In,3627.17,Online Banking,Rent
593,16886,2019-01-21,Withdrawal,1397.36,Mobile App,Utilities
594,87571,2025-08-07,Withdrawal,13470.04,Branch,Groceries
595,82708,2020-09-02,Transfer In,11571.09,UPI,Rent
596,83953,2023-07-23,Deposit,7649.73,Mobile App,Education
597,57389,2026-01-03,Deposit,9315.98,UPI,Insurance
598,56301,2022-07-09,Withdrawal,451.83,ATM,Healthcare
599,63645,2018-03-11,Transfer Out,4679.51,Online Banking,Fuel
600,63446,2024-08-03,Deposit,858.51,Mobile App,Travel
601,18781,2022-12-11,Transfer In,7731.33,UPI,Travel
602,86821,2023-02-01,Withdrawal,17618.03,UPI,ATM Withdrawal
603,71352,2019-04-18,Fee Debit,2533.34,Mobile App,Salary Credit
604,66998,2018-12-14,Transfer Out,4213.61,UPI,Groceries
605,7,2023-07-13,Interest Credit,7155.64,Mobile App,Entertainment
606,44100,2020-02-20,Fee Debit,6870.48,ATM,Education
607,25947,2018-01-26,Transfer Out,2379.7,Online Banking,Fuel
608,48698,2026-01-15,Deposit,2801.72,Mobile App,Education
609,31144,2019-08-08,Withdrawal,941.12,POS,Utilities
610,16991,2023-01-17,Withdrawal,5052.68,Branch,Fuel
611,84145,2022-05-20,Transfer In,4702.8,Mobile App,Shopping
612,39446,2026-06-17,Transfer In,5380.76,Online Banking,Healthcare
613,52034,2024-04-16,Transfer In,5697.03,Branch,ATM Withdrawal
614,38474,2022-07-05,Transfer Out,22849.34,Online Banking,Insurance
615,31431,2022-04-03,Withdrawal,3798.47,Mobile App,Dining
616,26079,2019-10-27,Withdrawal,4136.5,Mobile App,Groceries
617,66877,2024-06-14,Transfer Out,1189.33,Branch,Education
618,28246,2020-10-25,Transfer In,1222.7,Branch,Healthcare
619,87084,2018-10-04,Withdrawal,3379.12,Branch,Rent
620,39147,2025-07-22,Transfer Out,17782.09,Branch,Dining
621,53690,2026-04-29,Withdrawal,17169.87,Branch,Salary Credit
622,55170,2022-02-12,Withdrawal,1838.55,Branch,Groceries
623,2343,2020-07-22,Transfer Out,495.13,Online Banking,Travel
624,32025,2020-06-08,Withdrawal,276.35,Online Banking,Fund Transfer
625,10021,2022-11-15,Transfer Out,11445.46,ATM,Travel
626,26246,2024-05-24,Transfer In,6003.2,Branch,Utilities
627,84342,2024-11-10,Transfer In,11270.97,POS,Fuel
628,16985,2024-03-16,Deposit,8378.42,ATM,Groceries
629,74590,2022-05-21,Withdrawal,839.04,POS,Insurance
630,18753,2019-11-05,Deposit,5397.72,Online Banking,Groceries
631,31361,2022-01-01,Deposit,2825.89,ATM,Education
632,33863,2021-03-21,Deposit,7234.43,UPI,Utilities
633,61777,2022-09-06,Fee Debit,4691.47,POS,Insurance
634,79552,2018-01-15,Withdrawal,1192.94,UPI,Fuel
635,14545,2021-12-29,Fee Debit,8463.47,POS,Groceries
636,33985,2025-10-25,Transfer In,7341.19,POS,Rent
637,57249,2022-12-30,Deposit,5839.44,POS,Education
638,81495,2019-07-31,Deposit,10834.74,UPI,Groceries
639,58114,2020-05-29,Transfer In,9450.1,Online Banking,Shopping
640,55646,2024-07-28,Deposit,88.39,UPI,Travel
641,94113,2024-03-07,Withdrawal,2258.85,Online Banking,Insurance
642,4097,2024-08-02,Withdrawal,5919.38,Online Banking,Insurance
643,4277,2022-10-04,Deposit,4735.98,Online Banking,Fund Transfer
644,64847,2026-05-21,Transfer In,2195.47,UPI,Dining
645,93860,2022-02-27,Interest Credit,1435.72,Branch,ATM Withdrawal
646,60521,2023-12-15,Deposit,13569.5,UPI,Groceries
647,51947,2023-04-26,Transfer In,9024.39,Mobile App,Fund Transfer
648,10717,2020-12-27,Fee Debit,8007.57,UPI,Rent
649,79127,2022-09-02,Withdrawal,10996.87,ATM,Fund Transfer
650,34189,2026-04-30,Withdrawal,8708.84,ATM,Entertainment
651,40251,2026-06-30,Withdrawal,9016.08,UPI,Shopping
652,64503,2020-06-06,Fee Debit,96.58,Branch,Rent
653,89647,2019-07-05,Withdrawal,6569.55,UPI,Salary Credit
654,46096,2026-03-27,Deposit,106.31,Mobile App,Education
655,25868,2018-01-10,Interest Credit,8040.15,ATM,Utilities
656,83274,2020-11-02,Interest Credit,10830.39,Mobile App,Salary Credit
657,65014,2022-05-19,Withdrawal,8278.53,Online Banking,Entertainment
658,77051,2019-11-20,Withdrawal,6436.91,UPI,Insurance
659,37401,2018-12-02,Transfer In,6800.89,Mobile App,Fund Transfer
660,18155,2022-12-19,Deposit,1430.63,UPI,Rent
661,58984,2025-07-13,Withdrawal,517.14,Online Banking,Fund Transfer
662,39148,2021-01-08,Fee Debit,10904.94,UPI,Travel
663,86607,2018-04-20,Fee Debit,2281.64,Mobile App,Salary Credit
664,24055,2023-06-07,Interest Credit,2376.0,Branch,Salary Credit
665,45199,2018-02-18,Withdrawal,21430.56,Online Banking,Travel
666,66840,2024-05-27,Deposit,2929.42,Online Banking,Dining
667,23956,2026-04-09,Deposit,7185.16,Branch,Utilities
668,74024,2018-03-26,Fee Debit,3626.66,ATM,Fuel
669,86670,2023-04-17,Transfer Out,2836.02,ATM,Insurance
670,15438,2022-04-19,Fee Debit,23441.63,ATM,Groceries
671,7779,2026-03-13,Deposit,250.53,ATM,Fuel
672,72988,2024-03-04,Deposit,161.86,Mobile App,ATM Withdrawal
673,65194,2024-06-10,Fee Debit,12370.44,UPI,Entertainment
674,86138,2025-11-30,Interest Credit,22366.89,UPI,Healthcare
675,65387,2023-11-08,Interest Credit,6932.05,POS,Fuel
676,14575,2018-09-21,Transfer Out,1532.12,Branch,Utilities
677,78182,2024-03-06,Deposit,26967.71,Branch,Insurance
678,77837,2019-01-25,Withdrawal,1078.15,Online Banking,Rent
679,46759,2020-10-14,Deposit,31034.35,Online Banking,Education
680,44742,2018-05-12,Deposit,15428.3,UPI,Shopping
681,67660,2025-09-26,Fee Debit,10709.52,POS,Education
682,27114,2024-08-14,Deposit,4805.64,ATM,Salary Credit
683,77356,2022-08-24,Interest Credit,5049.58,POS,Utilities
684,28650,2022-03-19,Deposit,1334.24,Mobile App,Dining
685,49604,2022-03-01,Withdrawal,15270.28,POS,Fuel
686,8108,2022-06-06,Withdrawal,3727.64,Online Banking,ATM Withdrawal
687,22324,2024-05-14,Deposit,15829.99,Branch,Rent
688,25499,2025-11-11,Transfer In,803.77,UPI,Utilities
689,14412,2025-01-15,Withdrawal,9192.79,ATM,Fuel
690,89048,2022-10-08,Transfer Out,5378.96,POS,Insurance
691,37962,2018-12-27,Transfer In,2402.71,Mobile App,Groceries
692,13164,2025-06-09,Withdrawal,8828.1,ATM,Healthcare
693,26734,2020-03-28,Withdrawal,928.37,POS,ATM Withdrawal
694,6708,2024-07-22,Deposit,1122.8,ATM,Insurance
695,57025,2024-08-04,Transfer Out,13104.22,ATM,Fund Transfer
696,22641,2025-04-14,Deposit,3915.78,Branch,Healthcare
697,59054,2024-06-30,Deposit,18386.13,ATM,Healthcare
698,54457,2021-11-19,Transfer In,4808.01,Branch,Groceries
699,49919,2019-07-25,Interest Credit,1823.61,POS,Insurance
700,12098,2025-08-11,Withdrawal,11037.31,ATM,Fuel
701,31181,2018-10-08,Interest Credit,734.11,POS,Insurance
702,68965,2023-11-19,Deposit,8238.0,Mobile App,Salary Credit
703,81660,2021-06-12,Transfer Out,1431.0,POS,Fund Transfer
704,70265,2018-06-13,Withdrawal,4469.71,ATM,Travel
705,80413,2020-08-19,Withdrawal,3768.51,Branch,Salary Credit
706,52821,2025-08-02,Transfer In,396.22,Online Banking,Utilities
707,13816,2024-03-26,Deposit,10696.36,POS,Education
708,42598,2020-06-19,Withdrawal,5971.17,UPI,Utilities
709,68325,2023-02-08,Transfer In,3374.76,Mobile App,Dining
710,495,2023-01-01,Withdrawal,6335.39,Branch,Entertainment
711,37077,2024-10-21,Deposit,2081.1,Mobile App,Travel
712,59410,2020-10-23,Withdrawal,8889.25,Branch,Education
713,54106,2019-04-17,Withdrawal,9751.59,ATM,Shopping
714,88986,2018-10-25,Deposit,1914.74,Mobile App,Shopping
715,35362,2024-08-05,Interest Credit,4996.74,Branch,Rent
716,40143,2024-07-11,Transfer In,4912.31,Branch,Healthcare
717,87363,2019-12-03,Deposit,7710.55,Branch,ATM Withdrawal
718,51709,2023-04-28,Interest Credit,15862.2,ATM,Dining
719,55584,2026-06-01,Transfer Out,11900.12,Online Banking,Utilities
720,68353,2022-10-12,Deposit,7619.59,Mobile App,ATM Withdrawal
721,89751,2018-12-29,Fee Debit,12308.71,ATM,Utilities
722,73627,2025-10-24,Transfer In,8856.03,Mobile App,Healthcare
723,12557,2025-07-22,Withdrawal,4819.9,Online Banking,ATM Withdrawal
724,32145,2023-04-02,Transfer Out,4928.49,Mobile App,Travel
725,36824,2023-12-30,Withdrawal,5896.33,UPI,Fund Transfer
726,26148,2024-09-28,Withdrawal,1151.43,Online Banking,Fuel
727,42358,2023-11-10,Interest Credit,1474.53,UPI,Fuel
728,50673,2020-04-21,Withdrawal,12592.13,POS,Shopping
729,19154,2021-06-12,Interest Credit,2139.14,UPI,Salary Credit
730,18560,2024-07-23,Fee Debit,11408.84,ATM,Utilities
731,86744,2020-06-03,Deposit,1635.18,ATM,Rent
732,86031,2022-01-09,Deposit,4092.82,POS,Salary Credit
733,86748,2019-11-15,Transfer Out,5098.72,ATM,Entertainment
734,85252,2018-12-21,Deposit,2576.9,UPI,Travel
735,75674,2024-05-30,Transfer Out,1358.62,UPI,Utilities
736,20653,2022-04-25,Deposit,1327.31,ATM,Shopping
737,1310,2021-09-06,Withdrawal,8224.32,UPI,Education
738,43928,2018-07-13,Transfer In,3130.12,Online Banking,Fund Transfer
739,31131,2023-01-16,Withdrawal,2330.74,UPI,Utilities
740,12409,2018-11-30,Transfer In,340.95,Mobile App,Fund Transfer
741,8996,2019-07-15,Fee Debit,2219.15,Branch,Travel
742,75346,2024-01-13,Interest Credit,1100.11,POS,Rent
743,73420,2026-01-11,Deposit,3625.51,Online Banking,Travel
744,24408,2021-06-24,Interest Credit,4726.19,Branch,Fuel
745,56288,2020-01-07,Transfer In,11734.8,UPI,Entertainment
746,4427,2024-05-15,Deposit,3617.29,ATM,Rent
747,3264,2018-08-26,Deposit,679.14,Mobile App,Dining
748,13040,2025-08-27,Transfer In,819.75,UPI,ATM Withdrawal
749,64451,2019-05-23,Withdrawal,5876.87,Online Banking,Travel
750,89676,2026-04-26,Fee Debit,1191.33,Mobile App,Utilities
751,71948,2022-09-19,Fee Debit,4078.9,Online Banking,Salary Credit
752,37992,2021-06-01,Withdrawal,9352.69,Branch,Insurance
753,27879,2023-06-19,Fee Debit,2087.32,POS,Rent
754,14557,2018-03-06,Withdrawal,4066.26,POS,Travel
755,14971,2019-03-14,Transfer In,2481.03,ATM,Insurance
756,83244,2022-09-20,Interest Credit,2346.35,UPI,Healthcare
757,21037,2018-10-23,Transfer Out,1910.28,Online Banking,Shopping
758,68919,2025-03-29,Deposit,3322.59,POS,Rent
759,46087,2021-11-27,Withdrawal,1340.0,POS,Healthcare
760,66362,2018-10-23,Transfer Out,11426.39,Branch,Healthcare
761,84685,2021-05-20,Transfer Out,18071.46,Branch,Insurance
762,2753,2020-05-21,Interest Credit,911.29,ATM,ATM Withdrawal
763,93965,2024-03-09,Deposit,6638.24,POS,Travel
764,60805,2018-04-10,Deposit,4882.71,UPI,Fuel
765,56175,2022-04-16,Interest Credit,741.38,ATM,ATM Withdrawal
766,69653,2023-12-22,Deposit,2998.69,POS,Entertainment
767,70342,2022-01-16,Deposit,11632.56,Online Banking,Rent
768,64575,2025-06-17,Transfer In,284.97,UPI,Salary Credit
769,75450,2019-04-26,Deposit,10167.63,POS,Fund Transfer
770,53897,2025-08-23,Withdrawal,10894.06,Online Banking,Travel
771,84235,2023-08-18,Withdrawal,475.21,UPI,Fuel
772,5463,2025-08-04,Interest Credit,418.94,Branch,ATM Withdrawal
773,69377,2023-03-05,Deposit,1449.64,ATM,Rent
774,84455,2023-11-20,Transfer In,8785.54,POS,Entertainment
775,86109,2019-07-28,Withdrawal,15583.2,POS,Entertainment
776,62539,2025-08-27,Interest Credit,2913.31,POS,ATM Withdrawal
777,53395,2024-06-09,Transfer Out,3031.57,Branch,Entertainment
778,35797,2025-10-31,Deposit,5117.33,ATM,Salary Credit
779,59281,2025-08-06,Deposit,24793.41,POS,Shopping
780,41878,2019-01-20,Deposit,5994.26,Branch,Insurance
781,75691,2021-08-01,Deposit,1501.41,POS,Education
782,83654,2025-12-17,Transfer In,6288.28,Online Banking,Fuel
783,27297,2019-08-21,Interest Credit,2876.27,Branch,Salary Credit
784,31190,2023-12-04,Deposit,10421.51,ATM,Fund Transfer
785,63695,2023-06-07,Withdrawal,1573.09,Mobile App,Rent
786,77813,2022-06-24,Transfer In,3092.76,Mobile App,Groceries
787,65247,2019-04-22,Withdrawal,2619.81,Online Banking,Insurance
788,65328,2019-03-30,Deposit,3223.26,Mobile App,Utilities
789,17105,2021-05-05,Transfer In,9910.59,POS,Rent
790,59248,2022-07-04,Deposit,4005.46,Mobile App,Utilities
791,70476,2024-01-07,Deposit,2114.92,Mobile App,Salary Credit
792,60091,2021-10-16,Interest Credit,742.75,Online Banking,Salary Credit
793,24262,2019-09-02,Withdrawal,196.48,POS,Groceries
794,32630,2018-07-28,Deposit,2224.7,ATM,Fuel
795,62973,2024-08-18,Interest Credit,164.9,Branch,Dining
796,84911,2021-09-25,Deposit,4741.03,POS,Groceries
797,66482,2023-11-22,Deposit,1016.92,Online Banking,Fuel
798,12319,2023-10-14,Interest Credit,994.54,POS,Salary Credit
799,31807,2021-09-09,Deposit,6332.26,ATM,Dining
800,65897,2024-07-06,Interest Credit,1675.13,UPI,Dining
801,89924,2019-11-07,Interest Credit,1583.09,Branch,Entertainment
802,22776,2021-12-30,Deposit,1196.38,Mobile App,Entertainment
803,25317,2018-12-20,Fee Debit,1367.35,UPI,Salary Credit
804,19160,2023-09-09,Deposit,1637.28,UPI,Education
805,75214,2020-08-03,Fee Debit,75.74,Online Banking,Travel
806,48651,2019-07-16,Transfer Out,10239.44,Branch,Shopping
807,94272,2021-04-16,Deposit,3741.65,Mobile App,Rent
808,27935,2019-08-03,Transfer Out,1347.97,UPI,Fuel
809,25965,2021-12-02,Deposit,6158.93,Online Banking,Dining
810,72221,2021-11-15,Fee Debit,7843.63,Online Banking,Dining
811,27025,2023-10-30,Deposit,707.06,UPI,Groceries
812,46749,2018-07-16,Deposit,323.37,Online Banking,Dining
813,27033,2019-04-30,Transfer Out,11049.71,POS,Fuel
814,77534,2025-10-19,Transfer Out,14348.39,Mobile App,Travel
815,59387,2019-09-25,Deposit,3555.47,Branch,Utilities
816,90725,2020-04-27,Interest Credit,15960.71,Mobile App,Rent
817,48809,2023-07-05,Interest Credit,4121.46,UPI,Fund Transfer
818,86596,2026-02-12,Withdrawal,1293.48,Mobile App,Salary Credit
819,27726,2024-11-21,Transfer In,6105.88,Branch,Education
820,6757,2021-06-17,Fee Debit,7133.33,ATM,ATM Withdrawal
821,63383,2020-11-01,Interest Credit,6655.97,Branch,Travel
822,25091,2020-11-17,Interest Credit,4301.72,ATM,Healthcare
823,39424,2025-11-04,Fee Debit,6401.89,Branch,Utilities
824,75809,2023-10-29,Transfer Out,14932.17,Mobile App,Education
825,42018,2023-03-10,Transfer Out,6582.51,Online Banking,Healthcare
826,36320,2018-01-29,Transfer Out,11647.39,POS,Healthcare
827,13904,2018-11-19,Withdrawal,689.59,Mobile App,Groceries
828,10468,2025-03-25,Interest Credit,147.5,Branch,Healthcare
829,43706,2019-09-24,Deposit,5876.76,ATM,Healthcare
830,62537,2021-05-03,Withdrawal,6355.11,UPI,Rent
831,45665,2024-06-26,Transfer In,3153.1,Branch,Rent
832,25038,2022-08-31,Transfer Out,6172.84,POS,Dining
833,66367,2023-12-16,Transfer Out,2507.27,Online Banking,Shopping
834,12590,2018-12-27,Withdrawal,18884.65,UPI,ATM Withdrawal
835,28483,2021-05-14,Fee Debit,2702.93,ATM,Entertainment
836,22932,2019-12-24,Transfer In,4323.16,Branch,Travel
837,90574,2025-11-26,Transfer In,2588.63,Mobile App,Fuel
838,72855,2020-03-19,Deposit,2551.94,Online Banking,Education
839,63482,2026-01-18,Withdrawal,494.94,POS,Dining
840,75882,2024-04-16,Withdrawal,2277.18,Branch,Healthcare
841,2239,2022-04-13,Withdrawal,6690.84,Branch,Rent
842,80827,2021-05-02,Interest Credit,1192.24,Online Banking,Utilities
843,73193,2023-04-28,Transfer Out,4839.31,Online Banking,Education
844,60729,2022-08-13,Deposit,1880.12,UPI,Shopping
845,56288,2021-06-05,Deposit,18588.94,POS,Shopping
846,53063,2025-02-18,Transfer In,9832.26,Mobile App,Groceries
847,89817,2026-02-22,Withdrawal,5634.92,UPI,Travel
848,85778,2023-02-09,Interest Credit,673.84,POS,ATM Withdrawal
849,19732,2020-03-31,Withdrawal,6250.89,UPI,Fuel
850,31101,2026-05-13,Transfer Out,22778.31,UPI,Entertainment
851,87407,2025-01-22,Withdrawal,5171.1,ATM,Rent
852,6219,2021-02-22,Transfer Out,1884.23,Online Banking,Fuel
853,6836,2020-06-25,Transfer Out,1219.65,POS,Insurance
854,72567,2024-11-10,Transfer In,8118.15,POS,Dining
855,38683,2022-04-13,Fee Debit,3534.98,Mobile App,ATM Withdrawal
856,67789,2025-10-30,Withdrawal,2670.47,ATM,Healthcare
857,33953,2022-02-14,Transfer In,2990.47,Mobile App,Entertainment
858,81203,2020-05-06,Deposit,7709.5,Branch,Utilities
859,25100,2019-02-28,Transfer Out,4713.46,POS,Dining
860,6861,2018-11-11,Transfer Out,3111.32,Branch,Education
861,8056,2023-08-06,Transfer Out,10417.53,ATM,Rent
862,92826,2018-10-15,Transfer In,7133.24,ATM,Dining
863,1900,2023-09-06,Transfer In,1606.18,Branch,Utilities
864,23308,2020-07-27,Interest Credit,21423.92,Online Banking,Healthcare
865,64763,2025-12-30,Withdrawal,1280.78,Online Banking,Dining
866,38424,2020-09-18,Transfer In,6288.83,ATM,Salary Credit
867,59731,2019-07-29,Transfer Out,2831.17,POS,Shopping
868,49416,2022-12-29,Withdrawal,3273.84,ATM,Rent
869,81282,2022-05-12,Interest Credit,15505.07,Branch,Healthcare
870,90513,2022-04-05,Deposit,1597.9,Online Banking,Groceries
871,8595,2021-03-24,Deposit,2798.74,Online Banking,Entertainment
872,43711,2024-12-23,Deposit,9693.95,Online Banking,Groceries
873,24777,2018-10-01,Transfer In,1576.42,Online Banking,Education
874,86383,2018-09-29,Interest Credit,2991.29,ATM,Healthcare
875,47046,2026-01-05,Interest Credit,4995.7,Branch,Groceries
876,3886,2020-09-11,Transfer In,200.59,POS,Groceries
877,12630,2024-05-14,Transfer Out,387.54,ATM,Dining
878,6186,2020-07-13,Deposit,492.64,ATM,Healthcare
879,37048,2025-05-17,Deposit,10053.33,Mobile App,Healthcare
880,47944,2025-11-17,Transfer In,3747.31,ATM,Rent
881,3628,2025-10-03,Transfer Out,1179.79,Mobile App,Education
882,78000,2025-02-25,Deposit,5690.41,Branch,Salary Credit
883,4599,2018-12-04,Transfer Out,15227.17,Mobile App,Entertainment
884,20936,2019-01-08,Transfer Out,4281.23,Online Banking,Entertainment
885,85380,2022-12-03,Transfer In,8173.01,Branch,Education
886,63245,2020-02-09,Withdrawal,1409.56,Mobile App,Rent
887,59781,2019-11-30,Deposit,54.22,ATM,Fuel
888,5738,2020-05-31,Transfer In,2300.27,Mobile App,ATM Withdrawal
889,20514,2022-04-27,Fee Debit,8016.48,Branch,Travel
890,26953,2018-07-15,Withdrawal,5872.32,Mobile App,Fuel
891,16978,2022-05-04,Withdrawal,872.02,POS,Salary Credit
892,38423,2022-05-29,Fee Debit,354.43,Branch,Shopping
893,45823,2018-08-20,Fee Debit,376.2,UPI,Education
894,67231,2019-12-02,Fee Debit,4585.37,POS,Travel
895,84661,2019-04-20,Fee Debit,2403.7,Online Banking,Rent
896,3779,2020-05-12,Transfer In,203.13,Mobile App,Fuel
897,44578,2022-01-01,Deposit,3930.29,Branch,Fuel
898,37656,2022-12-25,Transfer Out,3212.65,POS,Entertainment
899,42297,2018-05-09,Interest Credit,14793.45,UPI,Rent
900,59933,2023-11-28,Transfer In,11185.6,Branch,Rent
901,89564,2022-03-04,Fee Debit,1756.29,Online Banking,Shopping
902,14686,2021-01-13,Deposit,3639.76,POS,Travel
903,94850,2018-11-01,Deposit,8692.3,Branch,Salary Credit
904,74081,2019-01-17,Transfer In,681.26,Branch,Fund Transfer
905,49407,2019-02-18,Transfer Out,2526.32,UPI,Fund Transfer
906,8916,2026-03-16,Withdrawal,9040.7,ATM,Groceries
907,66095,2026-03-21,Transfer Out,14240.34,POS,Groceries
908,85571,2018-01-20,Deposit,6602.77,Online Banking,Shopping
909,66023,2022-05-12,Transfer Out,12043.18,ATM,Rent
910,26618,2024-08-06,Transfer Out,890.59,Mobile App,Dining
911,44724,2024-03-22,Deposit,834.56,Online Banking,ATM Withdrawal
912,27503,2018-05-25,Withdrawal,102.03,Online Banking,Fund Transfer
913,90733,2019-05-15,Fee Debit,4793.59,POS,ATM Withdrawal
914,50751,2021-01-02,Transfer In,589.83,ATM,Fuel
915,93506,2022-08-18,Deposit,3104.85,POS,Salary Credit
916,73532,2018-04-06,Transfer In,1347.38,POS,Travel
917,44149,2026-02-11,Interest Credit,5582.57,Branch,Shopping
918,52164,2019-07-30,Transfer In,6129.2,Mobile App,Fuel
919,79183,2022-07-07,Withdrawal,1897.32,POS,Education
920,80312,2022-02-09,Deposit,5411.43,ATM,Healthcare
921,6879,2022-06-04,Fee Debit,1766.32,Online Banking,Fuel
922,41253,2021-07-03,Fee Debit,3699.58,Mobile App,Fund Transfer
923,25408,2024-01-09,Transfer In,2162.21,UPI,Fuel
924,72894,2024-04-27,Interest Credit,6249.02,Mobile App,Insurance
925,55991,2019-10-27,Withdrawal,362.36,Branch,Groceries
926,69906,2022-09-12,Transfer In,113.81,POS,Travel
927,36776,2019-06-25,Deposit,228.31,ATM,Insurance
928,34191,2026-04-04,Deposit,22153.51,Mobile App,Healthcare
929,93543,2023-11-08,Transfer Out,7498.54,ATM,Salary Credit
930,24697,2025-02-12,Withdrawal,2456.91,ATM,Insurance
931,79271,2026-06-04,Interest Credit,25127.14,POS,Rent
932,85140,2019-12-11,Deposit,5719.2,Online Banking,Groceries
933,38066,2018-03-25,Deposit,15896.66,ATM,Insurance
934,39574,2022-12-18,Fee Debit,376.31,ATM,Salary Credit
935,58102,2024-08-28,Interest Credit,2286.72,Online Banking,Insurance
936,91966,2022-04-13,Deposit,8440.83,Mobile App,Insurance
937,37333,2024-01-18,Deposit,8919.21,Online Banking,Travel
938,3992,2023-12-30,Withdrawal,17855.61,Mobile App,Healthcare
939,7370,2026-06-28,Deposit,6403.42,ATM,ATM Withdrawal
940,36688,2021-07-14,Fee Debit,1170.73,Online Banking,Rent
941,325,2019-06-01,Deposit,1113.55,ATM,Dining
942,82371,2018-09-03,Deposit,1923.41,POS,Fuel
943,89627,2018-01-21,Withdrawal,3621.18,ATM,Groceries
944,77656,2024-02-06,Transfer Out,11874.95,Branch,Entertainment
945,21574,2021-10-29,Transfer In,1984.5,Mobile App,Insurance
946,41051,2020-08-10,Deposit,2839.29,ATM,Travel
947,5048,2024-01-27,Deposit,78.96,Mobile App,Fund Transfer
948,89616,2018-07-24,Withdrawal,17823.05,Mobile App,Dining
949,17676,2023-11-17,Transfer In,3061.7,POS,Salary Credit
950,64336,2023-11-25,Transfer In,1698.23,Mobile App,Fund Transfer
951,36981,2020-03-14,Deposit,4385.92,Branch,Insurance
952,1067,2022-05-12,Withdrawal,1529.75,UPI,Groceries
953,72099,2022-04-13,Transfer In,14737.22,POS,Fuel
954,89447,2019-07-01,Withdrawal,11799.48,Online Banking,Salary Credit
955,94881,2021-06-10,Deposit,6649.54,Online Banking,Groceries
956,28833,2020-06-06,Deposit,14428.81,UPI,Groceries
957,82537,2021-12-28,Transfer In,9230.32,ATM,Entertainment
958,77616,2018-06-03,Fee Debit,1379.39,Online Banking,Education
959,31817,2021-01-29,Interest Credit,191.07,Mobile App,Insurance
960,2806,2024-12-02,Deposit,12554.32,Mobile App,Insurance
961,11136,2022-04-25,Transfer In,12845.6,Mobile App,Groceries
962,17887,2021-02-25,Transfer In,20151.83,Online Banking,Rent
963,137,2019-09-06,Transfer In,2622.69,Mobile App,Fuel
964,67811,2018-05-31,Transfer Out,5681.19,UPI,Rent
965,5400,2020-06-22,Transfer Out,446.09,POS,Healthcare
966,9138,2018-06-22,Transfer In,12258.17,Mobile App,Education
967,27659,2023-07-26,Deposit,840.4,POS,Groceries
968,11537,2021-04-26,Transfer In,16112.28,Branch,Education
969,47328,2023-12-12,Transfer Out,6123.23,Branch,Fund Transfer
970,27764,2024-09-27,Fee Debit,12174.85,POS,Groceries
971,47036,2023-02-24,Deposit,5066.47,Online Banking,Utilities
972,27094,2018-02-27,Fee Debit,6659.43,Branch,Rent
973,66652,2023-08-31,Withdrawal,8200.62,ATM,Education
974,2033,2022-01-28,Deposit,862.87,ATM,Entertainment
975,18587,2018-11-27,Interest Credit,528.63,POS,Shopping
976,7862,2020-05-21,Withdrawal,25218.58,POS,Fund Transfer
977,37952,2025-09-09,Interest Credit,4346.46,Branch,Dining
978,633,2024-09-04,Deposit,989.75,ATM,ATM Withdrawal
979,22812,2025-03-14,Transfer Out,8211.58,Branch,Groceries
980,14645,2022-06-02,Withdrawal,6885.4,Mobile App,Shopping
981,4864,2020-06-19,Interest Credit,19537.08,Mobile App,Shopping
982,181,2018-06-20,Interest Credit,5642.45,POS,Shopping
983,24141,2025-07-11,Transfer Out,494.68,Branch,Fund Transfer
984,43246,2021-04-21,Fee Debit,803.86,Mobile App,Travel
985,64568,2025-02-07,Deposit,1365.13,UPI,Shopping
986,20606,2021-11-04,Fee Debit,2391.67,POS,Groceries
987,92641,2022-05-09,Transfer In,8078.0,ATM,Fuel
988,84215,2020-08-21,Withdrawal,207.81,UPI,Education
989,89672,2025-06-26,Fee Debit,3130.52,POS,Insurance
990,90367,2019-02-19,Fee Debit,2272.1,Branch,Rent
991,63856,2023-10-22,Withdrawal,6959.62,Branch,Entertainment
992,58818,2024-02-22,Deposit,3442.88,POS,Dining
993,87046,2026-05-25,Interest Credit,9361.73,ATM,Entertainment
994,80304,2021-04-01,Withdrawal,6570.54,POS,Travel
995,10199,2024-03-03,Transfer Out,7715.08,Mobile App,Travel
996,62189,2022-08-23,Fee Debit,6595.36,Branch,Rent
997,18579,2018-05-13,Transfer Out,1031.28,Online Banking,Rent
998,66821,2022-02-04,Transfer Out,11809.07,Branch,Shopping
999,18325,2020-04-28,Fee Debit,4364.53,Online Banking,Salary Credit
1000,53040,2024-10-09,Transfer In,3535.99,UPI,Salary Credit
1001,82018,2023-10-21,Interest Credit,5168.88,ATM,Fund Transfer
1002,41514,2022-11-12,Withdrawal,1517.92,ATM,Salary Credit
1003,27979,2018-01-26,Deposit,1033.9,POS,Travel
1004,20995,2023-03-14,Withdrawal,5826.56,Branch,Healthcare
1005,51417,2022-11-24,Withdrawal,4057.93,Branch,Fund Transfer
1006,33370,2026-05-04,Deposit,4259.8,Online Banking,Groceries
1007,14989,2026-04-03,Transfer In,5796.13,UPI,Utilities
1008,50221,2019-05-18,Deposit,4963.94,Branch,Fund Transfer
1009,67849,2025-08-15,Transfer In,2990.18,UPI,Groceries
1010,33578,2023-05-27,Transfer Out,3653.83,Online Banking,Insurance
1011,87346,2026-04-26,Transfer Out,1272.79,Online Banking,Salary Credit
1012,16363,2023-08-12,Deposit,1237.3,POS,Healthcare
1013,53194,2023-01-26,Deposit,3118.69,ATM,Dining
1014,81221,2020-03-20,Interest Credit,6934.49,UPI,Fund Transfer
1015,69250,2024-12-06,Transfer Out,8740.61,ATM,Fund Transfer
1016,34229,2022-02-04,Deposit,2750.89,UPI,Travel
1017,67634,2020-05-13,Fee Debit,3714.05,Mobile App,Salary Credit
1018,93690,2018-04-02,Fee Debit,9225.72,UPI,Rent
1019,33307,2022-02-19,Deposit,8732.84,POS,Fuel
1020,48807,2019-05-28,Deposit,1254.2,Branch,Shopping
1021,68539,2022-03-06,Withdrawal,4287.14,Branch,Travel
1022,75785,2023-02-11,Interest Credit,10849.63,POS,Fund Transfer
1023,73370,2019-06-11,Transfer Out,11545.06,POS,Entertainment
1024,72514,2023-06-06,Deposit,2517.07,POS,Entertainment
1025,57754,2024-03-18,Deposit,4364.45,Branch,Insurance
1026,60892,2024-12-10,Transfer In,4634.22,Mobile App,Salary Credit
1027,80911,2018-07-31,Deposit,19849.06,POS,Shopping
1028,57352,2018-12-13,Withdrawal,652.06,Online Banking,Fund Transfer
1029,6394,2025-01-13,Transfer Out,16926.38,UPI,Insurance
1030,31534,2021-07-13,Withdrawal,3876.5,UPI,Travel
1031,89955,2019-08-15,Transfer In,1236.98,UPI,Education
1032,15653,2026-04-15,Transfer In,7424.53,Online Banking,Insurance
1033,28362,2019-12-27,Withdrawal,4917.69,Mobile App,Rent
1034,185,2025-02-03,Transfer In,870.59,Mobile App,Salary Credit
1035,15580,2018-12-30,Interest Credit,237.75,ATM,Rent
1036,88794,2025-11-25,Fee Debit,1154.73,UPI,Rent
1037,82874,2018-05-31,Transfer In,5091.24,Mobile App,Insurance
1038,35277,2026-06-15,Transfer In,6312.14,Online Banking,Rent
1039,25372,2022-12-22,Deposit,254.83,Branch,Rent
1040,4855,2020-12-16,Withdrawal,9174.77,POS,Rent
1041,79815,2021-09-09,Fee Debit,1375.95,ATM,Insurance
1042,70212,2018-11-26,Transfer Out,762.69,ATM,Utilities
1043,35863,2019-08-31,Fee Debit,8860.1,ATM,Fuel
1044,66570,2018-01-18,Deposit,5890.55,POS,Fund Transfer
1045,54646,2023-11-08,Interest Credit,2630.99,Online Banking,ATM Withdrawal
1046,90222,2025-04-16,Withdrawal,21198.82,Branch,Salary Credit
1047,20711,2023-07-20,Interest Credit,5966.98,UPI,ATM Withdrawal
1048,9390,2022-04-20,Withdrawal,5401.4,UPI,Education
1049,14738,2018-02-18,Transfer Out,3870.67,UPI,Utilities
1050,38700,2020-06-05,Interest Credit,5933.59,POS,Salary Credit
1051,66867,2024-03-15,Transfer In,3431.76,Branch,Fuel
1052,69045,2021-03-31,Withdrawal,1052.52,UPI,Dining
1053,88637,2026-01-02,Withdrawal,2665.56,POS,Education
1054,32451,2019-02-12,Transfer Out,5044.9,Mobile App,Education
1055,46352,2025-07-14,Fee Debit,2337.34,Online Banking,Fuel
1056,79725,2025-08-01,Deposit,2273.96,Mobile App,Rent
1057,77503,2018-06-18,Deposit,3924.35,UPI,Groceries
1058,28441,2022-12-17,Transfer In,1882.55,UPI,Fuel
1059,31371,2022-04-09,Interest Credit,1846.51,Online Banking,ATM Withdrawal
1060,32750,2021-12-08,Deposit,4662.2,Mobile App,Utilities
1061,14791,2023-11-24,Withdrawal,5220.23,Mobile App,Utilities
1062,86937,2018-04-24,Transfer Out,8282.54,Branch,Shopping
1063,5093,2021-04-30,Withdrawal,155.94,Mobile App,Salary Credit
1064,73476,2024-03-11,Deposit,7078.7,Online Banking,Education
1065,13526,2025-04-30,Withdrawal,5002.83,Branch,Groceries
1066,80099,2020-05-08,Deposit,5920.62,Mobile App,Rent
1067,63132,2026-01-22,Deposit,8249.98,UPI,Shopping
1068,10311,2018-02-07,Transfer In,4729.47,UPI,Groceries
1069,8279,2018-11-12,Fee Debit,16346.12,ATM,Utilities
1070,72935,2022-04-10,Withdrawal,22982.41,POS,Dining
1071,34223,2021-07-19,Transfer In,24257.1,POS,Education
1072,82388,2021-01-15,Transfer Out,23422.42,Mobile App,Travel
1073,6548,2018-09-08,Fee Debit,3095.89,Mobile App,Healthcare
1074,17967,2024-07-06,Fee Debit,9348.8,Online Banking,Salary Credit
1075,11212,2019-08-08,Transfer In,13729.75,UPI,ATM Withdrawal
1076,79635,2021-11-17,Deposit,11403.47,Branch,Shopping
1077,28329,2020-01-07,Withdrawal,13273.8,UPI,Insurance
1078,69246,2018-04-07,Interest Credit,744.44,POS,Healthcare
1079,46695,2019-05-03,Fee Debit,11913.12,POS,Fuel
1080,73518,2023-06-13,Deposit,13829.19,Branch,ATM Withdrawal
1081,11355,2022-01-19,Transfer In,6997.34,Online Banking,Education
1082,88637,2020-01-11,Interest Credit,10417.67,Mobile App,Entertainment
1083,39610,2026-03-24,Transfer In,4461.42,POS,Dining
1084,39102,2024-05-27,Withdrawal,4410.93,ATM,Entertainment
1085,32569,2018-08-31,Transfer Out,1011.98,UPI,Fund Transfer
1086,74325,2025-02-12,Transfer Out,3359.25,POS,Insurance
1087,61845,2026-04-12,Interest Credit,13756.67,Branch,Insurance
1088,43913,2022-01-14,Deposit,6679.15,Online Banking,Dining
1089,18565,2019-10-22,Deposit,5027.58,Mobile App,Entertainment
1090,34085,2018-09-06,Interest Credit,939.61,Branch,Groceries
1091,18275,2018-12-10,Fee Debit,3936.56,ATM,Utilities
1092,25602,2019-08-13,Transfer In,11254.05,UPI,Travel
1093,59489,2026-06-06,Fee Debit,3522.74,ATM,Insurance
1094,70299,2019-09-07,Deposit,4286.46,Online Banking,Healthcare
1095,75383,2022-03-25,Transfer In,2349.36,Online Banking,Salary Credit
1096,41573,2018-10-21,Deposit,4388.22,UPI,Groceries
1097,10101,2021-07-11,Deposit,17429.0,Branch,Travel
1098,8884,2021-01-04,Transfer In,2583.28,Mobile App,Fuel
1099,38117,2022-08-22,Withdrawal,2299.29,POS,Utilities
1100,60243,2023-06-30,Withdrawal,1116.29,POS,Education
1101,94742,2024-11-22,Transfer In,2295.65,Branch,Insurance
1102,1802,2021-11-30,Withdrawal,2047.91,Online Banking,Groceries
1103,81409,2021-04-02,Fee Debit,5364.62,Branch,Fuel
1104,5215,2021-01-14,Withdrawal,5187.59,Online Banking,Insurance
1105,41951,2023-08-07,Withdrawal,27137.62,Branch,Dining
1106,93529,2018-12-17,Deposit,9227.74,Online Banking,Rent
1107,77024,2026-04-09,Transfer In,1628.63,POS,Utilities
1108,70870,2024-03-23,Transfer Out,2037.03,UPI,Entertainment
1109,84251,2023-08-23,Transfer In,945.7,Online Banking,Insurance
1110,39669,2023-07-03,Transfer Out,1047.33,ATM,Insurance
1111,31503,2022-01-15,Deposit,2359.68,ATM,Shopping
1112,59697,2022-05-24,Withdrawal,8060.65,Online Banking,Rent
1113,8651,2022-08-08,Withdrawal,16023.61,POS,ATM Withdrawal
1114,9434,2019-09-17,Transfer Out,3415.84,Mobile App,Dining
1115,13483,2018-04-19,Withdrawal,3772.51,ATM,Utilities
1116,51743,2022-01-02,Interest Credit,286.06,POS,Fuel
1117,34692,2018-06-13,Transfer In,12241.19,Online Banking,Travel
1118,84255,2024-05-17,Transfer In,10870.23,Online Banking,Travel
1119,28677,2022-05-24,Withdrawal,8540.97,Mobile App,Insurance
1120,61799,2023-05-24,Deposit,9196.49,POS,Entertainment
1121,49956,2019-08-07,Deposit,4461.3,Mobile App,Healthcare
1122,40978,2022-07-18,Deposit,21819.31,POS,Entertainment
1123,87089,2026-01-10,Transfer In,1904.52,Mobile App,Rent
1124,30739,2021-12-16,Withdrawal,5818.13,Mobile App,Entertainment
1125,45104,2024-02-17,Transfer In,3274.82,Branch,Fund Transfer
1126,16525,2022-02-04,Interest Credit,2276.39,Branch,Education
1127,17342,2023-04-24,Transfer In,1861.87,ATM,ATM Withdrawal
1128,77505,2026-01-18,Transfer In,149.83,Online Banking,Healthcare
1129,27181,2024-01-07,Deposit,1619.91,POS,Entertainment
1130,2733,2020-12-18,Withdrawal,12105.31,POS,Insurance
1131,75523,2025-05-19,Transfer Out,5461.15,Mobile App,ATM Withdrawal
1132,90401,2018-01-06,Fee Debit,1043.7,Mobile App,Insurance
1133,11279,2022-12-04,Transfer Out,6247.59,Online Banking,Rent
1134,65298,2025-03-10,Deposit,2089.59,POS,Dining
1135,42643,2022-08-05,Deposit,5815.35,ATM,Utilities
1136,23340,2019-10-13,Withdrawal,4008.77,Online Banking,Travel
1137,25542,2018-11-20,Withdrawal,10919.84,Online Banking,Rent
1138,745,2023-04-14,Withdrawal,10360.3,ATM,Utilities
1139,72615,2019-11-28,Transfer In,4042.86,UPI,Education
1140,32407,2018-01-14,Fee Debit,691.03,Branch,Fuel
1141,11759,2023-05-26,Fee Debit,5789.22,Branch,Insurance
1142,32545,2018-02-11,Interest Credit,786.53,POS,Dining
1143,30034,2020-04-17,Fee Debit,359.84,Online Banking,Shopping
1144,57940,2023-09-04,Transfer In,675.7,Online Banking,Groceries
1145,61650,2021-09-25,Deposit,7560.28,Mobile App,Rent
1146,16599,2026-01-03,Deposit,6277.5,Mobile App,Utilities
1147,65590,2018-07-14,Transfer Out,4139.92,Online Banking,Travel
1148,66422,2023-02-19,Deposit,12168.58,ATM,Utilities
1149,17775,2022-10-17,Withdrawal,11543.92,Online Banking,Fuel
1150,32502,2023-07-19,Withdrawal,1024.45,POS,Entertainment
1151,49787,2021-02-17,Deposit,11267.28,POS,Salary Credit
1152,64798,2022-12-27,Withdrawal,9598.98,Branch,Education
1153,93724,2025-01-08,Transfer In,2025.35,Branch,Rent
1154,12727,2021-11-06,Fee Debit,4504.59,Mobile App,Fund Transfer
1155,20369,2018-10-12,Withdrawal,13254.38,POS,Rent
1156,24402,2019-02-26,Withdrawal,7655.27,Branch,Fund Transfer
1157,56970,2022-06-04,Fee Debit,5547.49,Online Banking,Education
1158,33294,2024-07-08,Transfer In,1203.33,UPI,Insurance
1159,51123,2024-08-24,Transfer In,5006.13,UPI,Insurance
1160,24364,2025-10-15,Transfer Out,9742.41,POS,ATM Withdrawal
1161,65670,2021-01-29,Transfer Out,4306.26,UPI,Shopping
1162,74506,2021-01-27,Deposit,19435.15,POS,Salary Credit
1163,39822,2025-06-11,Transfer In,2949.93,Mobile App,Travel
1164,19582,2023-04-25,Withdrawal,4511.83,Online Banking,Healthcare
1165,84985,2024-01-26,Interest Credit,331.78,ATM,Dining
1166,67072,2024-08-19,Transfer In,4630.39,Online Banking,Insurance
1167,26006,2021-09-24,Withdrawal,730.16,ATM,Entertainment
1168,80570,2024-12-03,Deposit,4610.0,ATM,Fuel
1169,53984,2018-04-12,Withdrawal,440.07,Mobile App,Rent
1170,34395,2024-12-14,Transfer In,7853.45,Online Banking,ATM Withdrawal
1171,78654,2023-10-13,Withdrawal,18324.35,Branch,Dining
1172,1804,2020-10-22,Deposit,778.7,Online Banking,Insurance
1173,20103,2018-02-05,Deposit,15791.93,UPI,Salary Credit
1174,69124,2021-06-16,Deposit,910.24,UPI,Healthcare
1175,83082,2020-10-21,Transfer Out,1924.03,POS,ATM Withdrawal
1176,41248,2023-08-23,Fee Debit,2692.03,UPI,Education
1177,79339,2021-06-28,Transfer In,2800.63,Online Banking,Utilities
1178,76572,2019-02-18,Transfer In,3570.93,Mobile App,Travel
1179,54425,2022-05-01,Deposit,7859.99,UPI,Rent
1180,35074,2023-11-03,Deposit,9584.61,ATM,Insurance
1181,55783,2023-07-10,Fee Debit,460.78,UPI,Travel
1182,66503,2018-12-14,Transfer Out,1265.51,Online Banking,Shopping
1183,62011,2023-07-24,Withdrawal,2111.46,Mobile App,Education
1184,63717,2022-11-23,Interest Credit,5900.89,POS,Travel
1185,12607,2024-12-22,Transfer Out,1993.27,Mobile App,Utilities
1186,63242,2023-09-02,Withdrawal,15169.23,UPI,Entertainment
1187,15056,2020-12-14,Withdrawal,4804.96,Mobile App,Healthcare
1188,55060,2019-02-10,Deposit,992.61,Online Banking,Shopping
1189,78493,2019-01-16,Fee Debit,6221.09,UPI,Dining
1190,56331,2018-06-11,Transfer In,4700.18,Branch,Fund Transfer
1191,77715,2024-08-09,Deposit,5079.86,Branch,Insurance
1192,94262,2019-06-11,Transfer Out,3395.09,ATM,Dining
1193,17414,2018-12-13,Withdrawal,2642.16,Online Banking,Shopping
1194,16299,2020-02-01,Withdrawal,10087.98,Online Banking,Rent
1195,61203,2023-09-05,Withdrawal,12827.57,ATM,Fuel
1196,4245,2021-08-28,Deposit,1537.53,Branch,Rent
1197,10887,2019-08-04,Withdrawal,122.6,POS,Groceries
1198,81807,2024-04-14,Fee Debit,1290.82,POS,Groceries
1199,22290,2023-09-21,Withdrawal,92.0,Online Banking,Insurance
1200,52570,2021-08-02,Withdrawal,12796.9,ATM,Education
1201,61056,2020-04-19,Withdrawal,6468.87,UPI,Groceries
1202,53800,2024-09-18,Transfer Out,25264.04,UPI,ATM Withdrawal
1203,52839,2022-07-04,Withdrawal,13133.46,Online Banking,Travel
1204,26624,2022-05-08,Fee Debit,8883.59,POS,Rent
1205,89860,2019-11-23,Deposit,4547.94,ATM,Education
1206,47478,2018-08-09,Withdrawal,3704.8,Online Banking,Groceries
1207,8570,2019-08-21,Transfer Out,979.69,ATM,Fund Transfer
1208,47941,2025-09-06,Transfer In,2686.99,Branch,Fuel
1209,8903,2020-02-14,Interest Credit,218.03,POS,Utilities
1210,27256,2020-03-06,Transfer In,11563.05,UPI,Utilities
1211,47233,2018-04-03,Withdrawal,5503.48,Online Banking,Fuel
1212,76790,2018-12-21,Transfer Out,2827.28,Online Banking,Dining
1213,916,2024-12-25,Transfer In,2983.6,ATM,Entertainment
1214,4675,2018-12-21,Withdrawal,3750.12,Online Banking,Groceries
1215,16625,2020-06-29,Transfer In,15296.12,Mobile App,Rent
1216,6633,2020-01-06,Transfer In,4332.85,Mobile App,Dining
1217,41947,2023-11-14,Deposit,13152.7,POS,Entertainment
1218,88936,2023-01-13,Transfer Out,24595.71,ATM,Entertainment
1219,27359,2025-10-20,Transfer Out,10125.25,POS,Fuel
1220,30080,2018-07-12,Transfer Out,5967.12,Mobile App,Salary Credit
1221,51600,2026-05-19,Interest Credit,7984.28,POS,Fuel
1222,82939,2024-11-13,Deposit,6388.75,ATM,Rent
1223,15893,2020-12-05,Withdrawal,5950.48,POS,Shopping
1224,67968,2021-10-15,Withdrawal,19862.83,POS,Dining
1225,41162,2024-04-08,Withdrawal,928.03,Branch,Healthcare
1226,38722,2018-02-26,Transfer Out,7063.3,Branch,Entertainment
1227,16863,2026-06-23,Withdrawal,108.36,UPI,Utilities
1228,22135,2019-06-24,Withdrawal,25824.73,Branch,Groceries
1229,81768,2024-04-26,Deposit,6139.55,Online Banking,Utilities
1230,46869,2025-10-29,Deposit,556.58,POS,Insurance
1231,79432,2019-09-24,Transfer Out,5796.52,UPI,Rent
1232,10387,2026-02-04,Deposit,249.78,Branch,Groceries
1233,69869,2024-06-15,Deposit,20069.32,ATM,Fuel
1234,75425,2024-09-16,Deposit,8234.25,Online Banking,Utilities
1235,19589,2019-03-20,Deposit,138.63,Mobile App,ATM Withdrawal
1236,48108,2023-08-11,Withdrawal,7030.41,Mobile App,Fuel
1237,37473,2020-02-07,Fee Debit,4299.65,POS,Entertainment
1238,24705,2022-08-21,Transfer In,1028.78,Online Banking,Entertainment
1239,44378,2024-09-28,Withdrawal,9699.43,ATM,Groceries
1240,5180,2019-04-25,Transfer Out,646.27,UPI,Fuel
1241,70265,2021-07-11,Withdrawal,2299.01,Branch,Healthcare
1242,25018,2026-06-14,Fee Debit,20517.8,Mobile App,Salary Credit
1243,27184,2020-08-30,Withdrawal,3023.44,ATM,Fund Transfer
1244,74938,2024-02-06,Transfer In,4181.36,UPI,Entertainment
1245,38027,2018-07-12,Withdrawal,2337.99,UPI,Fund Transfer
1246,90581,2021-05-23,Transfer Out,3062.18,Mobile App,Dining
1247,73851,2021-12-13,Transfer In,1685.46,POS,Salary Credit
1248,72901,2022-12-09,Interest Credit,306.3,ATM,Rent
1249,73662,2021-09-04,Withdrawal,295.92,Branch,Fund Transfer
1250,33587,2019-03-15,Transfer In,648.6,UPI,Fuel
1251,39424,2018-06-27,Fee Debit,672.74,Branch,Dining
1252,83044,2026-06-25,Fee Debit,23292.92,ATM,Utilities
1253,81324,2023-05-03,Withdrawal,8181.39,ATM,Utilities
1254,79790,2019-06-09,Withdrawal,3682.59,Online Banking,Salary Credit
1255,76032,2018-02-25,Transfer Out,2255.3,ATM,Rent
1256,86808,2024-12-30,Deposit,556.09,Mobile App,Fuel
1257,62835,2025-10-15,Withdrawal,1157.9,POS,Education
1258,89635,2025-09-06,Transfer In,4606.7,ATM,Fund Transfer
1259,84473,2018-06-25,Fee Debit,1534.68,ATM,Rent
1260,17484,2023-10-09,Fee Debit,1582.99,Online Banking,Healthcare
1261,62100,2022-06-12,Withdrawal,9136.28,Mobile App,Travel
1262,74801,2021-10-23,Withdrawal,23077.84,Online Banking,Insurance
1263,73300,2023-11-15,Withdrawal,926.75,ATM,Education
1264,72675,2022-09-26,Transfer Out,11200.89,Branch,Insurance
1265,2615,2022-01-16,Withdrawal,1900.8,Mobile App,Insurance
1266,7318,2024-04-26,Fee Debit,10610.73,Branch,Travel
1267,78159,2018-02-10,Withdrawal,14458.37,Online Banking,Education
1268,72555,2019-05-16,Deposit,3195.31,POS,Rent
1269,52368,2020-01-01,Deposit,6397.34,Mobile App,Groceries
1270,87728,2026-03-18,Deposit,529.1,UPI,Fuel
1271,20473,2020-01-18,Fee Debit,5884.9,POS,Groceries
1272,32258,2025-11-27,Deposit,17467.19,Mobile App,Rent
1273,68307,2021-08-30,Transfer In,13098.58,ATM,Dining
1274,77767,2019-06-09,Withdrawal,12394.99,Branch,Dining
1275,10606,2021-07-04,Transfer Out,5071.91,UPI,Salary Credit
1276,8609,2018-08-22,Transfer In,11096.25,Online Banking,Fuel
1277,15859,2025-11-24,Withdrawal,312.0,Branch,Shopping
1278,45316,2023-07-04,Interest Credit,2930.45,Online Banking,Groceries
1279,58458,2020-06-29,Transfer Out,643.5,Branch,Salary Credit
1280,35363,2019-06-02,Deposit,2209.3,Branch,ATM Withdrawal
1281,49332,2026-03-01,Withdrawal,10345.31,UPI,Insurance
1282,10513,2021-07-15,Transfer Out,23077.58,UPI,Groceries
1283,77087,2023-12-09,Fee Debit,7541.31,POS,ATM Withdrawal
1284,62568,2019-10-11,Fee Debit,3489.74,UPI,Insurance
1285,11132,2022-08-17,Interest Credit,2418.07,POS,Dining
1286,64361,2018-07-24,Fee Debit,5095.95,Branch,Travel
1287,30277,2021-03-31,Deposit,772.89,Branch,Fund Transfer
1288,42122,2019-08-24,Interest Credit,181.63,ATM,Fund Transfer
1289,52463,2026-01-04,Fee Debit,4839.78,POS,Rent
1290,70736,2019-08-02,Fee Debit,1231.51,Branch,Travel
1291,13462,2026-05-14,Interest Credit,15839.59,Branch,Shopping
1292,67714,2023-02-25,Transfer Out,978.79,Online Banking,Dining
1293,93286,2023-02-25,Deposit,808.93,Branch,Fund Transfer
1294,30731,2024-12-01,Transfer In,6163.87,UPI,Salary Credit
1295,69189,2024-09-08,Transfer Out,6435.39,POS,Fund Transfer
1296,82093,2024-06-06,Deposit,391.07,POS,Dining
1297,83562,2026-03-26,Deposit,5442.46,POS,Dining
1298,20942,2023-09-10,Transfer In,14898.04,UPI,Utilities
1299,47943,2021-03-14,Withdrawal,365.52,Online Banking,Dining
1300,61804,2019-08-15,Withdrawal,9436.78,Mobile App,Healthcare
1301,35981,2025-05-21,Withdrawal,5675.57,Online Banking,Salary Credit
1302,91696,2020-02-15,Deposit,2126.26,POS,Fuel
1303,47177,2023-10-20,Withdrawal,3561.39,Online Banking,Salary Credit
1304,19449,2026-04-03,Transfer Out,13225.55,Branch,ATM Withdrawal
1305,51670,2024-12-02,Transfer Out,3328.38,Mobile App,Education
1306,80137,2025-12-04,Deposit,9821.35,Branch,Travel
1307,43627,2022-10-24,Withdrawal,5489.3,POS,Dining
1308,48611,2026-02-14,Interest Credit,135.91,Mobile App,Utilities
1309,84389,2026-04-16,Deposit,1243.11,UPI,Fuel
1310,32702,2019-05-03,Deposit,15899.52,Branch,Entertainment
1311,54087,2021-08-03,Withdrawal,9417.28,Branch,Dining
1312,44422,2018-07-01,Withdrawal,3045.54,Mobile App,Groceries
1313,53061,2021-02-01,Transfer In,3575.06,Branch,Fund Transfer
1314,13335,2020-03-12,Withdrawal,1300.34,Branch,Salary Credit
1315,77278,2020-11-18,Fee Debit,6083.42,POS,Entertainment
1316,6296,2022-11-30,Transfer In,4946.78,UPI,Healthcare
1317,30095,2023-08-09,Transfer In,1116.27,ATM,Travel
1318,25987,2023-07-24,Withdrawal,10711.71,Branch,Insurance
1319,86472,2019-05-29,Transfer In,4471.64,Online Banking,Fund Transfer
1320,33578,2020-05-08,Interest Credit,7053.58,UPI,Healthcare
1321,3984,2018-09-18,Transfer In,10999.75,UPI,Groceries
1322,54175,2024-08-26,Transfer In,660.52,Online Banking,Rent
1323,8,2020-07-03,Withdrawal,43173.15,Online Banking,Entertainment
1324,11191,2019-02-14,Deposit,12891.59,Mobile App,Dining
1325,90336,2024-12-20,Deposit,3127.94,POS,Salary Credit
1326,56964,2018-11-10,Deposit,11482.98,ATM,Groceries
1327,16867,2020-05-16,Transfer Out,295.8,Branch,Healthcare
1328,17966,2024-08-30,Withdrawal,2332.79,POS,ATM Withdrawal
1329,29130,2023-09-10,Transfer Out,5847.03,Branch,Fund Transfer
1330,1405,2025-03-09,Interest Credit,12486.19,Online Banking,Healthcare
1331,45336,2023-10-08,Deposit,3726.51,POS,Healthcare
1332,65424,2025-06-12,Withdrawal,6248.66,ATM,Dining
1333,7885,2019-07-01,Transfer Out,920.61,ATM,Salary Credit
1334,27458,2018-06-09,Interest Credit,18005.87,POS,Entertainment
1335,24622,2018-07-15,Fee Debit,676.14,Online Banking,Entertainment
1336,67335,2024-02-19,Deposit,7363.75,ATM,Fund Transfer
1337,76088,2023-09-30,Withdrawal,24648.03,POS,Salary Credit
1338,11459,2022-06-01,Deposit,15012.91,ATM,Insurance
1339,33205,2025-05-21,Transfer In,15106.45,Online Banking,ATM Withdrawal
1340,61649,2023-05-31,Withdrawal,2416.26,ATM,Insurance
1341,46029,2026-04-17,Transfer Out,2958.04,Mobile App,Travel
1342,69485,2023-01-15,Transfer Out,1909.59,Online Banking,ATM Withdrawal
1343,77124,2020-08-03,Interest Credit,845.97,Mobile App,Salary Credit
1344,3759,2020-10-14,Transfer In,5826.2,ATM,Healthcare
1345,52660,2024-08-28,Deposit,3363.46,UPI,Fuel
1346,20420,2025-11-22,Interest Credit,5783.53,ATM,Fund Transfer
1347,15992,2026-01-31,Fee Debit,3076.07,Mobile App,Travel
1348,30040,2024-07-15,Deposit,1391.32,ATM,Education
1349,47914,2021-08-03,Transfer In,6693.09,ATM,Shopping
1350,10668,2024-10-18,Withdrawal,2173.01,Branch,ATM Withdrawal
1351,84832,2025-05-24,Transfer In,603.46,Mobile App,Education
1352,82321,2020-04-01,Transfer In,17316.56,UPI,ATM Withdrawal
1353,34773,2024-04-28,Withdrawal,1725.09,Mobile App,ATM Withdrawal
1354,34768,2022-08-22,Withdrawal,12124.82,Online Banking,Dining
1355,12793,2026-03-22,Transfer In,9884.74,ATM,Entertainment
1356,47242,2021-05-18,Fee Debit,6448.26,ATM,Healthcare
1357,62908,2018-08-13,Transfer Out,4022.16,UPI,Healthcare
1358,49027,2024-06-24,Transfer In,4639.21,Branch,Rent
1359,10168,2024-03-21,Deposit,1496.33,ATM,Dining
1360,17185,2023-04-01,Deposit,15925.04,Branch,Dining
1361,82386,2025-07-13,Withdrawal,1172.6,UPI,Shopping
1362,38258,2025-09-02,Withdrawal,4769.66,Branch,Utilities
1363,87797,2020-07-11,Transfer In,2139.42,ATM,Education
1364,11241,2018-07-02,Transfer Out,4929.08,POS,Entertainment
1365,77453,2025-02-17,Withdrawal,14418.4,Mobile App,Entertainment
1366,12840,2023-10-10,Withdrawal,17801.81,Online Banking,Travel
1367,64909,2025-11-12,Interest Credit,9336.52,Online Banking,Utilities
1368,44448,2025-09-06,Transfer In,11336.49,UPI,Entertainment
1369,91418,2023-03-17,Interest Credit,9894.56,ATM,Salary Credit
1370,7518,2023-10-02,Fee Debit,6639.1,UPI,Healthcare
1371,80707,2023-02-21,Transfer Out,1768.13,UPI,Travel
1372,49632,2022-08-19,Transfer Out,8316.76,Online Banking,Groceries
1373,63379,2020-01-14,Deposit,944.86,Online Banking,Fund Transfer
1374,64753,2023-08-30,Deposit,2320.66,UPI,ATM Withdrawal
1375,30565,2020-12-27,Fee Debit,1571.93,Branch,Travel
1376,7204,2018-12-17,Withdrawal,211.4,ATM,Shopping
1377,37998,2023-01-03,Withdrawal,4680.27,UPI,Salary Credit
1378,56126,2025-06-11,Withdrawal,1297.98,Mobile App,Groceries
1379,6088,2021-08-26,Deposit,6563.85,Branch,Insurance
1380,11473,2023-02-09,Withdrawal,7611.87,Online Banking,Fuel
1381,31602,2019-08-04,Withdrawal,5128.77,Branch,Salary Credit
1382,74860,2025-04-20,Withdrawal,3436.74,POS,Fund Transfer
1383,23181,2018-10-09,Interest Credit,1267.4,Online Banking,Shopping
1384,51114,2023-12-09,Deposit,4986.66,Branch,Dining
1385,15730,2020-11-20,Withdrawal,1267.49,Mobile App,Insurance
1386,92852,2024-02-11,Deposit,768.65,UPI,Insurance
1387,62660,2023-04-14,Interest Credit,8684.73,POS,Entertainment
1388,76141,2018-02-24,Interest Credit,1876.03,UPI,Education
1389,55632,2020-11-07,Interest Credit,8234.16,Branch,Fund Transfer
1390,50191,2018-03-12,Deposit,632.07,Mobile App,Entertainment
1391,83544,2025-07-04,Fee Debit,178.05,Mobile App,ATM Withdrawal
1392,34957,2024-09-06,Deposit,3564.72,POS,Dining
1393,40188,2021-11-21,Transfer Out,2990.72,POS,Fund Transfer
1394,58980,2024-08-30,Interest Credit,694.02,Branch,Education
1395,30639,2023-07-29,Interest Credit,1479.61,UPI,ATM Withdrawal
1396,72703,2024-11-13,Fee Debit,1676.73,ATM,Fuel
1397,79668,2020-12-13,Transfer In,5272.91,ATM,ATM Withdrawal
1398,14249,2023-05-25,Transfer Out,10848.84,ATM,Insurance
1399,54595,2026-01-26,Transfer In,2321.67,UPI,Travel
1400,17144,2019-04-03,Deposit,14141.96,Mobile App,Shopping
1401,27679,2025-01-12,Transfer Out,5692.03,Branch,Entertainment
1402,19569,2019-10-12,Transfer Out,10255.86,UPI,Salary Credit
1403,54223,2022-09-10,Transfer In,2743.29,Online Banking,Entertainment
1404,37794,2018-03-12,Transfer Out,5499.69,POS,Shopping
1405,94574,2021-08-10,Deposit,2168.57,Branch,Education
1406,61560,2024-05-05,Withdrawal,673.78,ATM,Utilities
1407,654,2023-12-06,Withdrawal,1577.12,Online Banking,Fund Transfer
1408,3849,2018-11-25,Deposit,11999.24,Online Banking,Groceries
1409,69786,2024-04-05,Deposit,6410.82,UPI,Healthcare
1410,38957,2023-06-29,Transfer Out,10525.81,ATM,Dining
1411,3590,2024-12-17,Transfer In,7229.12,Mobile App,Fund Transfer
1412,47026,2021-09-07,Deposit,164.98,Branch,Healthcare
1413,35628,2019-02-12,Fee Debit,7245.85,Mobile App,Fuel
1414,56999,2018-10-28,Fee Debit,5927.89,Mobile App,Dining
1415,75890,2025-12-14,Interest Credit,16267.5,Branch,Fund Transfer
1416,14128,2025-04-07,Withdrawal,3166.1,Mobile App,Dining
1417,51639,2026-03-15,Transfer In,11118.6,ATM,Shopping
1418,51375,2023-02-07,Transfer Out,7538.58,POS,Rent
1419,82175,2021-01-09,Withdrawal,740.34,ATM,Fund Transfer
1420,11378,2018-10-26,Deposit,198.01,Mobile App,Groceries
1421,73434,2021-12-23,Withdrawal,7481.82,Mobile App,Utilities
1422,59935,2023-09-11,Transfer In,103.64,Mobile App,Insurance
1423,92732,2024-08-20,Interest Credit,6860.1,POS,Shopping
1424,45829,2024-09-28,Deposit,3957.33,ATM,Insurance
1425,60223,2018-10-30,Deposit,6250.87,ATM,Dining
1426,47826,2022-04-27,Fee Debit,6252.83,POS,Entertainment
1427,61626,2020-06-19,Deposit,5415.55,Branch,Rent
1428,19869,2025-02-20,Interest Credit,7940.82,UPI,Groceries
1429,69122,2021-02-13,Deposit,2982.81,POS,Education
1430,9886,2020-11-07,Deposit,7753.66,Online Banking,Dining
1431,72082,2025-01-21,Deposit,1472.37,POS,Dining
1432,50774,2020-01-31,Withdrawal,1985.5,POS,Fund Transfer
1433,59754,2020-04-23,Fee Debit,4264.03,Branch,Fund Transfer
1434,85697,2019-03-16,Deposit,711.27,ATM,Salary Credit
1435,10414,2025-11-08,Deposit,8363.75,ATM,Travel
1436,78249,2019-05-03,Transfer Out,12589.73,Online Banking,Salary Credit
1437,64188,2020-08-25,Withdrawal,392.11,Online Banking,Fuel
1438,62884,2025-03-08,Transfer Out,843.19,POS,Salary Credit
1439,61926,2022-02-20,Transfer Out,7334.73,Mobile App,ATM Withdrawal
1440,90172,2025-08-07,Deposit,10692.61,Branch,Travel
1441,70347,2020-03-17,Withdrawal,698.99,Mobile App,Groceries
1442,88175,2018-03-22,Transfer Out,2117.89,Mobile App,Travel
1443,23153,2023-01-08,Interest Credit,8364.94,Branch,Salary Credit
1444,63436,2019-12-20,Fee Debit,2415.63,Online Banking,Healthcare
1445,54776,2023-07-27,Transfer In,1482.66,Online Banking,Fuel
1446,61278,2020-02-03,Transfer In,4811.48,ATM,Insurance
1447,90323,2020-07-29,Transfer In,3254.21,POS,ATM Withdrawal
1448,67592,2021-02-09,Withdrawal,2724.54,ATM,Fuel
1449,62443,2021-03-13,Withdrawal,30184.16,POS,Utilities
1450,86090,2021-03-21,Withdrawal,8600.31,POS,Fuel
1451,12581,2019-09-26,Deposit,11987.66,POS,Shopping
1452,74735,2022-01-11,Interest Credit,756.86,ATM,Dining
1453,74005,2020-05-16,Withdrawal,1197.12,POS,Fund Transfer
1454,89758,2019-01-17,Deposit,10030.34,Branch,Healthcare
1455,53641,2018-03-17,Deposit,7061.26,Mobile App,Travel
1456,93038,2021-06-17,Deposit,5593.02,Mobile App,Shopping
1457,52697,2022-08-28,Transfer In,1186.68,Branch,Groceries
1458,35594,2024-12-24,Interest Credit,3958.52,UPI,Utilities
1459,5918,2020-03-25,Withdrawal,776.98,Branch,Utilities
1460,18359,2018-04-28,Fee Debit,1399.11,Mobile App,Education
1461,7838,2025-07-14,Transfer Out,2605.63,ATM,Salary Credit
1462,4045,2020-02-18,Withdrawal,2038.93,Branch,Travel
1463,20052,2018-04-15,Deposit,1044.36,Online Banking,Fund Transfer
1464,38701,2022-10-09,Transfer Out,7204.63,Mobile App,Rent
1465,79020,2026-03-23,Withdrawal,3900.42,POS,Rent
1466,11590,2019-05-20,Deposit,3718.04,Online Banking,Travel
1467,52704,2023-06-27,Transfer In,15006.85,ATM,Utilities
1468,9360,2023-06-10,Withdrawal,2355.51,ATM,Fuel
1469,4515,2022-04-13,Deposit,495.47,UPI,Education
1470,63966,2023-12-21,Fee Debit,1880.14,UPI,Healthcare
1471,84365,2022-09-23,Transfer Out,2307.17,POS,Education
1472,56009,2025-03-01,Fee Debit,16929.46,ATM,Education
1473,28529,2022-07-23,Transfer In,2713.82,ATM,Rent
1474,9744,2023-01-19,Fee Debit,2407.1,Branch,Dining
1475,94084,2018-09-11,Fee Debit,836.97,UPI,Entertainment
1476,93006,2020-11-13,Withdrawal,31022.95,Mobile App,ATM Withdrawal
1477,31963,2026-04-22,Transfer In,3353.17,ATM,Salary Credit
1478,40823,2019-01-07,Deposit,4696.96,Online Banking,Rent
1479,68494,2025-03-24,Transfer In,1192.95,POS,ATM Withdrawal
1480,60274,2023-06-15,Transfer In,912.94,POS,ATM Withdrawal
1481,35391,2019-08-20,Transfer Out,7009.65,ATM,Shopping
1482,32785,2020-04-23,Withdrawal,1239.92,Online Banking,Insurance
1483,34496,2024-01-26,Withdrawal,2850.45,UPI,Groceries
1484,3732,2019-05-08,Transfer In,4969.99,ATM,Shopping
1485,5277,2021-01-06,Withdrawal,2199.43,UPI,Travel
1486,57710,2024-04-26,Withdrawal,2549.73,UPI,ATM Withdrawal
1487,88029,2019-07-24,Withdrawal,3786.15,UPI,Fund Transfer
1488,11781,2023-08-04,Fee Debit,10373.14,Mobile App,Education
1489,1243,2018-05-03,Transfer In,2862.75,Branch,Healthcare
1490,23814,2025-01-06,Transfer Out,5838.26,Mobile App,Shopping
1491,33466,2022-09-29,Withdrawal,12510.2,Mobile App,Fund Transfer
1492,90840,2021-09-03,Transfer Out,927.86,Mobile App,Education
1493,75977,2023-04-22,Fee Debit,7606.4,Mobile App,Entertainment
1494,89224,2019-05-18,Withdrawal,5128.58,Mobile App,Insurance
1495,16775,2023-10-04,Transfer In,3137.0,Branch,Entertainment
1496,82340,2020-01-23,Deposit,63.39,ATM,Shopping
1497,93550,2021-05-22,Fee Debit,4698.57,Online Banking,ATM Withdrawal
1498,34823,2019-11-27,Transfer In,8981.03,POS,Salary Credit
1499,45964,2022-08-31,Transfer Out,819.87,Branch,Travel
1500,28837,2025-03-09,Withdrawal,709.27,ATM,Insurance
1501,39655,2023-10-10,Transfer In,7173.04,Branch,ATM Withdrawal
1502,13392,2023-10-28,Deposit,5309.73,POS,Fund Transfer
1503,43497,2024-05-18,Deposit,1424.66,POS,Entertainment
1504,82561,2018-08-19,Deposit,1954.48,Mobile App,Entertainment
1505,91779,2019-08-22,Deposit,1012.55,Branch,Travel
1506,33330,2026-04-04,Withdrawal,1962.98,Online Banking,Healthcare
1507,35016,2018-06-11,Transfer In,3433.83,Mobile App,Shopping
1508,12497,2018-12-02,Deposit,10778.74,Mobile App,Utilities
1509,84935,2022-06-20,Deposit,8238.97,Branch,Education
1510,61118,2023-11-12,Interest Credit,15057.51,POS,Entertainment
1511,88896,2024-02-10,Transfer In,4921.75,UPI,Fund Transfer
1512,71228,2023-09-07,Deposit,11671.5,UPI,Entertainment
1513,46273,2021-02-06,Transfer Out,4860.56,Mobile App,Shopping
1514,51286,2024-04-12,Transfer In,15233.48,POS,Healthcare
1515,32197,2022-10-18,Deposit,5631.77,Mobile App,Healthcare
1516,46993,2018-09-11,Transfer In,3197.95,UPI,Healthcare
1517,89378,2024-02-10,Transfer In,12320.6,Online Banking,Fuel
1518,61025,2019-10-07,Transfer In,349.84,Online Banking,Entertainment
1519,73250,2021-10-25,Withdrawal,3809.29,POS,Fuel
1520,66378,2021-02-20,Deposit,3500.2,Online Banking,Rent
1521,33772,2024-05-03,Deposit,81.17,Online Banking,Insurance
1522,89411,2026-03-21,Deposit,5973.88,Mobile App,Travel
1523,29822,2021-09-14,Withdrawal,6848.41,ATM,Dining
1524,9480,2025-12-29,Withdrawal,2751.4,ATM,Insurance
1525,94372,2026-04-17,Transfer In,2432.14,ATM,Fund Transfer
1526,25202,2019-08-19,Transfer In,75.34,POS,Healthcare
1527,73781,2022-11-17,Fee Debit,3001.97,Mobile App,Rent
1528,92226,2018-11-06,Transfer Out,830.19,POS,Groceries
1529,53042,2018-10-27,Withdrawal,2099.11,POS,Education
1530,67943,2019-01-22,Transfer Out,7986.46,POS,Dining
1531,28069,2023-09-05,Deposit,4702.19,POS,Fuel
1532,27383,2023-07-11,Fee Debit,4615.42,Online Banking,Education
1533,59045,2020-07-22,Interest Credit,8390.81,Branch,Groceries
1534,7071,2022-07-28,Fee Debit,3062.94,UPI,Healthcare
1535,32317,2021-04-03,Transfer In,5648.34,ATM,Insurance
1536,62302,2024-02-03,Deposit,8620.72,ATM,Rent
1537,37744,2021-09-03,Transfer Out,462.2,Online Banking,Insurance
1538,74787,2025-11-21,Deposit,5302.08,Mobile App,Groceries
1539,87191,2022-08-31,Fee Debit,7432.45,ATM,Education
1540,28054,2024-08-21,Transfer Out,11631.44,UPI,Shopping
1541,2908,2023-12-14,Fee Debit,3130.15,ATM,Salary Credit
1542,63143,2025-03-06,Transfer In,647.69,ATM,Insurance
1543,69852,2026-04-10,Transfer Out,7914.39,Mobile App,Fund Transfer
1544,84279,2019-11-27,Transfer In,18720.11,UPI,Healthcare
1545,70155,2022-08-10,Interest Credit,1449.14,UPI,Travel
1546,38603,2018-10-24,Withdrawal,1396.02,UPI,Fuel
1547,82692,2025-06-03,Transfer Out,10064.47,POS,Insurance
1548,35962,2018-04-20,Interest Credit,3196.94,Branch,Utilities
1549,18546,2020-09-28,Deposit,9234.53,POS,Groceries
1550,73967,2025-01-06,Transfer In,13019.35,Branch,Dining
1551,43939,2023-12-31,Interest Credit,6283.08,UPI,Fund Transfer
1552,45384,2019-02-24,Withdrawal,50.27,ATM,Fuel
1553,93464,2021-09-25,Withdrawal,6327.5,UPI,Dining
1554,65106,2024-06-21,Interest Credit,5510.95,UPI,Shopping
1555,28202,2021-05-01,Transfer In,6314.81,Mobile App,Travel
1556,71570,2021-04-30,Transfer In,7399.7,POS,Insurance
1557,11244,2019-02-17,Transfer Out,12264.97,Mobile App,Travel
1558,40750,2019-04-21,Withdrawal,6367.21,POS,Entertainment
1559,50071,2018-07-13,Deposit,2022.57,POS,Entertainment
1560,43576,2020-10-05,Transfer Out,5373.93,Mobile App,Travel
1561,67848,2024-09-29,Deposit,7990.22,Online Banking,Travel
1562,92913,2022-03-22,Deposit,862.81,Branch,Fuel
1563,45165,2026-05-17,Withdrawal,6931.32,ATM,Fund Transfer
1564,83463,2025-12-13,Interest Credit,2131.43,ATM,Insurance
1565,82342,2026-01-17,Deposit,450.7,POS,Dining
1566,92803,2023-03-06,Interest Credit,4861.69,Mobile App,Entertainment
1567,33096,2018-11-09,Withdrawal,3675.91,Online Banking,Utilities
1568,61910,2022-04-20,Transfer In,9657.23,Online Banking,Insurance
1569,10078,2024-04-26,Interest Credit,1880.1,POS,Fund Transfer
1570,90402,2019-08-21,Withdrawal,3525.03,Branch,Groceries
1571,22336,2021-12-07,Transfer Out,3909.1,POS,Salary Credit
1572,18172,2022-02-12,Transfer Out,12299.47,Online Banking,Education
1573,41500,2026-06-21,Withdrawal,229.25,UPI,Entertainment
1574,26094,2024-05-02,Withdrawal,1790.07,Online Banking,Entertainment
1575,63945,2020-06-28,Transfer Out,2705.41,Online Banking,Insurance
1576,60208,2018-04-15,Transfer Out,811.07,POS,Salary Credit
1577,10727,2025-02-19,Deposit,9641.87,Online Banking,Shopping
1578,23362,2019-03-10,Transfer In,2877.97,Branch,Fund Transfer
1579,70205,2024-05-02,Fee Debit,947.25,POS,Education
1580,6884,2026-06-19,Transfer Out,1218.63,ATM,Rent
1581,1520,2021-11-12,Interest Credit,24519.31,Branch,Fund Transfer
1582,57733,2021-10-04,Deposit,2685.27,POS,Entertainment
1583,19877,2019-10-03,Transfer Out,4867.71,Branch,Entertainment
1584,62456,2020-04-06,Withdrawal,561.02,POS,ATM Withdrawal
1585,47281,2020-06-16,Deposit,15681.6,Branch,Shopping
1586,65516,2023-01-10,Deposit,4657.7,UPI,Fuel
1587,38577,2024-05-26,Withdrawal,9610.86,Mobile App,Dining
1588,64671,2018-10-11,Deposit,1726.76,Online Banking,Fuel
1589,93056,2018-06-03,Fee Debit,40436.45,UPI,Salary Credit
1590,53553,2018-10-09,Transfer Out,5564.89,UPI,Insurance
1591,36629,2020-02-18,Transfer In,14337.16,Mobile App,Healthcare
1592,39884,2020-04-29,Transfer Out,18820.6,Mobile App,Travel
1593,55813,2024-09-04,Withdrawal,2868.16,UPI,Healthcare
1594,94492,2020-09-08,Deposit,6826.9,Branch,Healthcare
1595,25544,2020-11-03,Fee Debit,1781.54,POS,ATM Withdrawal
1596,76887,2025-05-08,Withdrawal,2624.57,Online Banking,Dining
1597,74536,2018-01-12,Deposit,2984.71,Online Banking,ATM Withdrawal
1598,67362,2024-12-14,Withdrawal,1340.93,POS,ATM Withdrawal
1599,56737,2024-01-15,Transfer Out,3725.47,POS,Rent
1600,68820,2021-04-10,Withdrawal,2222.12,UPI,Entertainment
1601,37555,2022-07-23,Withdrawal,459.13,UPI,Rent
1602,81466,2018-04-11,Withdrawal,705.0,Mobile App,Fuel
1603,94500,2020-03-06,Deposit,5131.02,POS,Shopping
1604,94635,2026-02-16,Withdrawal,3890.84,Online Banking,Education
1605,89852,2020-12-23,Withdrawal,4163.16,Online Banking,Dining
1606,72562,2022-12-11,Withdrawal,4554.98,Branch,Education
1607,11162,2022-06-17,Deposit,3410.29,POS,Healthcare
1608,39356,2025-10-06,Deposit,933.89,POS,ATM Withdrawal
1609,72316,2018-08-17,Withdrawal,6338.41,ATM,Travel
1610,72133,2020-07-04,Transfer In,12288.86,UPI,Dining
1611,57688,2023-10-01,Transfer In,7523.63,Online Banking,Utilities
1612,61521,2020-07-06,Fee Debit,1771.7,Online Banking,Entertainment
1613,59863,2021-03-11,Transfer Out,6181.1,Mobile App,Healthcare
1614,88883,2023-11-14,Transfer In,20218.8,Mobile App,Dining
1615,49621,2024-01-21,Deposit,3645.81,POS,Travel
1616,77339,2022-04-19,Transfer In,770.73,UPI,Insurance
1617,24388,2023-04-08,Deposit,3311.75,UPI,Utilities
1618,21605,2021-09-24,Deposit,1555.21,POS,Travel
1619,28867,2025-08-13,Withdrawal,17521.47,Online Banking,Shopping
1620,42788,2021-11-11,Deposit,1296.18,POS,Salary Credit
1621,36180,2019-05-01,Transfer Out,2912.72,Branch,Travel
1622,73076,2024-08-03,Deposit,8095.35,Online Banking,Shopping
1623,36564,2024-03-29,Deposit,2764.78,Branch,Rent
1624,20356,2024-09-14,Withdrawal,7364.36,Branch,Utilities
1625,29842,2023-04-05,Deposit,2881.56,Online Banking,ATM Withdrawal
1626,67241,2020-04-18,Withdrawal,1228.54,Branch,Education
1627,42164,2023-04-17,Interest Credit,3870.83,Mobile App,Salary Credit
1628,79895,2022-04-18,Fee Debit,2773.52,Online Banking,Fund Transfer
1629,13538,2022-11-22,Withdrawal,1181.48,UPI,Rent
1630,36683,2018-04-08,Fee Debit,1087.04,UPI,Dining
1631,12526,2021-01-16,Deposit,5706.06,Online Banking,Utilities
1632,39503,2023-05-18,Withdrawal,2703.51,ATM,Entertainment
1633,22987,2024-03-15,Transfer In,253.18,Mobile App,Shopping
1634,38499,2018-06-05,Deposit,17790.65,Branch,Groceries
1635,24707,2025-11-03,Fee Debit,2678.19,Mobile App,Fuel
1636,12508,2023-12-28,Withdrawal,6407.04,Online Banking,Education
1637,55180,2021-11-08,Transfer In,5409.11,Online Banking,Utilities
1638,83079,2022-01-28,Transfer Out,2539.53,Mobile App,Healthcare
1639,82423,2020-02-28,Withdrawal,1541.7,UPI,Rent
1640,69124,2024-05-28,Interest Credit,2338.5,Branch,Shopping
1641,15958,2024-03-15,Fee Debit,2699.55,Mobile App,Insurance
1642,84553,2018-10-12,Transfer In,15662.34,ATM,Healthcare
1643,31816,2018-02-24,Fee Debit,3554.71,POS,Fund Transfer
1644,28252,2020-10-27,Withdrawal,17837.89,POS,Rent
1645,39965,2024-04-12,Transfer Out,943.28,Mobile App,Dining
1646,15855,2022-05-28,Deposit,109.99,POS,Entertainment
1647,42252,2025-01-06,Transfer In,10298.3,UPI,Healthcare
1648,45603,2020-11-26,Withdrawal,5415.49,Mobile App,Entertainment
1649,30320,2025-01-11,Deposit,9601.61,Branch,ATM Withdrawal
1650,18262,2020-03-11,Transfer Out,4447.31,UPI,Entertainment
1651,40731,2021-01-14,Transfer In,698.0,ATM,Rent
1652,61298,2021-12-06,Fee Debit,12809.98,Mobile App,Dining
1653,52200,2025-03-27,Transfer Out,10377.68,Online Banking,Fuel
1654,27971,2025-07-05,Withdrawal,147.89,Branch,Rent
1655,16844,2023-11-08,Transfer Out,277.73,Online Banking,Healthcare
1656,32465,2024-01-08,Deposit,3692.94,Branch,Entertainment
1657,66070,2018-04-18,Deposit,4167.71,ATM,Shopping
1658,86278,2021-10-13,Withdrawal,9215.58,POS,Entertainment
1659,10604,2021-05-07,Fee Debit,494.61,Branch,Insurance
1660,6506,2024-10-28,Deposit,2235.49,Branch,Education
1661,22433,2024-12-02,Transfer Out,2384.11,POS,Utilities
1662,77157,2022-01-22,Interest Credit,10407.18,Mobile App,Fuel
1663,86482,2018-03-03,Transfer In,2454.77,ATM,Travel
1664,92084,2025-09-29,Fee Debit,9198.93,UPI,Dining
1665,7178,2022-01-09,Fee Debit,57.23,Branch,Fund Transfer
1666,51495,2020-10-01,Transfer In,3054.42,Online Banking,Shopping
1667,13396,2024-05-15,Deposit,4320.0,Branch,Rent
1668,49536,2020-07-12,Transfer Out,2709.96,ATM,Salary Credit
1669,11307,2025-04-02,Fee Debit,611.25,Mobile App,Salary Credit
1670,37872,2025-10-05,Deposit,26145.27,ATM,Rent
1671,17331,2024-09-02,Deposit,1037.74,UPI,Travel
1672,58041,2022-09-20,Interest Credit,73.93,UPI,Insurance
1673,70334,2023-09-16,Deposit,18373.46,Branch,Salary Credit
1674,28126,2019-02-24,Deposit,8286.22,POS,Salary Credit
1675,46411,2018-07-04,Deposit,25866.84,Branch,Salary Credit
1676,10345,2024-03-19,Withdrawal,18628.36,Online Banking,Travel
1677,91175,2018-09-20,Transfer Out,2249.18,Branch,Groceries
1678,71294,2020-01-27,Transfer In,2465.64,UPI,Travel
1679,72819,2018-10-31,Transfer In,288.21,Online Banking,ATM Withdrawal
1680,69637,2026-05-07,Withdrawal,3074.54,POS,Travel
1681,51945,2025-12-13,Transfer Out,8225.18,ATM,Entertainment
1682,5341,2018-09-14,Transfer Out,2509.67,Branch,ATM Withdrawal
1683,3187,2022-11-25,Deposit,667.34,UPI,ATM Withdrawal
1684,33157,2021-08-21,Fee Debit,3048.33,ATM,Fuel
1685,79910,2025-09-04,Deposit,866.41,POS,Travel
1686,27376,2022-10-02,Fee Debit,15395.78,Mobile App,Dining
1687,62751,2024-03-22,Deposit,6532.67,UPI,Salary Credit
1688,45990,2019-06-08,Deposit,543.42,Online Banking,Rent
1689,77652,2018-11-15,Transfer In,8325.5,POS,Dining
1690,60565,2021-11-19,Interest Credit,3075.22,Online Banking,Insurance
1691,77421,2025-02-09,Transfer In,1463.15,UPI,Dining
1692,6271,2024-09-25,Transfer In,775.51,Mobile App,ATM Withdrawal
1693,88350,2023-05-25,Interest Credit,300.87,ATM,Healthcare
1694,17732,2022-06-24,Transfer In,10913.07,Online Banking,Fund Transfer
1695,4663,2018-12-24,Deposit,1146.16,Branch,Utilities
1696,61566,2025-01-31,Transfer In,5901.31,ATM,Education
1697,19675,2022-10-06,Transfer In,13710.95,Branch,Rent
1698,77420,2024-02-01,Deposit,6294.2,POS,Entertainment
1699,33141,2020-04-17,Deposit,5168.18,ATM,ATM Withdrawal
1700,31150,2023-01-22,Interest Credit,31372.3,POS,Fund Transfer
1701,67466,2021-09-13,Withdrawal,2421.48,Branch,Groceries
1702,29863,2020-11-13,Fee Debit,2350.86,UPI,Dining
1703,8692,2022-07-29,Deposit,31325.86,Mobile App,Fuel
1704,18655,2024-03-01,Transfer In,7215.01,Online Banking,Education
1705,25276,2021-09-20,Deposit,432.39,POS,Shopping
1706,46885,2018-03-29,Fee Debit,3964.4,Mobile App,Fuel
1707,29369,2018-11-13,Withdrawal,1076.2,POS,Insurance
1708,21978,2024-05-18,Transfer In,2496.94,UPI,Entertainment
1709,20574,2020-12-12,Interest Credit,426.96,UPI,Education
1710,13390,2021-01-14,Fee Debit,3340.02,Branch,Education
1711,46545,2025-11-28,Deposit,1134.88,UPI,Entertainment
1712,21650,2021-03-06,Deposit,719.37,Mobile App,Utilities
1713,25487,2023-10-21,Transfer Out,1053.55,Online Banking,Groceries
1714,69593,2018-07-27,Interest Credit,4311.54,Mobile App,ATM Withdrawal
1715,26314,2019-07-21,Interest Credit,1767.18,UPI,Groceries
1716,50167,2026-06-19,Deposit,2021.82,Online Banking,Salary Credit
1717,33945,2022-06-22,Deposit,858.93,UPI,Fund Transfer
1718,16331,2024-01-20,Withdrawal,4236.95,POS,Groceries
1719,47866,2019-05-11,Transfer In,8076.5,Mobile App,Utilities
1720,34319,2023-02-02,Withdrawal,2308.26,POS,Fuel
1721,71456,2020-06-19,Withdrawal,12359.26,POS,Rent
1722,90411,2022-09-10,Transfer In,960.12,Branch,Dining
1723,18541,2019-12-16,Transfer Out,361.62,ATM,Insurance
1724,49528,2022-08-12,Fee Debit,6214.56,Online Banking,Shopping
1725,60626,2019-12-27,Deposit,9502.41,Mobile App,Dining
1726,44904,2022-09-25,Withdrawal,5314.01,Online Banking,Insurance
1727,13697,2020-12-22,Withdrawal,2796.05,Branch,Utilities
1728,35666,2025-07-12,Withdrawal,693.14,Online Banking,Travel
1729,23656,2021-05-16,Transfer Out,1939.96,Branch,Education
1730,27745,2025-06-29,Transfer Out,1996.65,POS,Dining
1731,31691,2024-08-04,Withdrawal,2621.87,UPI,Groceries
1732,62528,2024-12-03,Deposit,13373.17,Branch,Healthcare
1733,15831,2020-05-23,Transfer In,7535.61,Online Banking,Entertainment
1734,61422,2018-05-11,Deposit,3452.34,UPI,Utilities
1735,59002,2019-10-21,Transfer Out,4545.56,Mobile App,Salary Credit
1736,36493,2024-04-17,Deposit,1481.69,ATM,Entertainment
1737,94024,2025-09-13,Interest Credit,10393.52,Online Banking,Dining
1738,34034,2024-03-13,Deposit,1853.52,UPI,Fuel
1739,79989,2025-02-20,Fee Debit,4421.28,Branch,ATM Withdrawal
1740,38440,2020-09-10,Deposit,5711.15,Branch,Salary Credit
1741,85517,2024-02-27,Fee Debit,4900.24,ATM,Entertainment
1742,71807,2025-05-10,Withdrawal,3338.67,Online Banking,Shopping
1743,71920,2019-01-15,Interest Credit,25514.78,Branch,Dining
1744,67914,2025-04-05,Withdrawal,2200.19,Mobile App,Travel
1745,69387,2021-03-02,Withdrawal,942.53,UPI,Insurance
1746,46950,2023-03-13,Withdrawal,1264.58,POS,Fund Transfer
1747,16995,2024-08-25,Withdrawal,4791.04,Mobile App,Dining
1748,75045,2019-01-04,Withdrawal,338.48,UPI,Salary Credit
1749,52986,2024-06-16,Interest Credit,3085.66,Online Banking,Entertainment
1750,16198,2024-10-02,Transfer In,28620.95,Branch,Salary Credit
1751,70449,2024-08-03,Deposit,343.57,ATM,Travel
1752,1622,2024-03-27,Transfer In,3517.32,UPI,Groceries
1753,35346,2021-07-16,Deposit,9030.44,Branch,Education
1754,78100,2024-10-25,Withdrawal,1633.94,POS,Fuel
1755,41983,2018-09-25,Transfer Out,1480.64,Branch,Shopping
1756,73337,2023-09-16,Withdrawal,1937.07,Mobile App,Dining
1757,92663,2020-09-17,Interest Credit,9312.32,Online Banking,Fuel
1758,84197,2024-07-28,Withdrawal,10966.67,UPI,Groceries
1759,54783,2020-01-17,Interest Credit,6309.88,UPI,Utilities
1760,36197,2024-10-29,Withdrawal,2674.92,UPI,Travel
1761,91179,2026-03-01,Withdrawal,4710.98,POS,Utilities
1762,88320,2023-05-02,Deposit,6565.96,ATM,Utilities
1763,61297,2026-03-31,Transfer Out,4533.49,Mobile App,Shopping
1764,92408,2021-03-01,Deposit,10451.27,ATM,Entertainment
1765,4747,2026-04-10,Transfer In,606.34,POS,Dining
1766,24279,2018-11-10,Transfer In,7303.69,Mobile App,Shopping
1767,28186,2024-10-08,Transfer Out,4028.26,Mobile App,Rent
1768,92309,2022-12-25,Deposit,2605.0,POS,Fund Transfer
1769,4726,2023-09-15,Fee Debit,750.47,POS,Fund Transfer
1770,29643,2022-06-18,Interest Credit,2636.28,Mobile App,Rent
1771,43294,2021-03-16,Fee Debit,12612.21,Online Banking,Dining
1772,7083,2018-08-29,Transfer Out,5731.49,ATM,Utilities
1773,10463,2021-11-04,Withdrawal,747.89,Branch,Shopping
1774,61578,2018-12-08,Fee Debit,2403.3,ATM,Utilities
1775,3589,2023-07-03,Deposit,486.76,UPI,Education
1776,4775,2024-08-04,Withdrawal,7591.45,POS,ATM Withdrawal
1777,1860,2024-09-29,Deposit,827.71,Online Banking,Utilities
1778,41620,2023-08-15,Deposit,16365.72,Mobile App,Fund Transfer
1779,52077,2024-08-01,Transfer Out,1630.07,POS,Rent
1780,57944,2021-07-09,Withdrawal,1039.68,Branch,Education
1781,34268,2018-05-16,Withdrawal,3768.23,ATM,Dining
1782,47457,2025-02-24,Transfer Out,2211.37,ATM,Entertainment
1783,11244,2026-04-10,Deposit,12597.54,Online Banking,Entertainment
1784,58588,2022-09-09,Withdrawal,11402.41,ATM,Dining
1785,36749,2022-02-26,Deposit,5588.01,Mobile App,ATM Withdrawal
1786,58849,2022-11-28,Transfer In,1896.17,Mobile App,Healthcare
1787,85731,2022-03-15,Transfer Out,7571.31,UPI,Education
1788,2255,2022-05-03,Withdrawal,255.96,ATM,Salary Credit
1789,9513,2023-01-31,Deposit,765.73,Branch,Travel
1790,64206,2025-08-05,Transfer In,5345.39,ATM,Salary Credit
1791,89349,2023-09-04,Transfer In,1601.98,Online Banking,Insurance
1792,15902,2023-03-19,Deposit,13005.08,Online Banking,Entertainment
1793,66411,2021-10-17,Deposit,20756.88,Mobile App,Groceries
1794,90965,2019-04-16,Transfer Out,4178.28,Mobile App,Shopping
1795,51539,2020-04-14,Fee Debit,5977.8,UPI,Groceries
1796,94889,2024-01-05,Withdrawal,1499.78,Online Banking,Fund Transfer
1797,1596,2020-06-12,Withdrawal,1552.54,Mobile App,Utilities
1798,54805,2025-12-23,Deposit,6693.22,ATM,Travel
1799,75608,2026-03-09,Fee Debit,5558.35,Branch,Dining
1800,19010,2018-12-22,Fee Debit,2289.67,Mobile App,Fund Transfer
1801,50441,2019-05-12,Withdrawal,5364.1,ATM,Education
1802,77404,2020-01-06,Withdrawal,2759.08,UPI,Travel
1803,40984,2025-09-13,Fee Debit,4472.77,Online Banking,Rent
1804,49923,2021-12-09,Deposit,6357.14,Online Banking,Salary Credit
1805,86331,2018-09-12,Transfer In,1661.0,UPI,ATM Withdrawal
1806,39876,2021-04-05,Deposit,2196.79,ATM,Healthcare
1807,82594,2018-06-22,Transfer In,193.2,Branch,Groceries
1808,63293,2018-05-27,Deposit,10346.72,ATM,Groceries
1809,42235,2020-05-17,Withdrawal,322.53,POS,Utilities
1810,69796,2023-12-13,Deposit,15630.62,Branch,Fund Transfer
1811,37819,2019-11-04,Deposit,3624.26,Online Banking,Groceries
1812,87846,2023-03-27,Transfer Out,6948.58,ATM,Insurance
1813,46442,2025-08-27,Transfer In,839.66,Mobile App,Salary Credit
1814,1940,2022-06-29,Transfer Out,3774.39,Online Banking,Travel
1815,71406,2023-12-14,Transfer In,10541.63,UPI,Salary Credit
1816,31188,2019-01-19,Withdrawal,19590.53,Mobile App,Fuel
1817,78373,2021-01-09,Deposit,1065.37,POS,Education
1818,45797,2019-05-24,Transfer In,10709.14,Mobile App,Shopping
1819,80791,2021-12-23,Fee Debit,2910.6,POS,Entertainment
1820,86747,2020-11-30,Transfer In,1249.39,Online Banking,Entertainment
1821,33636,2023-08-07,Deposit,21530.82,ATM,Education
1822,73776,2025-08-29,Withdrawal,4376.15,Online Banking,Shopping
1823,44611,2022-12-21,Transfer Out,2162.53,UPI,Education
1824,89685,2021-08-24,Transfer Out,12489.25,ATM,Education
1825,33629,2020-07-24,Deposit,6396.65,POS,ATM Withdrawal
1826,79932,2021-02-16,Deposit,11835.11,UPI,Entertainment
1827,52882,2019-04-15,Deposit,20087.6,Branch,Entertainment
1828,75412,2023-09-19,Transfer In,8664.05,Mobile App,Shopping
1829,69859,2023-09-10,Deposit,3584.27,UPI,Education
1830,49247,2023-02-05,Transfer Out,19174.57,Online Banking,Salary Credit
1831,83929,2024-07-02,Deposit,10510.1,ATM,Fund Transfer
1832,2177,2022-06-12,Interest Credit,1097.12,Online Banking,Dining
1833,48208,2019-06-04,Deposit,6311.9,UPI,ATM Withdrawal
1834,13370,2020-11-22,Transfer Out,1709.46,POS,Groceries
1835,66446,2020-07-23,Fee Debit,695.34,POS,Fund Transfer
1836,36667,2024-01-22,Deposit,117.05,POS,Salary Credit
1837,31288,2025-05-31,Deposit,7857.8,POS,Education
1838,48772,2022-11-18,Deposit,3022.49,ATM,Shopping
1839,49599,2025-01-15,Fee Debit,1028.58,Mobile App,Healthcare
1840,40315,2022-12-11,Withdrawal,6690.57,Online Banking,Travel
1841,61816,2021-10-30,Withdrawal,1345.37,Mobile App,ATM Withdrawal
1842,20451,2022-11-29,Transfer In,2794.85,POS,Insurance
1843,86081,2021-07-08,Withdrawal,3507.66,Online Banking,Groceries
1844,37551,2022-12-28,Withdrawal,5889.63,Online Banking,Salary Credit
1845,56201,2026-06-04,Transfer Out,2960.3,POS,Entertainment
1846,82613,2021-09-24,Deposit,9648.92,Online Banking,Salary Credit
1847,74451,2023-11-26,Transfer In,2637.28,Online Banking,Dining
1848,37697,2022-01-05,Interest Credit,6661.46,ATM,Healthcare
1849,25489,2018-12-13,Transfer Out,1333.28,ATM,Fuel
1850,9047,2023-07-05,Transfer In,1047.63,Mobile App,Fund Transfer
1851,86383,2023-01-11,Transfer In,7268.05,Online Banking,Entertainment
1852,81766,2023-04-29,Transfer Out,725.14,Mobile App,Groceries
1853,20765,2023-03-18,Fee Debit,4323.85,Online Banking,Travel
1854,53242,2021-06-06,Withdrawal,23579.02,UPI,Salary Credit
1855,94013,2024-08-09,Withdrawal,2069.48,ATM,Utilities
1856,60584,2021-09-25,Transfer Out,5778.51,ATM,Entertainment
1857,57765,2019-09-28,Withdrawal,11396.99,UPI,Salary Credit
1858,60710,2018-04-08,Deposit,2475.28,Online Banking,Utilities
1859,2473,2025-06-08,Transfer In,143.84,Online Banking,Shopping
1860,91445,2025-11-12,Withdrawal,721.29,Branch,ATM Withdrawal
1861,86423,2024-05-10,Transfer In,1359.18,Mobile App,Entertainment
1862,86937,2022-10-17,Transfer In,4785.96,UPI,Dining
1863,44315,2025-12-30,Fee Debit,3240.98,Mobile App,Insurance
1864,41032,2018-11-06,Deposit,1164.1,Online Banking,Education
1865,26551,2025-02-15,Withdrawal,513.26,Online Banking,Education
1866,56553,2020-12-01,Interest Credit,15434.16,ATM,Utilities
1867,75180,2022-10-21,Withdrawal,5798.03,POS,Groceries
1868,26325,2018-05-21,Withdrawal,8015.63,Online Banking,Travel
1869,43934,2019-06-07,Deposit,1400.16,Online Banking,Travel
1870,9696,2019-01-27,Fee Debit,14291.48,Mobile App,Education
1871,63999,2018-02-06,Fee Debit,19509.32,POS,Fund Transfer
1872,79862,2022-04-06,Deposit,20368.14,ATM,Shopping
1873,37894,2024-03-26,Transfer In,33485.14,Branch,Fund Transfer
1874,82517,2019-11-26,Withdrawal,2522.02,UPI,Travel
1875,21853,2021-04-20,Transfer Out,1468.29,Mobile App,Healthcare
1876,36802,2021-11-25,Withdrawal,3114.97,Mobile App,Education
1877,30823,2020-12-27,Withdrawal,159.94,Mobile App,Shopping
1878,69125,2023-05-11,Transfer In,2292.52,ATM,Healthcare
1879,71603,2018-06-25,Withdrawal,8560.47,UPI,Entertainment
1880,20222,2021-11-03,Withdrawal,6703.43,Online Banking,Groceries
1881,36095,2022-11-10,Transfer Out,1050.41,Online Banking,Entertainment
1882,40953,2024-05-09,Withdrawal,2655.74,Online Banking,Dining
1883,36484,2020-03-26,Transfer Out,7014.95,UPI,Shopping
1884,51531,2021-07-11,Deposit,3229.5,POS,Utilities
1885,16646,2025-05-20,Transfer Out,9506.16,Online Banking,Insurance
1886,19210,2025-07-10,Fee Debit,3133.9,POS,Dining
1887,10657,2025-05-19,Transfer Out,5608.68,Mobile App,Rent
1888,90934,2025-10-20,Transfer In,20102.95,UPI,Travel
1889,33853,2018-02-27,Withdrawal,14157.86,UPI,Fuel
1890,6351,2022-03-27,Transfer In,12273.03,UPI,Entertainment
1891,41361,2019-06-19,Deposit,974.88,Mobile App,Dining
1892,82268,2018-04-17,Transfer In,15109.64,Mobile App,Education
1893,35802,2023-09-12,Withdrawal,334.68,Online Banking,Fund Transfer
1894,6249,2018-02-19,Interest Credit,8876.96,Mobile App,Education
1895,87021,2022-07-30,Withdrawal,11996.28,Branch,Education
1896,77788,2025-02-25,Fee Debit,8081.32,Mobile App,Fund Transfer
1897,60654,2020-07-24,Withdrawal,2861.89,POS,Dining
1898,92798,2021-10-09,Withdrawal,11240.02,Branch,Utilities
1899,25624,2019-12-15,Deposit,1903.06,UPI,Fuel
1900,63782,2020-04-01,Interest Credit,7721.87,Mobile App,Shopping
1901,76469,2019-06-22,Interest Credit,12141.6,ATM,Shopping
1902,3008,2020-01-18,Transfer In,10223.84,Mobile App,Utilities
1903,12595,2023-11-29,Withdrawal,931.94,Branch,Fuel
1904,39321,2022-03-04,Transfer In,3361.31,POS,Fund Transfer
1905,33860,2020-09-13,Withdrawal,8671.75,POS,Fuel
1906,46960,2023-11-01,Withdrawal,3336.5,POS,Travel
1907,45618,2019-05-17,Deposit,2218.19,ATM,Fuel
1908,35709,2021-04-19,Withdrawal,6765.13,UPI,Travel
1909,26324,2026-03-10,Withdrawal,2845.06,POS,Healthcare
1910,48660,2018-08-04,Deposit,2769.08,ATM,Dining
1911,45993,2018-12-21,Transfer In,8013.53,ATM,Entertainment
1912,77507,2024-01-09,Deposit,21602.21,ATM,Fuel
1913,29002,2024-12-03,Transfer Out,4581.17,Branch,Healthcare
1914,53069,2023-02-07,Withdrawal,542.52,ATM,Utilities
1915,69805,2025-06-14,Deposit,14065.72,POS,Fuel
1916,67465,2018-07-09,Deposit,3200.2,Mobile App,Shopping
1917,7483,2025-10-31,Transfer In,9824.63,POS,Fuel
1918,35777,2024-03-13,Withdrawal,1099.18,ATM,Fund Transfer
1919,43146,2025-06-09,Deposit,2103.21,Online Banking,Utilities
1920,12998,2025-05-04,Withdrawal,3422.84,Branch,Shopping
1921,70769,2021-04-29,Fee Debit,2247.34,Online Banking,Fuel
1922,28517,2020-09-11,Fee Debit,14380.91,UPI,Salary Credit
1923,91184,2023-07-12,Withdrawal,9873.34,UPI,Travel
1924,15550,2019-05-27,Transfer Out,1395.36,UPI,Entertainment
1925,19193,2021-01-31,Transfer In,11836.95,Branch,Fund Transfer
1926,59317,2024-01-17,Deposit,4092.48,ATM,Groceries
1927,59573,2020-10-03,Deposit,7102.23,Online Banking,Dining
1928,28714,2023-07-18,Fee Debit,1432.32,UPI,Healthcare
1929,58797,2020-04-09,Deposit,1761.63,Mobile App,Rent
1930,35252,2020-01-20,Transfer In,13204.32,POS,Rent
1931,38965,2019-10-18,Withdrawal,9154.92,Mobile App,Healthcare
1932,13704,2025-07-16,Fee Debit,2597.55,Online Banking,Shopping
1933,33981,2019-10-24,Transfer In,5912.27,Branch,Travel
1934,58372,2024-08-03,Transfer In,20143.72,ATM,Dining
1935,91549,2024-01-18,Withdrawal,22753.11,Online Banking,Rent
1936,80614,2024-02-03,Transfer Out,5260.68,Mobile App,Entertainment
1937,1502,2019-07-17,Transfer Out,4259.21,Online Banking,Fund Transfer
1938,54157,2023-07-12,Deposit,1525.72,UPI,Insurance
1939,23713,2025-05-07,Interest Credit,11349.88,ATM,Travel
1940,46104,2018-12-30,Fee Debit,8035.58,ATM,Utilities
1941,45866,2019-05-07,Deposit,4835.27,Mobile App,Education
1942,12084,2020-05-08,Transfer In,5984.03,ATM,Dining
1943,15519,2024-11-06,Withdrawal,5074.16,Online Banking,Healthcare
1944,43147,2023-06-21,Transfer Out,1552.39,ATM,Rent
1945,47456,2023-05-01,Transfer Out,4022.48,ATM,Travel
1946,37124,2024-01-03,Transfer In,10111.3,Mobile App,Insurance
1947,90189,2019-02-05,Deposit,7014.25,UPI,Education
1948,23771,2018-11-03,Withdrawal,1179.62,Mobile App,Groceries
1949,48196,2021-06-14,Withdrawal,14474.42,UPI,Utilities
1950,74346,2024-09-27,Interest Credit,1904.13,ATM,Groceries
1951,66409,2018-09-01,Interest Credit,7056.77,ATM,Fuel
1952,41161,2023-08-01,Transfer Out,7302.82,UPI,Education
1953,78733,2020-11-06,Transfer In,996.77,Branch,Fuel
1954,23371,2020-12-27,Withdrawal,5839.09,POS,Dining
1955,87357,2018-06-03,Withdrawal,2235.67,Online Banking,Entertainment
1956,4562,2022-10-17,Withdrawal,7458.08,Online Banking,Shopping
1957,33177,2021-11-06,Deposit,17725.06,POS,Insurance
1958,19228,2023-08-23,Transfer Out,845.94,Branch,Fuel
1959,8100,2021-06-29,Transfer Out,6892.75,UPI,Education
1960,57376,2024-04-21,Deposit,952.4,UPI,Rent
1961,720,2018-05-02,Withdrawal,2739.05,Mobile App,Fund Transfer
1962,22970,2023-12-07,Interest Credit,6326.21,Mobile App,Insurance
1963,44804,2019-07-15,Withdrawal,5817.09,ATM,Shopping
1964,84141,2019-02-06,Transfer Out,1098.1,ATM,Shopping
1965,19033,2021-01-01,Fee Debit,694.78,POS,Utilities
1966,57415,2019-05-12,Deposit,9930.84,ATM,Fuel
1967,6947,2023-08-23,Deposit,4516.68,ATM,Rent
1968,473,2024-04-26,Deposit,675.0,POS,Entertainment
1969,85544,2018-12-26,Deposit,3616.89,POS,Salary Credit
1970,73587,2024-03-13,Deposit,9116.94,POS,Salary Credit
1971,73828,2023-05-08,Withdrawal,8307.13,ATM,Travel
1972,18545,2019-09-26,Interest Credit,1629.71,Online Banking,Dining
1973,58332,2022-07-29,Withdrawal,2628.06,ATM,Shopping
1974,56375,2018-08-08,Withdrawal,858.26,Branch,Utilities
1975,78465,2022-01-31,Transfer In,655.28,Branch,Utilities
1976,42331,2025-10-26,Deposit,11335.7,Mobile App,Dining
1977,19182,2022-09-23,Interest Credit,3145.42,Branch,Healthcare
1978,62160,2022-05-11,Interest Credit,4229.92,Mobile App,Groceries
1979,78146,2025-04-13,Transfer In,545.44,Mobile App,Insurance
1980,52582,2021-12-30,Transfer Out,590.16,Branch,Groceries
1981,27354,2024-01-23,Withdrawal,442.52,Mobile App,Rent
1982,6408,2024-09-28,Deposit,13255.03,POS,ATM Withdrawal
1983,192,2019-10-15,Transfer Out,8600.06,Mobile App,Rent
1984,45247,2022-10-16,Deposit,6611.69,Online Banking,Salary Credit
1985,13593,2025-03-19,Fee Debit,1756.59,Mobile App,Shopping
1986,33039,2023-05-02,Deposit,5889.01,UPI,Rent
1987,49233,2019-12-19,Transfer In,7225.63,Branch,Entertainment
1988,82079,2018-02-16,Transfer Out,6682.51,Branch,Dining
1989,85526,2025-05-03,Interest Credit,12894.54,Online Banking,Rent
1990,49430,2023-11-01,Fee Debit,12812.57,UPI,Shopping
1991,81146,2018-05-30,Interest Credit,3539.62,Mobile App,Education
1992,29522,2021-03-28,Fee Debit,9464.12,Branch,Travel
1993,80621,2019-12-29,Withdrawal,7738.63,Mobile App,Shopping
1994,84391,2019-07-30,Withdrawal,973.33,UPI,Insurance
1995,27421,2021-07-12,Deposit,7838.46,ATM,Fund Transfer
1996,36499,2021-10-13,Transfer Out,1310.14,UPI,Salary Credit
1997,83849,2022-03-18,Deposit,18718.38,Branch,Utilities
1998,41392,2019-04-11,Interest Credit,13687.31,UPI,Fund Transfer
1999,54098,2025-02-13,Fee Debit,1484.32,ATM,Entertainment
2000,55045,2021-04-02,Withdrawal,1528.3,UPI,Rent
2001,36866,2018-04-30,Fee Debit,3546.21,Branch,Utilities
2002,48665,2020-01-11,Transfer In,3221.99,POS,Insurance
2003,38412,2021-04-13,Deposit,2239.77,POS,Rent
2004,62269,2019-08-09,Withdrawal,15551.48,Branch,Insurance
2005,79439,2020-02-10,Deposit,18052.92,UPI,Utilities
2006,87847,2021-10-27,Transfer Out,7473.21,Online Banking,Education
2007,70397,2023-05-08,Fee Debit,4472.3,Mobile App,Fund Transfer
2008,22401,2024-10-04,Interest Credit,1938.28,Mobile App,Groceries
2009,71564,2019-08-24,Deposit,1312.7,ATM,Utilities
2010,79194,2018-05-05,Transfer In,13593.67,Online Banking,Fund Transfer
2011,31620,2020-05-01,Deposit,9400.65,POS,ATM Withdrawal
2012,76316,2023-08-11,Transfer In,859.49,Branch,Shopping
2013,58286,2019-08-21,Deposit,6790.15,Branch,Entertainment
2014,29153,2020-05-23,Transfer In,4665.66,UPI,Salary Credit
2015,66777,2021-07-16,Withdrawal,2498.01,Online Banking,Fund Transfer
2016,64511,2025-03-24,Withdrawal,510.76,Mobile App,Rent
2017,46165,2025-12-28,Deposit,5436.83,POS,Utilities
2018,29202,2022-04-05,Transfer Out,3214.84,Online Banking,Fuel
2019,3534,2022-12-15,Fee Debit,13457.02,Mobile App,Utilities
2020,19957,2026-02-15,Withdrawal,2811.77,Online Banking,Salary Credit
2021,13,2022-05-11,Interest Credit,23968.01,POS,Education
2022,70286,2023-07-25,Transfer Out,7309.94,Mobile App,Education
2023,15659,2018-11-24,Deposit,251.85,Online Banking,Groceries
2024,64941,2024-06-01,Deposit,2246.38,Branch,Fuel
2025,12408,2021-11-26,Transfer In,4469.84,Online Banking,Salary Credit
2026,82142,2019-02-18,Withdrawal,10634.69,ATM,Groceries
2027,19278,2023-02-05,Fee Debit,211.26,ATM,Dining
2028,29082,2024-02-25,Withdrawal,1936.47,Branch,Education
2029,87257,2024-08-28,Interest Credit,2176.14,Branch,Entertainment
2030,18129,2023-08-22,Transfer In,774.92,Branch,Healthcare
2031,70785,2019-11-04,Fee Debit,174.99,Mobile App,Shopping
2032,26406,2018-11-02,Deposit,577.17,POS,Groceries
2033,58416,2025-12-10,Transfer In,10958.3,ATM,Healthcare
2034,28310,2022-07-09,Transfer In,1338.56,Branch,Groceries
2035,70155,2026-03-17,Fee Debit,9908.6,Mobile App,Fund Transfer
2036,35777,2018-12-21,Deposit,824.05,ATM,Rent
2037,65108,2022-09-25,Transfer In,16305.87,Mobile App,Fuel
2038,74470,2025-12-11,Deposit,143.56,Online Banking,Entertainment
2039,88961,2021-11-12,Deposit,2865.35,ATM,Salary Credit
2040,2685,2019-04-14,Transfer In,806.84,Branch,ATM Withdrawal
2041,13343,2019-03-13,Transfer Out,1646.15,Online Banking,Insurance
2042,53506,2019-07-07,Transfer Out,6114.54,UPI,Dining
2043,8689,2018-10-29,Deposit,746.41,Mobile App,Fund Transfer
2044,59510,2024-11-03,Withdrawal,3195.39,POS,Fuel
2045,50140,2018-03-06,Transfer Out,247.47,Mobile App,Travel
2046,85092,2021-04-29,Withdrawal,3622.76,Branch,Fuel
2047,62180,2025-01-09,Deposit,16738.16,POS,Education
2048,19213,2024-03-06,Deposit,8987.9,UPI,Salary Credit
2049,55539,2020-04-12,Interest Credit,1415.37,Mobile App,Dining
2050,18759,2018-09-28,Transfer In,2592.84,Mobile App,Healthcare
2051,27105,2023-02-17,Interest Credit,786.82,ATM,Dining
2052,74,2025-05-31,Deposit,4318.48,ATM,Salary Credit
2053,22603,2026-03-10,Withdrawal,6088.88,Branch,Dining
2054,84826,2025-03-18,Fee Debit,7800.9,Online Banking,Groceries
2055,24522,2019-05-21,Withdrawal,1413.98,POS,Insurance
2056,11934,2018-09-11,Transfer In,1727.37,Mobile App,Healthcare
2057,23971,2021-05-15,Transfer Out,1107.55,ATM,Travel
2058,16360,2023-07-28,Interest Credit,2658.63,ATM,Insurance
2059,79526,2021-07-17,Deposit,4022.77,Online Banking,Fund Transfer
2060,66526,2019-11-19,Fee Debit,2989.45,Mobile App,Dining
2061,47016,2019-03-11,Transfer Out,10000.53,Online Banking,Entertainment
2062,78025,2018-05-04,Transfer In,12060.1,Mobile App,Insurance
2063,22953,2023-08-16,Withdrawal,1216.18,Mobile App,Rent
2064,16211,2024-10-23,Withdrawal,2670.09,UPI,Entertainment
2065,6897,2025-03-10,Transfer In,6493.72,Online Banking,Utilities
2066,10385,2019-05-16,Withdrawal,807.16,Mobile App,Salary Credit
2067,24788,2024-09-05,Withdrawal,11638.27,UPI,Entertainment
2068,22289,2023-01-02,Withdrawal,4832.26,POS,Insurance
2069,15103,2019-04-29,Interest Credit,8836.81,ATM,Utilities
2070,53923,2023-02-14,Deposit,14019.42,Mobile App,Shopping
2071,507,2020-11-30,Fee Debit,12123.62,Mobile App,ATM Withdrawal
2072,62823,2023-12-08,Fee Debit,8985.4,UPI,Salary Credit
2073,86918,2018-10-08,Deposit,572.27,UPI,Groceries
2074,76525,2026-05-20,Deposit,5385.13,Mobile App,Fuel
2075,47055,2021-06-20,Deposit,1790.19,Branch,Travel
2076,2476,2020-12-19,Interest Credit,19765.77,Online Banking,Rent
2077,72646,2022-09-09,Transfer In,108.94,Mobile App,Insurance
2078,54440,2021-11-11,Withdrawal,7257.33,UPI,Education
2079,58655,2023-08-27,Transfer Out,2689.08,Mobile App,Salary Credit
2080,59146,2024-11-14,Deposit,467.43,ATM,Healthcare
2081,87819,2024-02-01,Withdrawal,17668.96,Mobile App,Shopping
2082,32094,2024-03-11,Interest Credit,9608.53,ATM,Dining
2083,18355,2026-01-21,Transfer Out,5421.59,ATM,Utilities
2084,56419,2019-01-09,Transfer Out,2355.47,Online Banking,Insurance
2085,75661,2023-06-12,Transfer Out,3825.97,UPI,Shopping
2086,25951,2024-12-18,Withdrawal,4434.9,UPI,Groceries
2087,62171,2026-06-05,Transfer In,5938.89,UPI,Rent
2088,46631,2026-04-10,Deposit,406.82,Mobile App,Insurance
2089,48842,2024-01-30,Deposit,2225.98,Mobile App,Dining
2090,85708,2021-06-05,Deposit,16129.0,Mobile App,Shopping
2091,37524,2020-10-10,Interest Credit,12120.93,UPI,Travel
2092,89708,2023-11-06,Deposit,3674.13,Branch,Healthcare
2093,39951,2023-02-02,Fee Debit,23348.32,ATM,ATM Withdrawal
2094,58325,2024-06-13,Transfer In,799.85,UPI,Fuel
2095,2073,2023-04-16,Transfer Out,2801.98,Online Banking,Shopping
2096,20266,2022-10-22,Deposit,491.68,UPI,Dining
2097,18923,2018-10-24,Transfer Out,18260.31,Branch,Education
2098,84401,2020-05-11,Transfer In,18700.5,UPI,Shopping
2099,39419,2020-12-13,Transfer In,15745.02,UPI,Insurance
2100,31733,2022-01-01,Deposit,4478.56,UPI,Travel
2101,21450,2020-06-05,Interest Credit,2603.12,UPI,Rent
2102,18654,2023-11-29,Deposit,1835.28,Online Banking,Travel
2103,70961,2021-09-03,Deposit,11813.15,Mobile App,Healthcare
2104,42457,2023-04-07,Deposit,1323.47,POS,Travel
2105,40984,2020-10-18,Deposit,22829.89,Online Banking,Groceries
2106,44559,2023-08-01,Deposit,5649.43,Branch,Entertainment
2107,15321,2024-07-06,Deposit,8499.27,Branch,Insurance
2108,89290,2025-10-25,Transfer In,2081.53,Online Banking,Dining
2109,54458,2025-11-04,Withdrawal,2766.77,UPI,Insurance
2110,87844,2024-10-22,Transfer In,7508.39,POS,Entertainment
2111,24158,2021-07-10,Withdrawal,3428.48,UPI,Rent
2112,36823,2025-07-08,Transfer In,13263.89,Branch,Insurance
2113,2741,2025-11-13,Withdrawal,254.29,UPI,ATM Withdrawal
2114,65816,2021-11-17,Fee Debit,2230.51,UPI,Education
2115,16997,2019-12-11,Withdrawal,14090.83,UPI,Groceries
2116,72071,2021-07-01,Transfer Out,7479.33,ATM,Insurance
2117,67581,2023-08-29,Deposit,4563.57,POS,Dining
2118,65378,2018-09-25,Deposit,1805.36,ATM,Travel
2119,25367,2026-02-20,Withdrawal,2942.58,Mobile App,Fuel
2120,14346,2025-08-20,Deposit,6891.51,UPI,Fund Transfer
2121,88712,2018-11-12,Deposit,1762.76,Mobile App,Insurance
2122,54190,2025-02-28,Withdrawal,4021.52,ATM,Shopping
2123,74879,2021-01-30,Transfer Out,660.08,Mobile App,Fuel
2124,72656,2026-04-07,Deposit,1024.47,Mobile App,Healthcare
2125,10577,2018-09-02,Interest Credit,1204.9,Online Banking,Travel
2126,73170,2023-03-27,Deposit,12506.13,Online Banking,Fuel
2127,49054,2020-09-10,Deposit,10574.72,POS,Travel
2128,39330,2023-08-07,Withdrawal,11563.81,Mobile App,Salary Credit
2129,43933,2018-12-14,Deposit,8860.94,UPI,Healthcare
2130,90689,2025-08-30,Deposit,2536.91,ATM,Utilities
2131,69432,2021-05-12,Fee Debit,4946.69,Branch,ATM Withdrawal
2132,33831,2021-04-16,Deposit,6285.06,UPI,Fund Transfer
2133,33707,2024-10-09,Transfer Out,4673.14,Branch,Shopping
2134,45134,2019-03-20,Transfer Out,23635.44,POS,Utilities
2135,66704,2018-01-23,Transfer In,4807.23,Mobile App,Groceries
2136,24940,2023-03-20,Withdrawal,1273.61,Mobile App,Shopping
2137,21206,2019-10-28,Transfer Out,2349.53,UPI,Salary Credit
2138,21424,2019-09-20,Interest Credit,1727.61,Mobile App,Rent
2139,17665,2018-07-07,Interest Credit,3716.64,Branch,Fund Transfer
2140,25836,2022-03-16,Withdrawal,1907.6,Mobile App,Salary Credit
2141,20294,2020-08-10,Fee Debit,62.76,POS,Fuel
2142,52984,2025-12-17,Withdrawal,3631.97,Branch,Groceries
2143,81290,2025-04-06,Transfer Out,1015.1,Branch,Fund Transfer
2144,16371,2021-06-26,Transfer Out,20507.84,ATM,Rent
2145,80480,2021-06-22,Deposit,1866.11,UPI,Insurance
2146,75801,2020-01-13,Fee Debit,5982.55,ATM,ATM Withdrawal
2147,30955,2021-12-05,Transfer Out,3790.18,ATM,Insurance
2148,77186,2021-05-29,Withdrawal,3040.66,Mobile App,Fund Transfer
2149,41691,2020-12-10,Fee Debit,3232.52,POS,Entertainment
2150,75598,2023-08-29,Interest Credit,927.73,UPI,Utilities
2151,15969,2024-08-10,Deposit,5376.88,Mobile App,Travel
2152,50337,2022-07-02,Fee Debit,18609.2,Branch,Insurance
2153,75155,2021-04-29,Transfer Out,6774.77,ATM,ATM Withdrawal
2154,67882,2021-10-10,Withdrawal,5279.54,POS,Healthcare
2155,76119,2024-09-05,Withdrawal,1997.83,ATM,Fuel
2156,15323,2024-06-18,Transfer In,8593.09,ATM,Fuel
2157,16874,2018-05-15,Transfer Out,8686.7,Mobile App,Utilities
2158,58172,2024-04-23,Interest Credit,242.14,POS,Groceries
2159,11148,2024-10-25,Withdrawal,8624.43,UPI,Dining
2160,33012,2021-12-08,Transfer In,182.37,POS,Fund Transfer
2161,18262,2018-03-02,Deposit,4570.54,Online Banking,Fuel
2162,66461,2021-01-18,Interest Credit,13104.68,Branch,Utilities
2163,55811,2020-03-29,Withdrawal,256.6,Branch,Education
2164,71024,2019-02-16,Deposit,1696.72,Online Banking,Entertainment
2165,41870,2021-08-26,Withdrawal,6604.34,UPI,Healthcare
2166,54996,2020-01-19,Deposit,2944.28,Online Banking,Travel
2167,64316,2024-01-31,Withdrawal,1307.79,UPI,Travel
2168,12283,2018-01-31,Fee Debit,15936.14,UPI,Fund Transfer
2169,92242,2025-06-20,Fee Debit,256.48,Branch,Dining
2170,70127,2023-01-05,Deposit,159.35,Mobile App,Insurance
2171,23375,2024-12-18,Transfer Out,803.65,Branch,Salary Credit
2172,56282,2023-08-28,Fee Debit,1781.99,Branch,Entertainment
2173,10245,2020-08-21,Transfer Out,5374.77,POS,Education
2174,79605,2025-08-23,Transfer Out,891.12,ATM,Fuel
2175,81200,2020-09-12,Deposit,8708.6,POS,Travel
2176,31867,2026-03-26,Transfer Out,5326.09,Mobile App,Fund Transfer
2177,88213,2019-02-16,Interest Credit,25650.7,Mobile App,Fuel
2178,51732,2021-01-15,Deposit,14470.31,Online Banking,ATM Withdrawal
2179,34464,2024-10-20,Deposit,10183.96,Online Banking,Entertainment
2180,85675,2026-01-02,Transfer Out,4568.71,ATM,Travel
2181,92845,2026-04-05,Interest Credit,7774.56,UPI,Fuel
2182,44235,2022-02-08,Transfer Out,23961.44,POS,Groceries
2183,48830,2022-01-11,Transfer Out,171.45,POS,Fuel
2184,81288,2022-10-23,Transfer In,45856.37,ATM,Education
2185,80291,2020-06-19,Deposit,876.42,Branch,Rent
2186,57789,2021-03-29,Fee Debit,2635.14,POS,Salary Credit
2187,45749,2021-06-17,Interest Credit,1109.15,Mobile App,Rent
2188,67230,2018-01-03,Deposit,15896.13,POS,Healthcare
2189,24311,2020-08-10,Transfer In,1660.1,ATM,Entertainment
2190,51993,2021-07-18,Interest Credit,15775.36,Branch,Utilities
2191,74575,2022-10-15,Interest Credit,2984.89,Branch,Education
2192,559,2022-08-09,Withdrawal,2373.95,POS,Groceries
2193,56355,2023-08-16,Withdrawal,335.99,ATM,Education
2194,30468,2018-08-07,Transfer Out,5043.72,Branch,Insurance
2195,72731,2023-08-01,Deposit,1765.67,Branch,Shopping
2196,36092,2020-03-07,Withdrawal,17284.5,Mobile App,Education
2197,63214,2025-05-06,Deposit,1636.68,POS,Healthcare
2198,34651,2022-09-22,Transfer Out,12419.67,UPI,Groceries
2199,7778,2025-12-09,Deposit,927.3,Online Banking,ATM Withdrawal
2200,75998,2022-04-19,Transfer Out,3920.4,Branch,Utilities
2201,42733,2022-09-11,Deposit,194.7,Branch,Entertainment
2202,2083,2020-11-27,Fee Debit,1517.32,ATM,Education
2203,68297,2019-05-29,Interest Credit,1801.96,Mobile App,Fuel
2204,72528,2020-12-06,Deposit,21317.26,Online Banking,Travel
2205,11240,2018-06-21,Transfer In,17846.0,POS,Entertainment
2206,78201,2025-07-06,Withdrawal,584.65,Branch,Insurance
2207,75843,2026-02-17,Withdrawal,2405.31,Branch,Rent
2208,31361,2022-01-16,Interest Credit,7071.6,Online Banking,Fund Transfer
2209,28866,2025-03-19,Deposit,6117.7,UPI,Salary Credit
2210,6798,2020-07-29,Withdrawal,5948.25,Online Banking,Fuel
2211,82822,2025-10-08,Withdrawal,1335.43,Mobile App,Salary Credit
2212,89933,2020-01-30,Transfer In,2638.01,Branch,Insurance
2213,19192,2019-07-29,Deposit,5330.13,ATM,Rent
2214,63332,2021-09-03,Transfer Out,5656.34,POS,Shopping
2215,27808,2023-06-18,Transfer In,1305.14,POS,Insurance
2216,3313,2018-11-25,Transfer Out,3848.38,Online Banking,Entertainment
2217,67713,2025-07-01,Interest Credit,2998.55,POS,Utilities
2218,91327,2026-02-17,Deposit,2045.3,Branch,Shopping
2219,41443,2024-04-08,Withdrawal,11505.87,Branch,Education
2220,63969,2020-12-05,Transfer In,1870.68,ATM,Rent
2221,20575,2020-10-27,Transfer In,662.76,Online Banking,Healthcare
2222,34085,2022-11-09,Interest Credit,863.71,Online Banking,Groceries
2223,10112,2026-06-21,Transfer Out,3454.07,Branch,Salary Credit
2224,70480,2020-03-29,Transfer Out,8563.06,Mobile App,Utilities
2225,52255,2020-01-23,Interest Credit,2836.17,Mobile App,Insurance
2226,82577,2023-07-25,Transfer Out,3179.96,POS,Shopping
2227,76765,2025-09-23,Withdrawal,1225.27,POS,Travel
2228,79499,2026-05-16,Transfer Out,1114.64,Mobile App,ATM Withdrawal
2229,29225,2020-11-23,Deposit,360.05,UPI,Education
2230,36786,2022-07-16,Interest Credit,3563.99,Online Banking,Dining
2231,82768,2022-01-28,Withdrawal,1185.04,POS,Rent
2232,72869,2024-12-11,Deposit,1940.71,Mobile App,Travel
2233,3055,2025-12-07,Withdrawal,1251.63,POS,ATM Withdrawal
2234,87837,2020-09-02,Fee Debit,9233.77,Branch,Fuel
2235,28188,2024-07-07,Transfer Out,2336.89,Branch,Travel
2236,81275,2022-07-18,Interest Credit,7896.53,ATM,Groceries
2237,25895,2020-12-03,Withdrawal,121.48,Online Banking,Salary Credit
2238,47425,2023-02-24,Withdrawal,13553.99,POS,Fuel
2239,46101,2026-02-17,Withdrawal,10075.78,Branch,Education
2240,13647,2018-10-23,Withdrawal,11848.59,POS,Entertainment
2241,24458,2021-02-01,Deposit,18559.03,Online Banking,Fund Transfer
2242,50452,2025-08-12,Transfer Out,4665.97,POS,Shopping
2243,74599,2021-01-04,Deposit,2313.27,Mobile App,Utilities
2244,81516,2019-02-20,Withdrawal,4838.08,UPI,Education
2245,82901,2023-06-08,Transfer Out,7357.88,Branch,ATM Withdrawal
2246,4800,2025-02-03,Deposit,6135.14,UPI,ATM Withdrawal
2247,23944,2024-05-20,Interest Credit,6298.99,Online Banking,Education
2248,23478,2021-02-14,Transfer In,9120.72,Online Banking,Fuel
2249,42407,2022-11-13,Transfer In,2607.82,Branch,ATM Withdrawal
2250,46834,2022-11-16,Withdrawal,21953.88,Branch,Travel
2251,49218,2025-12-19,Fee Debit,202.66,Mobile App,Education
2252,91505,2019-12-24,Interest Credit,4116.36,ATM,Healthcare
2253,77815,2023-12-16,Withdrawal,1722.56,POS,Utilities
2254,60463,2019-07-10,Fee Debit,10820.67,Online Banking,Entertainment
2255,21080,2023-10-30,Deposit,5451.29,POS,Fund Transfer
2256,1092,2024-11-03,Withdrawal,15203.61,Online Banking,Fund Transfer
2257,34810,2019-09-28,Fee Debit,11558.19,UPI,Entertainment
2258,28764,2018-08-30,Transfer Out,2935.93,Online Banking,Fuel
2259,42096,2025-06-17,Deposit,3523.37,Online Banking,Dining
2260,46613,2024-11-26,Deposit,27333.19,Mobile App,Healthcare
2261,59564,2019-01-13,Deposit,6554.28,Online Banking,Shopping
2262,28197,2019-02-27,Withdrawal,7887.2,ATM,Rent
2263,84347,2025-03-31,Withdrawal,3390.37,Branch,Groceries
2264,56013,2020-03-14,Withdrawal,2932.58,POS,Entertainment
2265,86473,2020-06-18,Withdrawal,4534.09,ATM,Shopping
2266,42938,2018-09-25,Withdrawal,2262.26,ATM,Groceries
2267,17772,2023-11-11,Deposit,27515.6,Branch,Salary Credit
2268,58731,2020-06-06,Withdrawal,517.89,Branch,Entertainment
2269,13739,2022-02-03,Interest Credit,594.76,Online Banking,Groceries
2270,65973,2022-10-06,Withdrawal,1727.78,UPI,Utilities
2271,8952,2022-07-02,Transfer In,8563.85,POS,Dining
2272,71223,2019-04-28,Deposit,2670.79,Branch,Travel
2273,26195,2019-05-09,Transfer In,3270.76,POS,Salary Credit
2274,51864,2026-03-15,Transfer Out,1762.48,Mobile App,ATM Withdrawal
2275,57849,2022-01-28,Deposit,973.34,ATM,Shopping
2276,46510,2024-07-16,Transfer Out,738.84,UPI,Rent
2277,29740,2023-11-13,Withdrawal,764.55,POS,Utilities
2278,78280,2024-04-18,Deposit,1009.38,ATM,Salary Credit
2279,19972,2018-01-30,Deposit,1497.62,UPI,Shopping
2280,39860,2019-08-17,Withdrawal,1494.3,UPI,ATM Withdrawal
2281,43445,2025-01-29,Transfer Out,5672.64,ATM,Travel
2282,71951,2018-12-17,Interest Credit,4450.33,ATM,Rent
2283,37031,2019-08-05,Transfer In,2040.39,UPI,Salary Credit
2284,72512,2018-04-10,Withdrawal,2397.5,UPI,Shopping
2285,3812,2019-02-17,Deposit,316.24,Mobile App,Rent
2286,63435,2026-05-08,Deposit,1996.81,ATM,Travel
2287,21025,2025-02-19,Transfer Out,4550.82,POS,Utilities
2288,67416,2021-02-08,Interest Credit,1748.51,Online Banking,Dining
2289,39528,2024-06-15,Fee Debit,2788.32,Online Banking,Fund Transfer
2290,51905,2019-01-09,Withdrawal,8352.08,POS,ATM Withdrawal
2291,26226,2019-04-05,Transfer Out,2516.53,ATM,Healthcare
2292,92806,2024-07-12,Fee Debit,5610.93,POS,Utilities
2293,22246,2021-03-12,Deposit,580.42,POS,Insurance
2294,29776,2024-07-21,Deposit,759.16,Mobile App,Travel
2295,56879,2022-03-27,Fee Debit,5299.73,Branch,Dining
2296,83754,2020-07-05,Fee Debit,3076.52,Online Banking,Utilities
2297,1806,2021-08-04,Withdrawal,1066.94,Branch,Rent
2298,8937,2022-02-16,Transfer In,1005.59,POS,Utilities
2299,78067,2024-01-26,Transfer In,2835.62,Branch,Education
2300,53522,2021-05-25,Fee Debit,8033.1,Mobile App,Insurance
2301,19999,2026-01-22,Fee Debit,7797.11,Branch,Entertainment
2302,77187,2018-10-30,Deposit,12226.95,Online Banking,Rent
2303,20309,2019-05-20,Transfer In,106.3,ATM,Groceries
2304,59319,2021-10-31,Interest Credit,1871.96,Branch,Fund Transfer
2305,76344,2024-09-14,Deposit,2692.15,Mobile App,Dining
2306,38604,2020-01-09,Transfer In,10607.04,UPI,Entertainment
2307,18462,2020-01-12,Withdrawal,10309.07,POS,Salary Credit
2308,91504,2018-01-28,Withdrawal,3165.27,UPI,Dining
2309,94454,2025-10-20,Withdrawal,1225.72,POS,Entertainment
2310,90155,2021-12-16,Withdrawal,12113.68,Mobile App,Travel
2311,36278,2024-10-10,Deposit,735.56,POS,Shopping
2312,81935,2018-03-03,Fee Debit,6311.48,ATM,Fuel
2313,71785,2024-08-10,Deposit,5526.3,POS,Entertainment
2314,38686,2018-05-21,Interest Credit,2866.89,Online Banking,Fuel
2315,93524,2025-08-12,Deposit,4465.17,Mobile App,Dining
2316,53110,2019-03-11,Interest Credit,14745.18,Mobile App,Shopping
2317,21218,2024-10-06,Deposit,10624.1,Branch,Dining
2318,28387,2020-03-07,Interest Credit,2683.38,POS,Insurance
2319,33823,2025-09-01,Withdrawal,8990.47,POS,Travel
2320,58137,2022-12-18,Deposit,452.47,POS,ATM Withdrawal
2321,88934,2019-02-18,Deposit,10775.61,UPI,Salary Credit
2322,90020,2019-08-05,Deposit,572.33,POS,Rent
2323,24602,2022-05-28,Transfer Out,10936.65,Online Banking,Healthcare
2324,10267,2019-09-27,Fee Debit,528.83,Branch,Education
2325,59260,2019-08-07,Transfer In,20874.98,Branch,Shopping
2326,12620,2022-03-29,Transfer Out,5220.02,ATM,Education
2327,15647,2021-11-14,Fee Debit,12260.2,UPI,Entertainment
2328,56260,2019-07-26,Transfer In,6886.51,Branch,Groceries
2329,1114,2026-04-27,Deposit,7023.55,POS,Dining
2330,16377,2026-02-14,Deposit,7763.76,Branch,Groceries
2331,41144,2020-05-18,Withdrawal,1578.42,Online Banking,Education
2332,84925,2020-09-03,Deposit,12894.76,Mobile App,Groceries
2333,40487,2023-08-18,Deposit,9192.29,ATM,Insurance
2334,86396,2020-05-09,Deposit,6765.24,ATM,Insurance
2335,23172,2022-05-02,Transfer In,11774.01,Online Banking,Healthcare
2336,40494,2021-04-17,Deposit,4862.27,ATM,Healthcare
2337,33491,2025-03-15,Transfer Out,636.36,UPI,Travel
2338,87531,2021-01-06,Withdrawal,1512.18,UPI,Rent
2339,94989,2023-06-28,Withdrawal,3713.03,Branch,Insurance
2340,60708,2018-05-12,Withdrawal,142.38,Mobile App,Fuel
2341,3988,2020-10-01,Transfer In,11039.98,POS,Groceries
2342,70387,2024-05-20,Withdrawal,2200.37,Mobile App,Rent
2343,10030,2024-04-29,Withdrawal,7301.52,Mobile App,Travel
2344,73662,2022-06-18,Transfer Out,19004.94,Branch,Healthcare
2345,14046,2020-12-03,Transfer Out,2128.69,UPI,Entertainment
2346,90845,2021-06-08,Deposit,1975.8,Online Banking,Salary Credit
2347,23423,2018-07-11,Interest Credit,3457.97,UPI,Healthcare
2348,49180,2023-09-14,Withdrawal,11049.86,POS,ATM Withdrawal
2349,62068,2025-02-05,Withdrawal,1804.57,Branch,Groceries
2350,94884,2019-10-11,Transfer In,11979.1,ATM,Healthcare
2351,81222,2018-12-13,Transfer Out,3588.25,POS,Fuel
2352,15679,2024-12-15,Fee Debit,4889.34,Mobile App,Fuel
2353,75351,2023-05-30,Transfer In,2347.8,Online Banking,Fuel
2354,64049,2022-04-30,Deposit,963.25,UPI,Shopping
2355,27691,2025-02-12,Deposit,7478.55,UPI,Groceries
2356,63891,2018-03-24,Deposit,7587.26,ATM,Travel
2357,46644,2019-05-04,Transfer In,899.99,UPI,Groceries
2358,15120,2018-05-19,Deposit,3782.66,UPI,Salary Credit
2359,92293,2018-05-12,Transfer In,8295.53,UPI,Utilities
2360,2919,2022-09-30,Transfer In,2319.37,POS,Rent
2361,23944,2021-12-26,Withdrawal,6235.34,Mobile App,Fuel
2362,24937,2020-10-01,Deposit,570.5,UPI,Education
2363,79037,2025-05-27,Transfer In,695.96,Mobile App,Fuel
2364,67686,2019-10-19,Interest Credit,15001.84,Branch,Education
2365,29603,2025-11-20,Deposit,7740.21,ATM,Groceries
2366,38803,2018-01-13,Interest Credit,15474.71,POS,Entertainment
2367,59516,2020-04-22,Deposit,3641.32,Branch,Healthcare
2368,32296,2020-02-02,Transfer Out,10687.3,UPI,Rent
2369,88446,2025-08-04,Deposit,1553.64,Online Banking,Education
2370,53829,2023-09-07,Withdrawal,17877.91,POS,Healthcare
2371,64081,2019-11-14,Withdrawal,10427.02,Branch,Groceries
2372,11538,2023-02-03,Interest Credit,494.75,ATM,Travel
2373,53948,2018-08-29,Withdrawal,405.95,ATM,Insurance
2374,52604,2018-06-13,Deposit,3643.33,ATM,Travel
2375,27101,2019-10-03,Withdrawal,1689.48,Branch,Entertainment
2376,64108,2024-11-11,Transfer In,11844.23,UPI,Education
2377,87379,2025-04-16,Withdrawal,11909.1,Branch,ATM Withdrawal
2378,57999,2019-06-09,Transfer In,10299.24,UPI,Fund Transfer
2379,43571,2019-12-23,Fee Debit,1787.36,Branch,Healthcare
2380,56540,2020-12-09,Interest Credit,20011.96,Online Banking,Rent
2381,78083,2018-07-15,Deposit,7396.8,ATM,Groceries
2382,40495,2020-08-30,Deposit,9447.72,Mobile App,Fund Transfer
2383,93694,2018-11-09,Withdrawal,7299.32,Mobile App,Insurance
2384,19409,2018-04-20,Transfer Out,17047.38,POS,Groceries
2385,32354,2019-08-06,Deposit,3019.71,ATM,Groceries
2386,20823,2025-06-21,Deposit,4875.26,Branch,ATM Withdrawal
2387,1523,2022-01-04,Deposit,7106.81,UPI,Travel
2388,86455,2022-02-21,Transfer In,15357.72,UPI,Entertainment
2389,43679,2018-03-14,Transfer In,2325.73,Mobile App,Education
2390,37576,2018-08-25,Fee Debit,5759.21,Mobile App,Salary Credit
2391,65481,2024-06-22,Withdrawal,3353.76,Branch,Insurance
2392,72933,2024-11-14,Transfer Out,1714.98,Branch,ATM Withdrawal
2393,68762,2019-06-10,Transfer Out,1096.23,POS,Dining
2394,11786,2026-05-24,Deposit,1207.06,POS,Rent
2395,5612,2026-04-14,Interest Credit,3291.7,Mobile App,Education
2396,6835,2020-07-24,Withdrawal,571.72,POS,Healthcare
2397,55938,2022-06-20,Fee Debit,13686.96,Branch,Rent
2398,54512,2019-10-24,Transfer In,17509.34,Mobile App,ATM Withdrawal
2399,18296,2020-07-19,Deposit,2905.18,Branch,Dining
2400,91676,2025-03-27,Withdrawal,2501.29,POS,Shopping
2401,36650,2018-10-31,Deposit,2362.26,UPI,Entertainment
2402,45944,2019-03-05,Withdrawal,791.41,ATM,Fund Transfer
2403,28035,2024-11-18,Withdrawal,19571.93,POS,Salary Credit
2404,31690,2024-10-29,Deposit,336.49,POS,Fuel
2405,59025,2025-11-21,Fee Debit,7770.19,UPI,Fuel
2406,14199,2018-06-06,Transfer Out,9411.94,POS,Education
2407,77384,2024-05-21,Deposit,4038.86,UPI,ATM Withdrawal
2408,65414,2022-11-12,Transfer Out,433.57,Mobile App,Fuel
2409,52483,2024-02-25,Deposit,13303.73,ATM,Insurance
2410,11201,2023-09-13,Deposit,9080.82,ATM,Healthcare
2411,30648,2020-01-17,Deposit,16510.24,ATM,Shopping
2412,73831,2026-04-12,Deposit,5252.05,Mobile App,Fuel
2413,50261,2018-10-18,Withdrawal,14511.55,POS,ATM Withdrawal
2414,88933,2024-08-29,Transfer Out,24735.67,Branch,Salary Credit
2415,86065,2019-11-06,Deposit,459.29,ATM,Salary Credit
2416,72904,2022-03-03,Deposit,4954.98,UPI,Travel
2417,20132,2020-08-19,Transfer Out,6587.1,UPI,Fund Transfer
2418,31914,2025-05-02,Transfer Out,3649.81,Online Banking,Fund Transfer
2419,79160,2021-08-30,Transfer Out,5960.99,UPI,Insurance
2420,80607,2024-04-25,Withdrawal,5508.02,ATM,Rent
2421,69860,2026-06-15,Deposit,9702.53,Online Banking,Shopping
2422,19922,2025-05-07,Transfer In,15240.94,Mobile App,Dining
2423,86329,2021-01-06,Withdrawal,8476.68,Online Banking,Dining
2424,41070,2019-07-02,Withdrawal,417.43,Mobile App,Fuel
2425,76123,2026-03-06,Transfer In,919.71,ATM,ATM Withdrawal
2426,53682,2018-03-01,Interest Credit,3062.59,Online Banking,Travel
2427,71011,2018-12-24,Deposit,2052.12,Branch,Rent
2428,70119,2021-12-17,Transfer Out,3900.55,UPI,Dining
2429,1898,2025-06-02,Transfer Out,1088.79,UPI,Rent
2430,69191,2020-08-03,Withdrawal,4609.69,Mobile App,Utilities
2431,41409,2024-09-04,Withdrawal,18867.48,POS,Healthcare
2432,93745,2019-08-24,Deposit,11730.2,Online Banking,Rent
2433,32352,2023-09-20,Transfer In,1868.79,Online Banking,Insurance
2434,33512,2022-09-28,Transfer In,1793.27,UPI,Utilities
2435,56714,2019-01-18,Transfer In,7993.95,POS,Groceries
2436,12618,2023-09-21,Withdrawal,64.39,POS,Rent
2437,55235,2020-12-19,Withdrawal,4627.84,Online Banking,Healthcare
2438,77281,2024-01-28,Withdrawal,2538.96,Online Banking,Salary Credit
2439,33011,2025-06-10,Withdrawal,694.3,Branch,Education
2440,85234,2022-12-03,Transfer Out,7335.52,Mobile App,Dining
2441,66397,2022-08-03,Withdrawal,311.92,Mobile App,Shopping
2442,61032,2024-10-11,Fee Debit,482.56,Online Banking,Insurance
2443,83501,2025-05-28,Interest Credit,3529.64,Online Banking,Travel
2444,54582,2022-02-08,Transfer Out,6140.61,Online Banking,Dining
2445,92548,2021-08-26,Fee Debit,6309.92,POS,Entertainment
2446,63500,2024-12-13,Transfer In,12610.75,Mobile App,Dining
2447,87208,2024-05-21,Interest Credit,2245.54,Mobile App,Education
2448,79898,2024-09-16,Transfer Out,146.4,Branch,Salary Credit
2449,52903,2023-12-18,Deposit,19764.59,Mobile App,Rent
2450,93274,2024-08-30,Withdrawal,12341.19,Mobile App,Healthcare
2451,78773,2026-06-12,Deposit,3524.55,UPI,Salary Credit
2452,12248,2018-08-14,Fee Debit,12827.92,POS,Dining
2453,56685,2018-02-06,Withdrawal,672.78,POS,Salary Credit
2454,52953,2023-05-12,Deposit,22000.66,POS,Fuel
2455,54536,2022-01-03,Transfer In,11055.55,Online Banking,Travel
2456,65400,2018-06-22,Interest Credit,1235.97,ATM,Shopping
2457,31002,2024-01-11,Interest Credit,716.35,POS,Healthcare
2458,41859,2021-04-13,Fee Debit,7283.65,POS,Utilities
2459,49165,2024-08-25,Withdrawal,589.03,UPI,Salary Credit
2460,45137,2021-12-07,Transfer Out,9828.66,Branch,Groceries
2461,20462,2024-12-26,Transfer Out,11188.18,ATM,Salary Credit
2462,13313,2020-02-17,Interest Credit,15973.95,Branch,Groceries
2463,84200,2024-12-25,Transfer In,7445.95,UPI,ATM Withdrawal
2464,51659,2020-05-23,Transfer Out,701.43,Mobile App,Utilities
2465,76550,2019-01-31,Deposit,3768.05,Mobile App,Groceries
2466,13802,2019-06-21,Withdrawal,18004.16,ATM,Travel
2467,43209,2025-04-22,Transfer Out,7334.57,ATM,Salary Credit
2468,61392,2019-08-29,Interest Credit,4713.42,Online Banking,Utilities
2469,69837,2023-10-08,Transfer Out,1079.46,Online Banking,Travel
2470,77254,2020-06-22,Fee Debit,15931.85,Online Banking,Rent
2471,39998,2021-01-12,Deposit,7611.01,Branch,Entertainment
2472,46913,2018-12-06,Transfer In,7774.02,Branch,Groceries
2473,12321,2026-04-29,Deposit,817.53,Online Banking,Fuel
2474,36779,2018-12-20,Transfer In,8083.85,Online Banking,Salary Credit
2475,63263,2020-05-30,Withdrawal,969.52,ATM,Entertainment
2476,44136,2024-02-07,Transfer Out,137.88,POS,Entertainment
2477,63958,2019-05-11,Fee Debit,3957.96,UPI,Healthcare
2478,70790,2019-07-18,Deposit,7234.48,ATM,Groceries
2479,47727,2019-01-29,Withdrawal,1781.13,Online Banking,Healthcare
2480,89319,2020-04-22,Interest Credit,316.36,POS,Insurance
2481,21123,2020-07-25,Interest Credit,89.74,Online Banking,Entertainment
2482,59398,2021-05-31,Transfer In,17832.76,UPI,Travel
2483,38372,2025-04-19,Withdrawal,4794.46,ATM,Insurance
2484,57886,2022-01-21,Fee Debit,13184.89,POS,Entertainment
2485,28278,2023-02-28,Withdrawal,2083.45,UPI,Fuel
2486,31555,2022-12-15,Fee Debit,32408.02,Branch,Healthcare
2487,60827,2024-09-18,Deposit,19689.18,Mobile App,Salary Credit
2488,23218,2025-12-25,Withdrawal,8412.87,UPI,Insurance
2489,51781,2018-02-08,Deposit,8046.0,UPI,Travel
2490,81358,2021-09-26,Transfer Out,7507.74,Online Banking,Shopping
2491,1025,2024-02-07,Deposit,2348.86,ATM,Insurance
2492,61866,2024-03-18,Withdrawal,3994.5,Mobile App,Healthcare
2493,87356,2019-12-18,Withdrawal,2303.96,Mobile App,Utilities
2494,55153,2021-08-20,Withdrawal,9157.79,ATM,Utilities
2495,5112,2022-04-24,Transfer Out,3916.27,ATM,Travel
2496,1376,2019-09-30,Transfer In,7270.69,POS,Travel
2497,79800,2024-12-11,Transfer In,2145.2,Branch,Education
2498,16504,2021-03-17,Deposit,11665.25,Online Banking,Entertainment
2499,89706,2021-08-04,Transfer Out,214.7,Branch,Rent
2500,43501,2024-12-25,Deposit,17034.93,POS,Rent
2501,63038,2026-04-05,Deposit,20807.29,Mobile App,Entertainment
2502,66027,2022-11-28,Withdrawal,2363.91,ATM,Shopping
2503,17913,2021-05-04,Withdrawal,13771.5,Mobile App,Salary Credit
2504,51270,2022-09-30,Withdrawal,19324.47,UPI,Fund Transfer
2505,89033,2021-02-14,Fee Debit,5944.05,Online Banking,ATM Withdrawal
2506,25851,2019-03-17,Deposit,6819.03,Branch,Travel
2507,89273,2023-08-16,Transfer In,1989.03,Online Banking,Salary Credit
2508,85450,2020-01-19,Transfer In,5119.62,POS,Shopping
2509,38757,2021-11-16,Transfer In,3392.44,Mobile App,Groceries
2510,71336,2021-03-06,Withdrawal,2145.88,ATM,ATM Withdrawal
2511,75728,2022-08-31,Transfer In,1132.95,POS,ATM Withdrawal
2512,94300,2018-12-16,Deposit,6737.95,Online Banking,Healthcare
2513,3846,2018-03-19,Withdrawal,18816.47,UPI,Utilities
2514,26126,2024-01-18,Deposit,11587.4,POS,Salary Credit
2515,9295,2020-03-02,Transfer In,3544.35,Branch,Fund Transfer
2516,63146,2025-05-05,Interest Credit,4242.32,ATM,ATM Withdrawal
2517,77456,2024-10-17,Fee Debit,5071.71,POS,ATM Withdrawal
2518,11408,2025-09-17,Transfer Out,4796.64,POS,Fuel
2519,88982,2019-07-14,Deposit,888.54,Online Banking,Insurance
2520,79769,2018-07-02,Transfer In,10395.47,Branch,Shopping
2521,37531,2018-10-25,Transfer Out,684.62,Branch,Travel
2522,79234,2019-06-04,Fee Debit,1069.29,Online Banking,Education
2523,64920,2022-12-06,Transfer In,871.11,Mobile App,Shopping
2524,15688,2018-04-15,Deposit,1372.74,Branch,Entertainment
2525,48132,2018-11-16,Interest Credit,3515.27,POS,ATM Withdrawal
2526,32813,2021-08-30,Deposit,988.93,Branch,Rent
2527,1318,2018-06-04,Deposit,4656.38,Online Banking,Insurance
2528,33118,2024-03-11,Transfer In,2311.82,Online Banking,Shopping
2529,26758,2020-12-13,Transfer Out,3419.58,Branch,Groceries
2530,77212,2021-02-25,Fee Debit,7457.12,Online Banking,Dining
2531,83453,2025-08-05,Transfer In,3749.52,Branch,Utilities
2532,42618,2019-04-12,Transfer Out,8464.48,Online Banking,Education
2533,58408,2023-03-07,Withdrawal,8572.48,Mobile App,Utilities
2534,92735,2024-06-08,Withdrawal,8601.23,Online Banking,Rent
2535,9821,2025-06-25,Deposit,1238.01,Mobile App,Insurance
2536,36392,2018-04-30,Deposit,2792.69,Branch,Insurance
2537,19099,2018-04-03,Interest Credit,632.24,UPI,Fuel
2538,83765,2026-04-18,Withdrawal,6071.87,Online Banking,Groceries
2539,40540,2022-03-30,Deposit,7118.99,POS,Groceries
2540,45674,2025-07-20,Withdrawal,2830.67,Mobile App,Salary Credit
2541,17414,2026-04-07,Deposit,6073.57,ATM,Rent
2542,46113,2019-06-24,Transfer Out,5912.74,Branch,ATM Withdrawal
2543,45014,2021-08-08,Transfer Out,2315.6,Online Banking,Education
2544,87333,2022-10-29,Interest Credit,1175.72,POS,Dining
2545,73095,2018-06-02,Deposit,1962.26,Branch,Insurance
2546,11128,2019-10-23,Fee Debit,4494.48,Online Banking,Dining
2547,65194,2021-07-31,Transfer In,2621.32,ATM,Salary Credit
2548,1066,2025-12-03,Interest Credit,12284.87,POS,Travel
2549,91875,2019-06-27,Deposit,9422.14,Branch,Groceries
2550,27656,2024-08-31,Fee Debit,5481.37,Mobile App,Rent
2551,51058,2019-04-07,Transfer In,10780.39,UPI,Rent
2552,27554,2022-04-27,Transfer Out,1268.45,Branch,Dining
2553,6510,2019-01-03,Interest Credit,13881.66,POS,ATM Withdrawal
2554,9624,2026-02-08,Withdrawal,7572.48,Online Banking,ATM Withdrawal
2555,26757,2019-03-09,Transfer In,13415.66,Branch,Travel
2556,77029,2024-11-12,Transfer In,8443.07,POS,Travel
2557,56297,2024-04-11,Deposit,4558.71,Mobile App,Groceries
2558,45884,2023-04-29,Deposit,4779.62,POS,Education
2559,46474,2023-10-13,Withdrawal,1394.05,POS,Education
2560,14238,2021-06-08,Transfer Out,7248.08,UPI,Healthcare
2561,72923,2024-09-18,Transfer Out,2906.98,Branch,Shopping
2562,33891,2018-04-24,Deposit,425.84,ATM,Fuel
2563,13860,2022-03-08,Deposit,12848.31,Mobile App,Utilities
2564,62859,2021-09-01,Deposit,89.41,Online Banking,Education
2565,51647,2024-05-06,Fee Debit,5707.31,Online Banking,Travel
2566,52083,2020-05-19,Fee Debit,1198.59,Mobile App,Groceries
2567,80933,2025-11-07,Withdrawal,4885.2,POS,Shopping
2568,45326,2022-01-15,Withdrawal,293.0,Online Banking,Shopping
2569,29224,2024-09-05,Transfer In,10463.42,ATM,Travel
2570,55117,2020-05-14,Deposit,8803.81,UPI,Utilities
2571,36725,2022-08-15,Withdrawal,1168.26,UPI,Groceries
2572,12177,2021-07-17,Deposit,3452.6,UPI,Groceries
2573,39178,2020-02-28,Transfer Out,2131.36,UPI,Healthcare
2574,87999,2020-04-15,Withdrawal,3883.22,ATM,Groceries
2575,3302,2019-06-06,Transfer In,1895.06,POS,Fund Transfer
2576,91191,2019-09-24,Deposit,1669.95,Branch,Entertainment
2577,46851,2023-09-02,Deposit,1296.66,Branch,Entertainment
2578,22471,2025-08-24,Fee Debit,1962.38,Mobile App,Rent
2579,65887,2019-06-06,Transfer In,6987.78,Online Banking,Dining
2580,61892,2019-01-21,Withdrawal,1014.15,Online Banking,Utilities
2581,61725,2022-05-23,Deposit,2676.66,ATM,Travel
2582,81465,2020-12-29,Transfer In,7238.56,POS,Healthcare
2583,11006,2019-08-08,Transfer Out,8352.93,POS,Salary Credit
2584,24592,2022-10-12,Deposit,2482.61,Online Banking,Rent
2585,94804,2019-12-03,Deposit,7308.96,POS,Entertainment
2586,69082,2021-11-09,Transfer In,1995.12,Mobile App,Insurance
2587,93999,2020-12-14,Withdrawal,2920.96,Online Banking,Insurance
2588,94606,2022-03-15,Transfer Out,27932.94,Mobile App,Shopping
2589,66784,2024-02-18,Deposit,10238.26,UPI,Salary Credit
2590,3517,2022-09-24,Transfer Out,6869.4,POS,Fuel
2591,46528,2018-04-08,Interest Credit,1164.39,ATM,Insurance
2592,80176,2023-11-26,Fee Debit,14624.04,ATM,Salary Credit
2593,51809,2022-06-02,Deposit,9082.29,Branch,Travel
2594,15641,2019-08-30,Deposit,1519.65,Mobile App,Fund Transfer
2595,26550,2025-07-06,Withdrawal,17597.33,ATM,ATM Withdrawal
2596,16793,2021-12-09,Fee Debit,9357.73,Mobile App,Salary Credit
2597,11394,2023-08-19,Deposit,806.23,POS,Healthcare
2598,78284,2018-01-10,Deposit,2111.45,ATM,Insurance
2599,23944,2019-06-04,Interest Credit,7061.55,UPI,Fuel
2600,34811,2025-04-29,Deposit,7639.79,UPI,Healthcare
2601,79121,2022-07-14,Deposit,1489.62,Branch,Healthcare
2602,93850,2020-02-24,Transfer Out,4436.24,Branch,Utilities
2603,86228,2023-11-14,Deposit,3021.37,Branch,Groceries
2604,42722,2022-07-30,Fee Debit,3763.28,UPI,Entertainment
2605,52774,2018-02-21,Deposit,4148.28,POS,Entertainment
2606,18588,2021-10-30,Deposit,8720.41,UPI,Insurance
2607,38786,2022-12-28,Transfer In,1401.23,POS,ATM Withdrawal
2608,29114,2021-04-21,Deposit,2863.94,UPI,Travel
2609,22474,2024-05-24,Withdrawal,180.69,Mobile App,Healthcare
2610,56825,2023-01-30,Deposit,754.35,Branch,Groceries
2611,89221,2025-12-22,Transfer Out,2492.25,Branch,Travel
2612,67373,2021-03-04,Withdrawal,2044.05,UPI,Shopping
2613,84826,2025-10-05,Interest Credit,5729.37,Online Banking,Salary Credit
2614,51777,2021-10-18,Withdrawal,1408.83,UPI,Rent
2615,26267,2019-08-13,Withdrawal,9544.75,ATM,Utilities
2616,44137,2025-01-05,Transfer Out,2944.3,Mobile App,Entertainment
2617,39248,2021-12-17,Deposit,4327.7,POS,Insurance
2618,65991,2024-01-02,Deposit,245.33,Branch,Shopping
2619,24312,2020-09-13,Withdrawal,501.87,UPI,Fund Transfer
2620,79104,2020-01-07,Transfer Out,12903.06,Mobile App,Groceries
2621,9412,2020-02-03,Withdrawal,244.42,Online Banking,Travel
2622,31697,2020-10-13,Deposit,16534.45,Mobile App,Rent
2623,63057,2024-05-23,Deposit,400.98,Mobile App,Healthcare
2624,91019,2019-03-29,Withdrawal,217.25,UPI,Groceries
2625,63603,2024-03-22,Withdrawal,14559.29,Mobile App,Rent
2626,41628,2020-07-21,Deposit,3533.05,ATM,Education
2627,6605,2022-03-22,Transfer Out,526.19,ATM,Dining
2628,298,2020-02-01,Transfer Out,236.51,Mobile App,Travel
2629,79279,2018-01-18,Transfer In,22088.17,Branch,Rent
2630,30599,2022-11-30,Transfer In,1444.41,POS,Groceries
2631,27216,2018-08-13,Withdrawal,11610.75,Online Banking,Entertainment
2632,18436,2022-09-03,Fee Debit,6643.43,Branch,Dining
2633,35087,2023-05-01,Deposit,27215.43,Mobile App,ATM Withdrawal
2634,65211,2021-11-30,Transfer In,598.57,UPI,Shopping
2635,12026,2020-06-05,Withdrawal,5231.45,ATM,Utilities
2636,79610,2022-05-05,Transfer Out,16738.53,Branch,Dining
2637,91211,2023-04-17,Deposit,9076.17,UPI,Salary Credit
2638,57700,2020-09-07,Withdrawal,10522.45,UPI,Fuel
2639,29628,2019-10-14,Transfer In,1017.43,ATM,Dining
2640,7755,2018-04-19,Deposit,9834.94,UPI,Healthcare
2641,34123,2022-02-02,Deposit,3372.86,Mobile App,Utilities
2642,2848,2024-03-20,Deposit,1542.78,ATM,Shopping
2643,33553,2019-06-29,Deposit,3592.37,Branch,ATM Withdrawal
2644,66695,2022-06-26,Deposit,226.87,Online Banking,Dining
2645,18334,2020-12-01,Interest Credit,10573.8,POS,Dining
2646,76135,2021-02-02,Deposit,19154.06,Online Banking,Entertainment
2647,4571,2024-03-16,Fee Debit,6710.05,ATM,Fuel
2648,38369,2019-03-07,Deposit,1574.06,Online Banking,Groceries
2649,12901,2018-03-24,Deposit,8440.31,POS,Travel
2650,21849,2021-11-09,Deposit,360.18,UPI,Fuel
2651,41076,2018-07-20,Interest Credit,587.35,ATM,Rent
2652,89798,2023-08-05,Deposit,5182.89,ATM,Entertainment
2653,91584,2019-02-05,Transfer In,8907.24,Mobile App,Education
2654,55215,2019-01-18,Deposit,14870.71,Mobile App,Fund Transfer
2655,13427,2018-04-19,Transfer In,1354.54,POS,ATM Withdrawal
2656,27417,2021-01-23,Transfer Out,3957.16,Online Banking,ATM Withdrawal
2657,31941,2024-05-09,Deposit,10065.89,Online Banking,Utilities
2658,29441,2025-01-20,Deposit,8817.05,ATM,Fund Transfer
2659,51852,2020-08-11,Deposit,864.8,ATM,Salary Credit
2660,5152,2018-12-05,Transfer Out,4349.21,POS,Entertainment
2661,38180,2022-10-14,Withdrawal,10986.05,Branch,Shopping
2662,13157,2024-04-30,Withdrawal,2429.66,Branch,Healthcare
2663,4657,2023-01-22,Deposit,12655.05,POS,Groceries
2664,56133,2024-12-23,Deposit,14773.11,Online Banking,Shopping
2665,77899,2020-04-11,Deposit,6120.99,POS,Fuel
2666,18378,2018-06-25,Transfer In,1875.62,UPI,Dining
2667,29589,2022-04-06,Fee Debit,1060.3,Online Banking,Rent
2668,52921,2018-01-28,Fee Debit,4792.9,ATM,ATM Withdrawal
2669,23415,2022-10-12,Deposit,1924.15,Branch,ATM Withdrawal
2670,90590,2021-10-17,Deposit,9633.54,Online Banking,Education
2671,10320,2018-01-25,Withdrawal,9815.3,POS,Groceries
2672,23660,2019-03-31,Transfer In,12359.39,POS,Groceries
2673,57734,2023-09-24,Deposit,8492.96,Mobile App,Utilities
2674,44715,2019-03-09,Withdrawal,5955.44,Online Banking,Healthcare
2675,91891,2024-11-01,Fee Debit,3931.36,UPI,Healthcare
2676,13507,2023-01-22,Withdrawal,15773.41,UPI,Fund Transfer
2677,86123,2025-07-07,Transfer Out,10839.17,Branch,Shopping
2678,33019,2022-07-22,Interest Credit,3435.4,UPI,Rent
2679,81712,2023-07-11,Deposit,16682.88,Mobile App,Dining
2680,29813,2020-09-17,Transfer Out,9733.17,POS,Shopping
2681,1000,2018-10-19,Withdrawal,15559.46,UPI,Entertainment
2682,94912,2021-03-28,Interest Credit,5237.94,ATM,Travel
2683,77686,2025-01-20,Deposit,3632.54,Branch,Fund Transfer
2684,70145,2023-09-18,Deposit,20280.69,Online Banking,Education
2685,5130,2025-09-01,Transfer In,1039.53,POS,Travel
2686,555,2018-12-31,Transfer Out,10289.41,Branch,Salary Credit
2687,81979,2022-08-21,Fee Debit,8916.58,POS,Travel
2688,73621,2024-09-09,Transfer In,1473.06,ATM,Utilities
2689,16884,2020-10-29,Interest Credit,6448.09,UPI,ATM Withdrawal
2690,4931,2024-09-15,Interest Credit,9735.56,Branch,Fund Transfer
2691,89661,2019-09-23,Withdrawal,4797.39,POS,Insurance
2692,43400,2019-08-04,Transfer Out,19542.66,ATM,Rent
2693,86945,2022-02-07,Transfer Out,2309.01,POS,Healthcare
2694,48794,2021-01-17,Transfer In,2899.6,Branch,Shopping
2695,8873,2023-05-01,Withdrawal,4080.34,ATM,Insurance
2696,50912,2021-05-10,Deposit,4353.14,ATM,Rent
2697,35021,2020-12-27,Interest Credit,1650.08,Mobile App,Insurance
2698,58910,2025-03-15,Transfer Out,4850.15,UPI,Dining
2699,88636,2024-11-27,Withdrawal,9314.84,Branch,Salary Credit
2700,33960,2019-04-27,Deposit,4090.7,ATM,Travel
2701,64414,2026-01-16,Withdrawal,14110.05,Mobile App,Education
2702,49928,2021-11-01,Fee Debit,4314.85,POS,Salary Credit
2703,7056,2022-06-16,Deposit,897.63,Online Banking,Dining
2704,15827,2018-06-15,Transfer In,5226.57,Online Banking,Fund Transfer
2705,51584,2021-07-31,Transfer In,3482.41,Online Banking,Healthcare
2706,1510,2018-01-08,Deposit,14806.59,Online Banking,Entertainment
2707,55569,2018-11-17,Deposit,1743.03,Branch,Dining
2708,46754,2018-07-18,Transfer In,112.18,Mobile App,Salary Credit
2709,59286,2026-04-23,Withdrawal,3546.87,Online Banking,Salary Credit
2710,2430,2024-03-10,Deposit,953.97,Mobile App,Groceries
2711,42578,2025-11-11,Withdrawal,4369.91,POS,Groceries
2712,42409,2020-10-17,Withdrawal,2953.24,ATM,Travel
2713,91322,2018-09-15,Withdrawal,662.12,Mobile App,Education
2714,22472,2022-09-03,Transfer In,2764.67,Online Banking,Education
2715,73663,2025-02-10,Withdrawal,3240.15,Branch,Dining
2716,63276,2023-10-17,Withdrawal,7172.1,UPI,Shopping
2717,77760,2022-10-11,Deposit,2087.99,Mobile App,Healthcare
2718,24158,2023-11-28,Fee Debit,4851.94,UPI,Groceries
2719,82497,2024-10-29,Transfer In,4646.27,UPI,Salary Credit
2720,89156,2023-01-22,Withdrawal,11551.61,Mobile App,Dining
2721,24011,2020-07-25,Deposit,15703.68,POS,Rent
2722,27398,2019-08-29,Deposit,12315.37,POS,Insurance
2723,2566,2021-10-20,Withdrawal,4401.37,Mobile App,Fund Transfer
2724,9750,2022-03-21,Transfer Out,3399.4,UPI,Fund Transfer
2725,7575,2020-05-17,Deposit,2524.34,POS,Education
2726,39020,2022-08-25,Transfer In,2676.67,Online Banking,Fund Transfer
2727,80682,2021-04-30,Transfer In,5156.59,ATM,Shopping
2728,43145,2021-03-28,Withdrawal,7453.24,Online Banking,Fund Transfer
2729,21473,2019-04-13,Withdrawal,2792.13,ATM,Fuel
2730,62268,2020-05-27,Interest Credit,2333.57,Branch,ATM Withdrawal
2731,27761,2026-06-12,Withdrawal,3056.55,Mobile App,Fuel
2732,11316,2021-01-26,Transfer In,4212.98,Branch,Fund Transfer
2733,30677,2021-08-10,Withdrawal,552.52,UPI,Shopping
2734,59059,2025-08-31,Withdrawal,15522.71,Mobile App,Fund Transfer
2735,23712,2023-10-01,Withdrawal,21072.36,POS,Dining
2736,76530,2026-04-14,Deposit,7298.7,POS,Rent
2737,47670,2023-12-28,Withdrawal,8125.2,Mobile App,Fuel
2738,76014,2023-08-18,Transfer In,8929.79,Branch,Entertainment
2739,75321,2024-05-20,Deposit,4049.98,Online Banking,Utilities
2740,42927,2018-12-15,Fee Debit,3878.76,Online Banking,Utilities
2741,46608,2025-11-23,Transfer Out,8064.11,UPI,Insurance
2742,78318,2019-08-22,Deposit,3808.35,POS,Shopping
2743,84143,2023-12-03,Interest Credit,4316.46,Online Banking,Salary Credit
2744,56335,2024-05-23,Transfer Out,7479.57,UPI,Utilities
2745,82557,2022-11-06,Interest Credit,935.33,UPI,Groceries
2746,86155,2026-03-10,Withdrawal,162.9,POS,Education
2747,91603,2019-02-06,Transfer Out,2402.41,Mobile App,Rent
2748,66025,2022-08-29,Withdrawal,12238.57,UPI,Groceries
2749,62133,2021-12-21,Interest Credit,1226.65,ATM,Healthcare
2750,41052,2022-11-19,Deposit,7394.09,POS,ATM Withdrawal
2751,12879,2021-08-04,Deposit,21072.38,ATM,Fund Transfer
2752,80374,2021-11-11,Transfer In,16336.11,Mobile App,Rent
2753,7037,2025-08-05,Transfer In,1494.94,Mobile App,Utilities
2754,12969,2023-09-10,Fee Debit,6687.64,Mobile App,Groceries
2755,88853,2025-08-04,Withdrawal,3190.26,UPI,ATM Withdrawal
2756,12755,2025-10-18,Deposit,13659.79,ATM,Groceries
2757,75354,2023-01-07,Deposit,1244.7,POS,Healthcare
2758,88888,2024-11-20,Transfer Out,10047.52,Mobile App,Education
2759,40413,2022-03-27,Deposit,4816.87,Mobile App,Fuel
2760,4103,2021-09-01,Interest Credit,5303.57,Mobile App,Healthcare
2761,49557,2022-08-01,Transfer In,22156.17,POS,ATM Withdrawal
2762,83393,2023-08-21,Deposit,9399.02,Branch,Utilities
2763,78600,2025-10-20,Deposit,556.89,Mobile App,Salary Credit
2764,35345,2026-04-16,Withdrawal,2819.94,POS,Insurance
2765,60833,2019-06-07,Transfer In,14353.42,Online Banking,Healthcare
2766,86699,2018-08-02,Deposit,2011.66,UPI,Healthcare
2767,39107,2022-12-07,Interest Credit,14626.4,POS,Dining
2768,20342,2022-06-28,Withdrawal,4683.56,POS,Rent
2769,58523,2020-10-14,Withdrawal,7908.89,Mobile App,Entertainment
2770,1590,2020-07-04,Withdrawal,2727.31,UPI,Groceries
2771,50916,2024-07-20,Deposit,3844.73,Online Banking,ATM Withdrawal
2772,50939,2018-04-02,Deposit,17180.69,Branch,Utilities
2773,67708,2023-11-03,Fee Debit,18350.98,Branch,Entertainment
2774,14549,2022-11-26,Withdrawal,2187.72,Online Banking,Insurance
2775,32602,2026-01-07,Withdrawal,6465.27,Mobile App,Fund Transfer
2776,79155,2023-01-03,Deposit,4381.81,ATM,Healthcare
2777,14409,2022-03-11,Transfer In,4462.65,UPI,Groceries
2778,66460,2025-12-22,Interest Credit,1073.53,ATM,ATM Withdrawal
2779,81266,2022-12-07,Deposit,4394.0,POS,Fuel
2780,77466,2022-10-11,Transfer Out,5233.42,UPI,Groceries
2781,7954,2024-04-29,Withdrawal,10645.87,Online Banking,Education
2782,31586,2021-11-24,Withdrawal,1923.76,Online Banking,Utilities
2783,10493,2023-08-28,Transfer Out,18741.86,Branch,Travel
2784,32470,2025-02-23,Fee Debit,11359.48,Online Banking,Travel
2785,5138,2023-11-18,Transfer Out,7652.67,Branch,Insurance
2786,5577,2023-08-21,Fee Debit,1359.76,Branch,Education
2787,66161,2019-04-24,Fee Debit,2695.89,Mobile App,Salary Credit
2788,76606,2025-02-18,Transfer In,2230.03,Branch,Travel
2789,8699,2024-10-23,Transfer In,6425.94,Mobile App,Education
2790,43475,2021-02-01,Deposit,2432.1,ATM,Education
2791,25293,2022-05-11,Transfer Out,1672.77,Branch,ATM Withdrawal
2792,29277,2023-03-06,Transfer Out,8429.49,Online Banking,Dining
2793,53602,2019-11-08,Deposit,10488.36,Online Banking,Rent
2794,69539,2024-02-09,Withdrawal,6856.03,Mobile App,Fund Transfer
2795,89468,2021-08-30,Withdrawal,16853.73,ATM,ATM Withdrawal
2796,74234,2022-05-08,Transfer In,488.36,Branch,Fund Transfer
2797,29003,2019-07-30,Interest Credit,5662.55,ATM,Healthcare
2798,45500,2018-05-21,Withdrawal,6964.38,Branch,Rent
2799,65965,2021-09-28,Deposit,13525.54,POS,Education
2800,19492,2018-07-09,Transfer Out,3161.2,Online Banking,Salary Credit
2801,9474,2018-12-01,Fee Debit,9423.51,Online Banking,Insurance
2802,8015,2019-01-23,Deposit,5180.3,Branch,Utilities
2803,28745,2020-01-29,Transfer In,10254.6,UPI,Shopping
2804,17245,2023-05-07,Transfer In,10150.43,ATM,Rent
2805,63940,2021-01-09,Withdrawal,3453.73,POS,Shopping
2806,92883,2018-07-15,Transfer Out,5700.75,ATM,Rent
2807,49535,2020-01-25,Transfer Out,2260.1,Branch,Shopping
2808,89306,2023-06-02,Fee Debit,397.72,Branch,Travel
2809,81257,2023-12-23,Deposit,1087.47,Online Banking,Entertainment
2810,67585,2021-09-19,Deposit,1149.8,UPI,Fund Transfer
2811,54303,2020-06-21,Transfer In,2129.71,UPI,Shopping
2812,11300,2023-10-28,Interest Credit,2720.47,UPI,Healthcare
2813,56330,2026-01-11,Fee Debit,8327.08,UPI,Utilities
2814,35895,2022-07-09,Withdrawal,1530.16,UPI,Utilities
2815,12712,2019-08-18,Interest Credit,5738.22,ATM,Education
2816,47851,2026-03-03,Transfer In,8696.77,UPI,Groceries
2817,30935,2024-08-05,Transfer In,11781.38,ATM,Fund Transfer
2818,94542,2024-03-21,Withdrawal,2944.72,POS,Shopping
2819,32279,2022-08-21,Transfer In,7528.51,UPI,Healthcare
2820,45549,2026-03-20,Interest Credit,5534.48,Branch,ATM Withdrawal
2821,78145,2023-04-20,Transfer In,16098.37,Online Banking,Rent
2822,61736,2022-08-21,Transfer In,3635.1,ATM,Healthcare
2823,47697,2024-05-12,Interest Credit,2209.34,UPI,Rent
2824,267,2019-02-02,Deposit,171.94,UPI,Entertainment
2825,58987,2021-01-12,Withdrawal,2629.0,Online Banking,Insurance
2826,9878,2025-11-05,Withdrawal,15949.88,Mobile App,Shopping
2827,50083,2020-04-21,Transfer In,2024.73,UPI,Utilities
2828,19738,2025-04-18,Fee Debit,3554.94,ATM,Healthcare
2829,69432,2019-09-12,Transfer In,3406.67,UPI,Groceries
2830,3344,2022-07-22,Withdrawal,9660.55,Branch,Fuel
2831,67131,2020-03-09,Interest Credit,7133.59,Branch,Entertainment
2832,79597,2019-05-14,Transfer In,2770.09,ATM,Travel
2833,63092,2025-05-06,Interest Credit,78.11,Online Banking,Salary Credit
2834,79054,2021-10-26,Transfer Out,7548.36,Mobile App,Utilities
2835,7552,2023-12-13,Deposit,2571.21,UPI,ATM Withdrawal
2836,50099,2019-04-01,Deposit,6759.6,UPI,Fund Transfer
2837,57437,2021-11-19,Transfer Out,18889.39,Mobile App,Travel
2838,37448,2021-11-15,Deposit,12205.74,UPI,Fuel
2839,4035,2025-10-07,Deposit,8739.36,Branch,Rent
2840,29456,2026-01-13,Transfer Out,23076.26,POS,Education
2841,27650,2022-11-22,Transfer Out,1208.18,Online Banking,Healthcare
2842,20574,2025-10-30,Interest Credit,2322.53,Online Banking,ATM Withdrawal
2843,75959,2022-03-08,Withdrawal,1908.15,ATM,Entertainment
2844,16616,2022-01-19,Fee Debit,1615.72,Mobile App,Insurance
2845,42738,2024-06-04,Deposit,758.63,ATM,Groceries
2846,72984,2019-09-25,Deposit,3433.01,POS,Salary Credit
2847,9429,2021-06-30,Deposit,6077.59,Mobile App,Fund Transfer
2848,53137,2023-07-29,Interest Credit,9720.68,Branch,Education
2849,47788,2025-09-22,Deposit,8044.26,Branch,Rent
2850,24824,2018-12-06,Transfer Out,1522.59,ATM,Insurance
2851,71291,2022-11-28,Fee Debit,14130.52,ATM,Fund Transfer
2852,33525,2022-07-28,Deposit,3136.51,Branch,Groceries
2853,86438,2020-03-16,Interest Credit,3849.7,Mobile App,Salary Credit
2854,71838,2023-10-07,Deposit,13864.37,Branch,ATM Withdrawal
2855,91212,2019-09-04,Deposit,11320.2,Branch,Education
2856,54968,2023-08-01,Deposit,7959.54,POS,Dining
2857,26856,2023-02-06,Withdrawal,5532.63,Online Banking,Healthcare
2858,90536,2025-01-19,Withdrawal,3238.19,Online Banking,Healthcare
2859,60811,2020-01-14,Transfer In,1061.52,ATM,Travel
2860,33503,2020-11-24,Withdrawal,23890.1,ATM,Shopping
2861,92497,2025-08-03,Transfer Out,2723.44,ATM,Fund Transfer
2862,23000,2019-03-31,Deposit,4606.2,Online Banking,Fund Transfer
2863,50071,2025-05-03,Transfer Out,4752.72,ATM,Entertainment
2864,9618,2024-06-30,Deposit,417.25,ATM,Fund Transfer
2865,59881,2021-03-05,Withdrawal,3869.28,Mobile App,Shopping
2866,83905,2020-12-12,Transfer Out,2110.91,UPI,Travel
2867,61873,2024-01-26,Transfer In,14885.44,UPI,Entertainment
2868,73221,2018-02-21,Transfer Out,3358.46,Online Banking,Entertainment
2869,51748,2024-11-29,Withdrawal,7358.0,Mobile App,Dining
2870,32350,2020-11-19,Fee Debit,4673.33,UPI,Entertainment
2871,43288,2024-05-22,Interest Credit,10976.07,UPI,Entertainment
2872,61696,2022-12-12,Fee Debit,14574.43,UPI,Groceries
2873,10547,2025-02-03,Transfer In,7332.49,ATM,Shopping
2874,90163,2022-06-02,Transfer Out,9034.86,POS,Dining
2875,27837,2023-01-24,Transfer Out,5309.09,Branch,Fund Transfer
2876,64222,2026-01-15,Withdrawal,193.49,POS,Salary Credit
2877,31608,2023-09-03,Interest Credit,3622.84,Mobile App,Travel
2878,94082,2021-12-08,Transfer Out,258.29,Online Banking,Education
2879,53487,2023-09-18,Withdrawal,5678.46,Mobile App,Education
2880,26974,2023-10-28,Withdrawal,5828.01,Branch,Shopping
2881,94714,2025-04-14,Deposit,15007.41,POS,Insurance
2882,527,2018-10-03,Withdrawal,1021.19,Mobile App,Groceries
2883,4031,2024-07-22,Withdrawal,12741.64,UPI,Fund Transfer
2884,86410,2018-10-03,Fee Debit,9599.3,Mobile App,Healthcare
2885,71853,2021-02-21,Transfer Out,11323.07,Branch,Salary Credit
2886,78143,2021-10-29,Transfer In,8904.77,Branch,Healthcare
2887,45154,2025-03-29,Deposit,324.3,ATM,Salary Credit
2888,45515,2019-01-24,Withdrawal,4577.95,UPI,Rent
2889,71641,2021-11-05,Deposit,4705.94,UPI,Salary Credit
2890,52007,2022-06-09,Withdrawal,26403.25,ATM,Fuel
2891,69891,2020-05-13,Fee Debit,1598.44,ATM,Shopping
2892,84415,2019-06-28,Withdrawal,4319.44,Mobile App,Shopping
2893,75799,2019-06-18,Withdrawal,1794.73,UPI,Healthcare
2894,90906,2021-03-21,Interest Credit,6670.38,Branch,Insurance
2895,79588,2020-08-24,Transfer Out,173.99,ATM,Education
2896,93157,2022-05-25,Deposit,23109.22,Mobile App,Fuel
2897,45517,2019-09-16,Deposit,2338.15,Mobile App,Dining
2898,76930,2023-11-03,Withdrawal,5412.16,Branch,Dining
2899,24705,2021-06-21,Interest Credit,11320.87,Branch,Utilities
2900,56569,2024-11-19,Withdrawal,1162.64,Mobile App,Education
2901,70809,2023-10-29,Withdrawal,13772.72,ATM,Fund Transfer
2902,13644,2022-09-06,Withdrawal,5863.75,Mobile App,Fund Transfer
2903,13524,2024-04-15,Deposit,697.6,ATM,Salary Credit
2904,62183,2020-07-04,Fee Debit,3680.01,UPI,Entertainment
2905,2709,2020-02-06,Transfer In,511.4,UPI,Rent
2906,69871,2020-04-11,Withdrawal,12197.57,ATM,Groceries
2907,36017,2024-12-21,Fee Debit,10222.93,Online Banking,Healthcare
2908,66585,2020-12-29,Deposit,829.61,POS,Utilities
2909,29687,2023-09-19,Deposit,5148.87,Branch,Healthcare
2910,74278,2025-10-06,Transfer In,2987.13,ATM,Education
2911,31949,2021-03-29,Deposit,353.69,ATM,Insurance
2912,40865,2018-09-02,Transfer In,8942.09,Branch,Education
2913,70156,2022-12-02,Withdrawal,3657.87,Online Banking,Salary Credit
2914,25954,2018-01-01,Fee Debit,2066.67,ATM,Utilities
2915,10946,2024-12-18,Transfer In,3048.72,Mobile App,Dining
2916,90138,2018-03-01,Deposit,7843.04,Mobile App,Rent
2917,66428,2022-04-19,Transfer In,2822.83,Branch,Salary Credit
2918,90221,2022-01-18,Transfer In,11481.9,Branch,Rent
2919,48472,2025-10-26,Fee Debit,1767.89,UPI,Travel
2920,45907,2023-05-10,Transfer In,5655.21,Branch,Healthcare
2921,43498,2025-12-28,Withdrawal,7130.64,Mobile App,Groceries
2922,65513,2024-01-02,Deposit,8047.19,ATM,Rent
2923,66180,2018-11-05,Deposit,8652.26,ATM,Healthcare
2924,33037,2018-03-20,Transfer Out,175.02,Branch,Salary Credit
2925,87923,2023-02-23,Withdrawal,6488.62,Branch,Dining
2926,14357,2021-10-23,Deposit,3293.6,UPI,Shopping
2927,81664,2021-07-16,Fee Debit,2848.96,POS,Education
2928,3984,2022-08-31,Transfer Out,13899.05,UPI,Shopping
2929,28197,2020-06-14,Transfer In,5581.64,ATM,ATM Withdrawal
2930,50985,2023-09-07,Deposit,7541.86,Branch,Salary Credit
2931,1869,2022-12-17,Fee Debit,735.25,Branch,Salary Credit
2932,51815,2023-10-08,Deposit,6988.63,Mobile App,Insurance
2933,72842,2023-06-20,Withdrawal,3048.95,Mobile App,Shopping
2934,6115,2025-10-04,Deposit,10045.78,Branch,Rent
2935,80668,2019-09-20,Withdrawal,1048.82,Branch,Salary Credit
2936,59955,2018-12-22,Deposit,7795.73,Branch,Insurance
2937,16913,2020-08-10,Transfer In,1139.09,Online Banking,Insurance
2938,17083,2021-08-20,Deposit,9677.05,ATM,Groceries
2939,41683,2019-10-31,Transfer Out,1132.09,ATM,Salary Credit
2940,35632,2021-05-17,Transfer Out,4157.25,POS,Groceries
2941,41886,2019-05-10,Deposit,5625.84,ATM,Insurance
2942,73592,2019-07-19,Transfer Out,953.84,Branch,Fuel
2943,10962,2022-10-08,Transfer Out,2784.8,UPI,Fund Transfer
2944,58317,2023-01-23,Fee Debit,320.65,POS,Groceries
2945,70469,2022-03-22,Fee Debit,2339.98,ATM,ATM Withdrawal
2946,88849,2018-11-21,Withdrawal,19375.01,POS,Fund Transfer
2947,63298,2022-02-16,Transfer In,9369.24,Branch,Insurance
2948,38546,2024-07-11,Withdrawal,1745.06,Mobile App,Education
2949,52326,2018-05-07,Withdrawal,5163.46,POS,ATM Withdrawal
2950,51880,2024-12-03,Interest Credit,7136.9,Online Banking,Dining
2951,32140,2024-07-31,Transfer Out,2023.84,Branch,Utilities
2952,19400,2023-11-27,Interest Credit,2855.92,Mobile App,Fund Transfer
2953,54295,2023-10-12,Transfer In,6020.16,Mobile App,Fuel
2954,68798,2026-02-03,Withdrawal,1055.71,Mobile App,Fund Transfer
2955,19129,2021-09-07,Transfer In,7440.75,Online Banking,Utilities
2956,54118,2018-09-07,Withdrawal,1643.12,ATM,Rent
2957,69889,2020-07-06,Deposit,9994.54,POS,Entertainment
2958,51199,2023-01-28,Deposit,8270.26,ATM,Insurance
2959,60401,2026-05-22,Deposit,1546.65,ATM,Fund Transfer
2960,79822,2023-05-09,Fee Debit,9397.57,Mobile App,Salary Credit
2961,19938,2021-10-16,Transfer Out,209.25,UPI,Rent
2962,53075,2023-07-13,Transfer In,8517.28,Online Banking,Fund Transfer
2963,28953,2023-05-24,Transfer In,20656.82,Online Banking,Dining
2964,70133,2025-08-07,Deposit,15667.63,Branch,Fuel
2965,50065,2024-01-30,Deposit,9500.31,POS,Groceries
2966,77122,2025-01-20,Fee Debit,11760.45,Mobile App,Utilities
2967,28215,2023-02-09,Transfer In,6616.53,ATM,Dining
2968,79443,2024-04-10,Interest Credit,501.17,Online Banking,Fund Transfer
2969,33684,2024-10-06,Deposit,16041.61,Mobile App,Groceries
2970,258,2024-05-23,Deposit,5735.53,UPI,ATM Withdrawal
2971,75284,2022-10-12,Withdrawal,6371.01,ATM,Travel
2972,89224,2018-03-13,Transfer In,10901.04,Branch,Utilities
2973,28281,2019-10-06,Deposit,16377.32,Online Banking,Utilities
2974,28447,2025-04-12,Deposit,3021.17,ATM,Entertainment
2975,58038,2020-02-24,Transfer Out,11687.57,Branch,Healthcare
2976,36325,2024-05-17,Transfer In,8447.49,Mobile App,Travel
2977,44557,2023-01-05,Interest Credit,688.74,UPI,Travel
2978,29498,2023-07-06,Deposit,9500.84,POS,Travel
2979,53185,2020-05-18,Fee Debit,20278.44,Branch,Groceries
2980,68511,2025-10-27,Deposit,379.47,UPI,ATM Withdrawal
2981,94909,2019-04-26,Deposit,1608.04,Online Banking,Groceries
2982,83686,2019-08-15,Transfer In,9232.0,ATM,Dining
2983,6773,2024-02-16,Withdrawal,4045.56,ATM,Fund Transfer
2984,66787,2020-07-25,Withdrawal,18124.12,POS,Travel
2985,41997,2018-03-08,Transfer In,7626.29,ATM,Rent
2986,78867,2025-10-05,Withdrawal,21191.8,Branch,Dining
2987,67055,2020-10-02,Withdrawal,4884.24,UPI,Groceries
2988,388,2021-12-20,Withdrawal,14994.07,POS,Utilities
2989,53439,2025-12-07,Transfer Out,600.62,UPI,Insurance
2990,25988,2026-01-12,Transfer In,4497.97,ATM,Fund Transfer
2991,93573,2023-10-30,Deposit,26726.32,Branch,Dining
2992,92977,2023-04-30,Withdrawal,2218.77,Online Banking,ATM Withdrawal
2993,82130,2026-02-27,Transfer Out,979.4,Branch,Insurance
2994,94411,2021-08-02,Transfer Out,1824.29,POS,Salary Credit
2995,52935,2025-07-16,Transfer Out,3538.91,Branch,Dining
2996,72686,2019-06-09,Interest Credit,15231.31,ATM,Fuel
2997,82293,2021-11-24,Transfer In,1359.03,Online Banking,Fuel
2998,23220,2022-11-11,Transfer Out,8084.33,POS,Salary Credit
2999,4515,2020-01-23,Transfer Out,11611.16,UPI,Rent
3000,69572,2024-08-19,Deposit,1680.77,POS,Shopping
3001,68683,2019-07-20,Deposit,1492.74,UPI,Healthcare
3002,25223,2021-05-09,Withdrawal,2309.99,Branch,Entertainment
3003,94568,2019-11-21,Withdrawal,7269.63,ATM,Fund Transfer
3004,94165,2025-11-09,Transfer In,2901.1,POS,Fuel
3005,37761,2020-08-17,Withdrawal,1180.47,Branch,Utilities
3006,94247,2020-03-13,Deposit,1686.66,POS,Shopping
3007,3116,2023-10-10,Deposit,4579.42,Mobile App,Fuel
3008,8659,2023-08-05,Transfer Out,10893.7,Online Banking,Rent
3009,80423,2026-03-29,Interest Credit,1851.16,UPI,Education
3010,16911,2025-11-24,Transfer In,16601.44,Online Banking,Groceries
3011,26519,2025-07-25,Deposit,11679.07,POS,Fund Transfer
3012,56755,2024-08-22,Deposit,2375.29,Branch,Education
3013,88988,2023-07-09,Deposit,8563.9,ATM,Entertainment
3014,3720,2018-06-05,Interest Credit,2866.38,Mobile App,Utilities
3015,88888,2019-11-05,Deposit,561.12,UPI,Dining
3016,70994,2018-12-25,Deposit,1296.66,UPI,Travel
3017,65256,2020-11-30,Interest Credit,2250.98,POS,Education
3018,8123,2024-06-13,Deposit,24209.74,Online Banking,Education
3019,93355,2023-06-13,Withdrawal,949.81,Branch,Fund Transfer
3020,75084,2023-10-06,Deposit,9948.29,UPI,Salary Credit
3021,61308,2025-03-16,Withdrawal,3653.51,Mobile App,Education
3022,19357,2022-12-03,Deposit,5322.32,ATM,Insurance
3023,69773,2020-07-26,Transfer Out,9680.71,Online Banking,Education
3024,88288,2018-09-16,Deposit,10210.38,UPI,Education
3025,90176,2018-04-01,Withdrawal,2930.04,UPI,Education
3026,9279,2018-05-16,Withdrawal,5102.71,Online Banking,Travel
3027,17393,2020-05-31,Transfer In,8585.86,Mobile App,Education
3028,87759,2024-10-19,Deposit,7212.14,Mobile App,Groceries
3029,71307,2026-01-12,Withdrawal,184.02,UPI,Utilities
3030,12030,2022-05-09,Deposit,4886.31,ATM,Insurance
3031,935,2025-01-31,Deposit,3233.49,Online Banking,Utilities
3032,51214,2023-12-01,Transfer In,2826.79,POS,Fund Transfer
3033,91585,2022-01-10,Transfer In,3302.42,Branch,Dining
3034,74383,2026-04-08,Withdrawal,3102.82,ATM,Shopping
3035,14383,2019-07-22,Transfer In,10502.75,Mobile App,Utilities
3036,12074,2021-06-09,Interest Credit,14648.75,POS,Utilities
3037,30113,2023-05-29,Transfer In,415.11,Branch,ATM Withdrawal
3038,20203,2021-01-01,Deposit,2259.23,UPI,ATM Withdrawal
3039,10368,2020-02-09,Transfer In,1243.93,ATM,Travel
3040,46637,2024-08-13,Deposit,3854.71,Mobile App,Fuel
3041,58843,2019-10-20,Transfer Out,1620.62,Branch,Dining
3042,22481,2022-12-26,Withdrawal,5774.02,Mobile App,Travel
3043,23825,2022-02-16,Transfer In,1434.58,Online Banking,Fund Transfer
3044,46447,2024-11-18,Deposit,17644.5,Online Banking,Travel
3045,25352,2026-05-05,Interest Credit,12223.18,POS,Healthcare
3046,26816,2021-08-19,Withdrawal,1388.07,UPI,ATM Withdrawal
3047,56704,2022-01-26,Transfer In,2202.32,ATM,Rent
3048,15092,2018-08-27,Transfer Out,1251.34,Branch,Rent
3049,30999,2023-12-18,Interest Credit,11664.79,Branch,Salary Credit
3050,57208,2019-02-28,Withdrawal,1657.37,UPI,Dining
3051,63841,2022-02-07,Deposit,7560.75,UPI,Healthcare
3052,65901,2023-03-11,Fee Debit,10650.61,POS,Shopping
3053,61272,2018-04-26,Deposit,7429.87,Mobile App,Rent
3054,69529,2023-11-26,Fee Debit,1941.68,Mobile App,Fuel
3055,29676,2020-04-20,Withdrawal,1576.24,Mobile App,Entertainment
3056,54939,2019-06-06,Deposit,2203.82,Online Banking,Healthcare
3057,4829,2026-04-10,Transfer Out,6458.36,POS,Dining
3058,8514,2020-08-19,Transfer In,1421.12,Branch,Groceries
3059,25076,2018-06-08,Deposit,12556.41,Mobile App,Insurance
3060,72024,2025-05-04,Transfer Out,9308.95,Branch,Shopping
3061,40344,2026-04-06,Withdrawal,2300.06,ATM,Entertainment
3062,10174,2022-06-17,Withdrawal,2812.15,ATM,Groceries
3063,92197,2019-12-10,Deposit,13795.39,Mobile App,Rent
3064,7203,2020-10-31,Fee Debit,10982.78,Online Banking,Travel
3065,70015,2025-11-06,Interest Credit,97.17,Mobile App,Salary Credit
3066,92725,2019-12-15,Deposit,5126.77,Online Banking,Salary Credit
3067,69216,2021-04-09,Deposit,22838.73,Mobile App,Entertainment
3068,80828,2018-06-19,Transfer Out,11990.03,UPI,Rent
3069,33404,2026-01-09,Deposit,18798.13,Online Banking,Groceries
3070,29160,2023-02-10,Deposit,812.84,ATM,Salary Credit
3071,65733,2024-09-02,Deposit,13227.52,Mobile App,Groceries
3072,85080,2018-08-27,Withdrawal,4724.72,Branch,Fund Transfer
3073,83001,2021-10-01,Interest Credit,2124.68,Mobile App,Travel
3074,46002,2022-06-04,Fee Debit,13063.05,ATM,Rent
3075,30484,2022-03-21,Deposit,10379.39,Branch,Fund Transfer
3076,14964,2019-02-23,Withdrawal,7180.17,Branch,Insurance
3077,35305,2020-10-13,Transfer In,5242.05,Branch,Education
3078,87641,2019-06-26,Transfer Out,7964.17,UPI,Shopping
3079,53696,2022-01-06,Fee Debit,3304.98,Online Banking,Healthcare
3080,32345,2026-01-27,Fee Debit,5083.51,Online Banking,Healthcare
3081,93513,2024-10-26,Deposit,7010.24,Mobile App,Entertainment
3082,16721,2026-03-16,Withdrawal,8616.27,ATM,Groceries
3083,35825,2022-11-14,Withdrawal,1446.66,UPI,Fund Transfer
3084,43466,2022-08-17,Transfer Out,1817.55,UPI,Healthcare
3085,56160,2021-01-03,Transfer In,1871.18,ATM,Utilities
3086,44474,2023-08-08,Withdrawal,779.6,UPI,Shopping
3087,14426,2025-02-20,Transfer Out,6629.58,Branch,ATM Withdrawal
3088,78933,2024-11-15,Transfer Out,1004.07,ATM,Insurance
3089,75846,2020-04-24,Withdrawal,7247.4,Branch,ATM Withdrawal
3090,36013,2021-11-20,Interest Credit,17819.67,UPI,ATM Withdrawal
3091,19442,2022-06-07,Transfer In,9529.39,POS,Education
3092,73569,2023-08-20,Withdrawal,357.64,Branch,Healthcare
3093,25162,2020-04-30,Withdrawal,4362.11,Online Banking,Shopping
3094,91064,2019-06-04,Transfer Out,2508.51,POS,Travel
3095,22976,2024-12-01,Transfer In,25194.07,ATM,Dining
3096,57964,2019-04-03,Withdrawal,8625.84,Branch,Travel
3097,55641,2020-09-15,Withdrawal,3587.84,Mobile App,Travel
3098,6348,2018-11-23,Deposit,2431.72,ATM,Fund Transfer
3099,74274,2025-06-10,Transfer Out,22330.28,UPI,Travel
3100,55037,2019-05-18,Transfer Out,4565.39,Branch,Dining
3101,46124,2023-01-13,Interest Credit,320.82,Mobile App,Travel
3102,70561,2019-05-29,Deposit,1200.44,ATM,Dining
3103,35325,2024-08-18,Interest Credit,11336.24,Online Banking,Insurance
3104,64907,2019-11-08,Withdrawal,4320.11,ATM,Fuel
3105,55487,2021-02-06,Withdrawal,6976.9,Mobile App,Groceries
3106,35164,2024-11-06,Withdrawal,2262.81,UPI,Entertainment
3107,92899,2022-10-30,Transfer Out,352.65,Mobile App,Salary Credit
3108,45655,2025-10-16,Transfer In,21843.14,Online Banking,ATM Withdrawal
3109,86241,2023-10-30,Deposit,4394.34,POS,Healthcare
3110,14858,2023-03-02,Deposit,10527.01,Branch,Insurance
3111,59352,2022-08-24,Fee Debit,11869.93,Mobile App,Rent
3112,697,2019-10-28,Withdrawal,1961.77,Mobile App,Groceries
3113,23799,2026-04-01,Withdrawal,14059.52,Branch,Fund Transfer
3114,32134,2023-04-13,Transfer Out,12974.76,Branch,Utilities
3115,85605,2024-02-19,Deposit,2163.89,Branch,Utilities
3116,23662,2018-05-04,Withdrawal,3390.26,POS,Education
3117,61897,2025-04-03,Withdrawal,713.99,ATM,Dining
3118,23263,2019-08-15,Transfer In,7932.97,Online Banking,Insurance
3119,55539,2021-02-12,Transfer In,2486.34,UPI,ATM Withdrawal
3120,79554,2022-06-29,Transfer In,2746.92,Mobile App,Shopping
3121,87863,2026-05-25,Withdrawal,5259.3,UPI,Shopping
3122,56254,2019-10-29,Transfer In,67.24,Branch,Entertainment
3123,22065,2020-08-02,Transfer In,255.88,ATM,Travel
3124,23494,2021-06-27,Deposit,4588.24,ATM,Groceries
3125,49549,2020-05-24,Fee Debit,8116.31,UPI,Education
3126,20797,2019-05-03,Withdrawal,1752.09,Branch,Utilities
3127,82133,2025-12-25,Deposit,1824.12,Online Banking,Entertainment
3128,84357,2018-10-09,Transfer In,12391.28,Branch,Utilities
3129,70649,2024-05-24,Withdrawal,4963.68,Branch,Utilities
3130,15843,2023-08-19,Transfer In,2286.85,Mobile App,Education
3131,41061,2022-10-11,Fee Debit,5385.71,POS,Groceries
3132,82758,2025-01-25,Deposit,11688.29,Branch,Shopping
3133,71000,2022-02-17,Interest Credit,24465.84,Mobile App,Rent
3134,161,2024-09-13,Interest Credit,1765.92,POS,Fund Transfer
3135,87878,2020-07-07,Fee Debit,7342.89,POS,Salary Credit
3136,4751,2024-03-19,Deposit,1682.24,Online Banking,Shopping
3137,44048,2025-06-10,Withdrawal,18236.96,ATM,Shopping
3138,87827,2022-04-18,Withdrawal,1069.31,Online Banking,Groceries
3139,79319,2022-02-16,Deposit,1155.45,ATM,Insurance
3140,21740,2021-05-16,Deposit,1952.21,UPI,Groceries
3141,88444,2019-10-15,Transfer Out,24935.55,Online Banking,Education
3142,40663,2021-12-13,Transfer In,5745.31,UPI,ATM Withdrawal
3143,93589,2018-09-04,Interest Credit,27222.27,POS,ATM Withdrawal
3144,74410,2024-05-20,Withdrawal,8075.5,UPI,Fund Transfer
3145,31062,2021-04-19,Deposit,9010.88,Mobile App,Entertainment
3146,77329,2024-03-12,Deposit,18015.01,Mobile App,Fund Transfer
3147,35013,2026-04-12,Interest Credit,230.17,Online Banking,Fuel
3148,22641,2019-04-14,Deposit,465.64,Mobile App,Shopping
3149,83510,2024-05-22,Fee Debit,10644.94,Branch,Fuel
3150,44396,2021-04-08,Transfer Out,2952.71,ATM,Shopping
3151,56865,2024-08-25,Transfer In,2006.11,POS,Travel
3152,68855,2020-01-06,Transfer Out,11831.63,Mobile App,Shopping
3153,47601,2025-07-02,Transfer In,678.84,Mobile App,Healthcare
3154,43491,2026-04-23,Withdrawal,2262.79,Branch,Fuel
3155,69851,2022-12-31,Withdrawal,5611.21,UPI,Healthcare
3156,53347,2019-09-08,Deposit,1459.89,Mobile App,ATM Withdrawal
3157,49873,2020-09-11,Interest Credit,12641.25,POS,Entertainment
3158,82881,2021-02-17,Fee Debit,3120.32,Branch,Healthcare
3159,9001,2020-04-28,Deposit,105.95,POS,Fund Transfer
3160,82933,2018-10-17,Interest Credit,907.88,UPI,Rent
3161,82808,2026-05-08,Withdrawal,212.36,Branch,Salary Credit
3162,5201,2020-01-18,Interest Credit,5245.17,Branch,Utilities
3163,85969,2024-11-24,Transfer In,61.49,UPI,Entertainment
3164,48629,2025-03-18,Deposit,641.21,ATM,Travel
3165,89704,2020-10-07,Transfer Out,2662.23,Online Banking,Healthcare
3166,79186,2025-06-06,Transfer Out,1826.12,POS,Shopping
3167,13917,2024-06-07,Withdrawal,514.76,ATM,Travel
3168,32574,2019-07-02,Deposit,9258.2,ATM,Utilities
3169,86855,2023-01-25,Withdrawal,2106.42,Online Banking,Utilities
3170,37367,2025-11-05,Transfer In,11626.98,POS,Rent
3171,22014,2023-10-29,Transfer In,3253.58,Mobile App,Salary Credit
3172,6993,2023-09-04,Transfer Out,3986.16,POS,Healthcare
3173,7934,2023-06-22,Deposit,2144.5,POS,Utilities
3174,30853,2024-10-27,Deposit,955.16,UPI,ATM Withdrawal
3175,20627,2018-08-19,Deposit,12567.14,POS,Utilities
3176,67773,2025-03-27,Withdrawal,1121.58,Branch,Groceries
3177,23173,2019-02-09,Withdrawal,2071.91,Mobile App,Rent
3178,81072,2019-11-06,Deposit,189.63,Branch,ATM Withdrawal
3179,39751,2019-06-17,Interest Credit,1349.67,Branch,Salary Credit
3180,52147,2019-03-05,Deposit,5133.48,POS,Insurance
3181,75443,2018-12-05,Interest Credit,6262.65,UPI,Groceries
3182,34694,2021-08-15,Deposit,9698.49,Branch,Dining
3183,74520,2019-07-17,Transfer In,570.55,POS,Shopping
3184,57888,2024-01-26,Interest Credit,6211.97,POS,Entertainment
3185,84654,2025-08-08,Withdrawal,15956.1,Online Banking,Entertainment
3186,13018,2022-06-21,Withdrawal,1051.94,ATM,Groceries
3187,91400,2020-04-14,Withdrawal,686.04,ATM,Rent
3188,88804,2021-10-20,Transfer In,4938.26,ATM,Fund Transfer
3189,86757,2021-01-04,Withdrawal,4070.49,ATM,Fund Transfer
3190,52740,2022-03-25,Deposit,1229.16,UPI,Insurance
3191,2298,2020-05-21,Withdrawal,3122.69,UPI,Shopping
3192,50913,2018-12-08,Transfer Out,586.37,Online Banking,ATM Withdrawal
3193,4650,2024-08-06,Deposit,2300.47,Branch,ATM Withdrawal
3194,24003,2021-03-06,Withdrawal,3875.38,UPI,Entertainment
3195,93508,2018-08-30,Deposit,2064.85,Branch,Travel
3196,63849,2024-07-26,Deposit,2694.63,UPI,Salary Credit
3197,72067,2020-08-29,Interest Credit,385.75,Branch,Education
3198,55150,2023-04-03,Transfer Out,4967.36,Branch,Insurance
3199,61412,2025-08-05,Fee Debit,2131.09,ATM,ATM Withdrawal
3200,83777,2020-03-26,Withdrawal,4725.26,Mobile App,Travel
3201,83272,2022-12-18,Fee Debit,9751.85,Mobile App,Fund Transfer
3202,422,2020-01-06,Fee Debit,12097.86,UPI,Shopping
3203,54385,2023-02-18,Interest Credit,1476.62,Mobile App,Shopping
3204,19698,2021-09-09,Transfer Out,1242.77,ATM,Rent
3205,39060,2020-11-05,Withdrawal,6087.13,Online Banking,Salary Credit
3206,81877,2018-05-25,Transfer In,4390.84,Branch,Rent
3207,31959,2024-04-06,Transfer In,7331.93,POS,Entertainment
3208,91702,2019-05-26,Interest Credit,19857.69,Online Banking,Healthcare
3209,64585,2023-09-25,Transfer Out,4623.99,POS,Fuel
3210,91057,2022-04-14,Transfer In,12526.3,UPI,Dining
3211,18543,2022-01-19,Withdrawal,4324.4,POS,Insurance
3212,88793,2024-05-16,Deposit,5306.47,POS,Fuel
3213,17103,2018-07-31,Transfer In,1220.92,Branch,Healthcare
3214,94266,2025-07-25,Withdrawal,1775.47,Branch,Entertainment
3215,92022,2020-07-01,Fee Debit,7300.38,UPI,Healthcare
3216,29481,2019-01-07,Transfer In,8336.47,ATM,Fuel
3217,19563,2025-05-18,Withdrawal,1137.68,POS,Dining
3218,54422,2024-10-10,Transfer Out,4362.7,Online Banking,Rent
3219,22512,2018-03-30,Fee Debit,5642.35,UPI,Insurance
3220,94329,2025-03-27,Withdrawal,3598.35,Online Banking,Rent
3221,75304,2023-03-05,Fee Debit,1107.86,Branch,Healthcare
3222,45659,2020-02-23,Withdrawal,3006.21,ATM,Healthcare
3223,87859,2020-01-11,Fee Debit,6595.63,Branch,Fuel
3224,52691,2026-03-05,Withdrawal,5269.22,ATM,Education
3225,79875,2019-12-20,Transfer In,274.61,UPI,Utilities
3226,79158,2020-07-08,Transfer Out,4439.76,Branch,Healthcare
3227,86839,2022-04-07,Deposit,7829.39,POS,Travel
3228,31439,2024-01-02,Deposit,3115.98,Online Banking,Dining
3229,8496,2022-06-23,Withdrawal,1147.31,Mobile App,Salary Credit
3230,39225,2023-08-18,Withdrawal,3944.5,Online Banking,Shopping
3231,83682,2022-08-06,Transfer In,1740.69,Branch,Dining
3232,726,2024-08-12,Withdrawal,2134.02,UPI,Shopping
3233,61639,2020-04-16,Transfer Out,3654.47,POS,Utilities
3234,78942,2018-05-21,Deposit,6084.58,UPI,Fund Transfer
3235,27439,2023-06-06,Deposit,14027.38,Mobile App,Entertainment
3236,53959,2021-12-11,Withdrawal,5703.47,UPI,Travel
3237,71989,2020-10-02,Withdrawal,4338.3,Online Banking,Healthcare
3238,52527,2024-12-25,Deposit,5944.3,POS,Insurance
3239,31418,2025-04-26,Withdrawal,917.72,UPI,Healthcare
3240,67148,2023-04-25,Deposit,3433.96,Online Banking,Shopping
3241,18385,2022-05-19,Withdrawal,4204.92,POS,Insurance
3242,5615,2021-12-25,Deposit,2496.12,Online Banking,Salary Credit
3243,14150,2018-07-28,Transfer Out,13191.93,POS,Salary Credit
3244,19983,2023-06-23,Withdrawal,4804.02,Online Banking,Salary Credit
3245,26849,2020-11-27,Fee Debit,11364.18,ATM,Shopping
3246,35432,2024-04-22,Withdrawal,5276.92,ATM,Travel
3247,28677,2021-12-11,Fee Debit,13530.19,POS,Fund Transfer
3248,22069,2024-03-02,Fee Debit,1397.06,ATM,Healthcare
3249,36055,2018-07-17,Interest Credit,61.1,Branch,Shopping
3250,1864,2024-03-09,Withdrawal,18161.8,ATM,Shopping
3251,59813,2022-08-22,Deposit,6462.79,Mobile App,Groceries
3252,54437,2024-06-15,Deposit,1586.26,Online Banking,Fuel
3253,7488,2020-05-22,Deposit,3248.54,Mobile App,Fuel
3254,79827,2018-10-08,Withdrawal,5455.68,POS,Shopping
3255,75149,2018-03-02,Transfer Out,2207.71,Online Banking,Travel
3256,47530,2018-03-22,Interest Credit,779.65,Mobile App,Shopping
3257,19388,2026-03-21,Withdrawal,8894.66,Online Banking,Fund Transfer
3258,19681,2020-09-17,Deposit,2952.4,ATM,Education
3259,21938,2022-10-09,Withdrawal,780.01,ATM,Salary Credit
3260,62593,2021-12-03,Withdrawal,1046.15,Branch,Fuel
3261,83086,2019-05-11,Transfer In,311.75,Mobile App,Dining
3262,63815,2022-12-11,Withdrawal,5406.61,Branch,Healthcare
3263,34729,2025-02-17,Deposit,9411.32,ATM,Insurance
3264,84600,2023-06-12,Withdrawal,2501.38,UPI,Healthcare
3265,80225,2020-04-28,Transfer In,7508.98,ATM,Entertainment
3266,83099,2023-01-11,Transfer In,13876.51,Online Banking,Dining
3267,8569,2018-02-10,Fee Debit,9666.99,ATM,Travel
3268,6177,2019-04-14,Transfer In,8516.2,Online Banking,Shopping
3269,93153,2021-01-13,Transfer Out,8313.48,Online Banking,Travel
3270,29865,2024-02-19,Withdrawal,355.25,UPI,ATM Withdrawal
3271,74095,2022-08-28,Deposit,32107.7,UPI,Entertainment
3272,14507,2023-10-21,Interest Credit,1587.89,Online Banking,Salary Credit
3273,70606,2019-11-23,Withdrawal,2269.57,UPI,Fund Transfer
3274,76971,2018-03-20,Transfer In,5054.89,Mobile App,Fuel
3275,35133,2018-07-13,Deposit,2828.87,Mobile App,Healthcare
3276,66474,2019-12-12,Withdrawal,1762.0,ATM,Fund Transfer
3277,69586,2026-04-25,Deposit,5038.37,POS,Rent
3278,90418,2019-11-20,Withdrawal,11303.6,ATM,Entertainment
3279,60879,2022-10-01,Withdrawal,3947.66,Online Banking,Salary Credit
3280,32668,2022-01-11,Transfer In,4100.04,UPI,Salary Credit
3281,61497,2020-03-27,Fee Debit,16967.03,Mobile App,Insurance
3282,31516,2018-09-25,Withdrawal,5442.42,POS,Insurance
3283,22964,2019-10-10,Withdrawal,9236.84,Branch,Education
3284,67166,2020-12-08,Interest Credit,659.41,POS,Entertainment
3285,80381,2020-02-23,Transfer Out,1121.28,POS,Healthcare
3286,57816,2019-04-02,Withdrawal,4359.4,Online Banking,ATM Withdrawal
3287,91618,2018-12-20,Withdrawal,2224.69,Mobile App,Travel
3288,46483,2025-12-10,Fee Debit,515.01,UPI,Rent
3289,23927,2026-05-30,Transfer Out,8406.12,Mobile App,Insurance
3290,77254,2025-04-29,Transfer Out,13955.97,ATM,Healthcare
3291,70050,2023-05-20,Withdrawal,2644.31,POS,Healthcare
3292,3071,2021-07-17,Withdrawal,1985.98,Online Banking,Fund Transfer
3293,86207,2024-11-02,Withdrawal,2759.7,Branch,Rent
3294,5185,2018-10-13,Deposit,4291.58,ATM,Salary Credit
3295,34655,2026-05-12,Withdrawal,4251.1,Mobile App,Travel
3296,13875,2025-05-20,Deposit,410.67,Online Banking,Shopping
3297,33533,2019-06-11,Withdrawal,4714.48,Online Banking,Travel
3298,87221,2022-11-17,Deposit,6119.77,ATM,Shopping
3299,58426,2024-01-18,Transfer In,7939.06,Online Banking,Education
3300,67756,2020-10-04,Deposit,1767.95,Branch,Entertainment
3301,74431,2026-04-10,Withdrawal,828.82,UPI,Groceries
3302,55136,2025-11-03,Withdrawal,24276.59,UPI,Entertainment
3303,54770,2023-04-29,Withdrawal,8205.54,UPI,Fund Transfer
3304,59446,2023-07-07,Deposit,97.92,Branch,Groceries
3305,87181,2025-08-31,Transfer Out,848.72,Mobile App,Rent
3306,49789,2025-05-21,Deposit,687.03,Mobile App,Travel
3307,876,2025-08-25,Withdrawal,2281.39,Online Banking,Healthcare
3308,4141,2024-04-07,Withdrawal,899.34,UPI,Shopping
3309,52463,2022-07-01,Fee Debit,3433.37,POS,Groceries
3310,22111,2019-01-31,Transfer In,2092.91,POS,Salary Credit
3311,56602,2023-01-25,Withdrawal,3903.58,ATM,Healthcare
3312,62805,2025-04-29,Transfer In,2598.97,Branch,Fuel
3313,50239,2019-08-08,Fee Debit,11946.19,Online Banking,Insurance
3314,81153,2024-02-09,Interest Credit,1142.71,Mobile App,Insurance
3315,61353,2025-11-30,Deposit,12128.73,UPI,Travel
3316,5688,2024-03-03,Withdrawal,4397.94,ATM,Rent
3317,36889,2022-11-14,Transfer In,6022.79,Online Banking,Healthcare
3318,60476,2020-09-17,Deposit,5484.56,UPI,Healthcare
3319,89014,2018-10-10,Withdrawal,6179.78,UPI,Insurance
3320,34416,2023-01-11,Interest Credit,1353.39,UPI,Travel
3321,9664,2020-04-12,Withdrawal,97.97,Mobile App,Utilities
3322,57450,2022-06-04,Transfer Out,778.93,POS,Shopping
3323,82554,2018-08-26,Interest Credit,4565.38,Branch,Education
3324,73045,2019-05-02,Transfer In,12792.97,UPI,Utilities
3325,61188,2021-10-06,Withdrawal,6510.73,Online Banking,Fuel
3326,75242,2019-12-08,Withdrawal,74.35,UPI,Insurance
3327,72513,2020-10-13,Transfer Out,9975.66,Branch,Utilities
3328,9021,2019-11-28,Interest Credit,8580.22,Mobile App,ATM Withdrawal
3329,45828,2021-03-22,Transfer Out,6120.65,ATM,Shopping
3330,14857,2021-11-11,Transfer Out,3487.56,Mobile App,Rent
3331,66300,2019-03-09,Fee Debit,2481.54,UPI,ATM Withdrawal
3332,53758,2022-07-17,Fee Debit,11518.55,Branch,Insurance
3333,38472,2025-04-19,Withdrawal,17962.46,ATM,Rent
3334,58497,2020-04-12,Deposit,13217.09,Online Banking,Healthcare
3335,27769,2025-12-29,Interest Credit,9665.44,Online Banking,Entertainment
3336,16697,2021-01-09,Fee Debit,8914.1,UPI,Travel
3337,43437,2022-01-15,Fee Debit,8092.58,POS,Education
3338,17492,2018-07-24,Transfer Out,5556.69,UPI,Healthcare
3339,80161,2026-01-26,Interest Credit,2836.12,POS,Dining
3340,39888,2019-01-28,Withdrawal,9349.42,Mobile App,Rent
3341,49735,2025-06-12,Withdrawal,921.13,UPI,Entertainment
3342,91796,2021-01-19,Transfer Out,923.38,Branch,Insurance
3343,34179,2021-11-24,Deposit,3193.48,Branch,Entertainment
3344,10008,2020-04-01,Deposit,802.87,Mobile App,Fund Transfer
3345,84071,2020-01-23,Deposit,2351.07,POS,ATM Withdrawal
3346,58077,2022-03-26,Withdrawal,8045.22,Branch,Rent
3347,84857,2019-03-08,Interest Credit,1368.94,POS,Education
3348,77876,2025-12-19,Fee Debit,156.9,Branch,Insurance
3349,50561,2021-03-18,Deposit,9811.05,UPI,ATM Withdrawal
3350,56913,2019-07-05,Interest Credit,868.8,Online Banking,Entertainment
3351,59449,2018-04-09,Withdrawal,54.45,Branch,Dining
3352,91596,2026-06-29,Interest Credit,2286.23,UPI,Salary Credit
3353,29639,2026-04-03,Withdrawal,5356.54,Mobile App,Shopping
3354,91869,2018-11-23,Transfer Out,2034.28,Mobile App,Rent
3355,30558,2025-05-07,Transfer In,10104.69,POS,Insurance
3356,52270,2023-09-02,Withdrawal,2870.27,ATM,Fund Transfer
3357,22069,2026-01-10,Deposit,2641.02,Mobile App,Rent
3358,35335,2021-01-15,Transfer In,13048.41,POS,ATM Withdrawal
3359,44443,2024-11-26,Interest Credit,8485.5,Mobile App,Fund Transfer
3360,78439,2024-08-15,Transfer Out,140.82,POS,Groceries
3361,79394,2021-02-24,Deposit,578.75,POS,Insurance
3362,88222,2018-06-25,Interest Credit,3845.86,Mobile App,Travel
3363,65502,2026-03-07,Deposit,6598.32,Branch,Shopping
3364,31223,2018-01-13,Withdrawal,3515.78,Mobile App,Rent
3365,44019,2019-06-05,Withdrawal,5330.81,ATM,Rent
3366,46446,2021-02-22,Deposit,1344.22,Online Banking,Fuel
3367,11966,2022-12-07,Withdrawal,8335.33,UPI,Entertainment
3368,92002,2022-04-12,Deposit,478.6,ATM,Education
3369,80257,2021-09-11,Transfer In,6026.98,Mobile App,Insurance
3370,11261,2023-11-17,Interest Credit,154.2,Online Banking,Education
3371,15906,2019-03-14,Transfer In,1151.74,Branch,Healthcare
3372,80396,2022-07-16,Deposit,7405.95,POS,Salary Credit
3373,77492,2023-08-29,Fee Debit,621.36,UPI,Fund Transfer
3374,47539,2026-04-20,Withdrawal,11792.84,Mobile App,Entertainment
3375,20088,2026-04-09,Transfer In,21918.05,Branch,Fund Transfer
3376,71994,2020-03-07,Transfer In,1415.66,ATM,Utilities
3377,94600,2024-07-24,Withdrawal,756.63,Mobile App,Insurance
3378,79856,2020-04-22,Withdrawal,1931.58,Mobile App,Fund Transfer
3379,68194,2025-03-02,Interest Credit,16889.05,Mobile App,Education
3380,88197,2022-03-27,Fee Debit,1352.92,POS,ATM Withdrawal
3381,76192,2023-07-26,Deposit,6568.62,UPI,Insurance
3382,20347,2018-10-09,Withdrawal,15308.54,Online Banking,Education
3383,83707,2023-10-29,Withdrawal,1207.1,POS,Groceries
3384,67043,2018-05-14,Withdrawal,13601.81,Branch,Utilities
3385,56189,2025-05-08,Transfer Out,697.11,Branch,Travel
3386,88096,2025-10-03,Interest Credit,7641.76,Online Banking,Education
3387,41428,2023-09-17,Withdrawal,580.21,POS,Insurance
3388,33007,2018-01-09,Deposit,689.68,Branch,Entertainment
3389,288,2024-07-04,Fee Debit,13186.87,ATM,Healthcare
3390,5879,2022-02-16,Transfer Out,146.71,POS,Salary Credit
3391,60981,2020-06-06,Interest Credit,10167.11,UPI,Fuel
3392,88117,2021-07-31,Withdrawal,2807.8,POS,Entertainment
3393,48400,2018-10-15,Transfer In,12209.23,Online Banking,Groceries
3394,16539,2019-08-21,Deposit,1207.15,Mobile App,Rent
3395,27718,2023-09-27,Deposit,3645.41,UPI,Salary Credit
3396,80237,2024-12-12,Withdrawal,7628.42,Branch,Groceries
3397,24146,2024-06-02,Fee Debit,1591.3,ATM,Insurance
3398,85657,2024-03-18,Withdrawal,3114.43,UPI,ATM Withdrawal
3399,62599,2020-04-22,Withdrawal,2726.35,ATM,Healthcare
3400,34105,2022-06-07,Deposit,7578.1,POS,Travel
3401,78191,2023-06-17,Withdrawal,1884.86,ATM,Rent
3402,61268,2021-09-02,Deposit,5898.07,UPI,Shopping
3403,85813,2019-10-15,Interest Credit,15174.81,Branch,Education
3404,94168,2024-04-09,Transfer In,2992.15,POS,Travel
3405,86733,2025-03-27,Transfer In,9864.68,ATM,Salary Credit
3406,59942,2023-09-13,Withdrawal,10503.02,Mobile App,Healthcare
3407,12282,2022-12-02,Deposit,1919.27,ATM,Utilities
3408,41733,2024-03-30,Deposit,6696.96,Mobile App,Rent
3409,45322,2024-07-14,Withdrawal,6064.6,Mobile App,Healthcare
3410,43728,2022-05-12,Transfer Out,12396.25,POS,Fuel
3411,9146,2019-07-01,Deposit,434.97,POS,Shopping
3412,26838,2022-07-25,Deposit,4955.62,UPI,Rent
3413,53435,2026-04-02,Transfer Out,1471.02,Mobile App,Education
3414,73596,2019-10-31,Withdrawal,983.77,UPI,Travel
3415,94570,2020-06-27,Transfer Out,4743.4,Online Banking,Groceries
3416,89401,2022-12-01,Deposit,9360.03,ATM,Shopping
3417,83417,2026-02-10,Transfer Out,5076.13,Online Banking,Healthcare
3418,7112,2024-07-24,Fee Debit,1955.14,Online Banking,Groceries
3419,64633,2026-06-02,Withdrawal,1095.38,UPI,Travel
3420,11291,2019-10-22,Deposit,3072.06,UPI,Utilities
3421,72124,2024-12-08,Deposit,12872.75,Branch,Shopping
3422,38206,2023-01-11,Deposit,240.89,Online Banking,Healthcare
3423,80430,2018-07-29,Withdrawal,2228.31,Branch,Groceries
3424,92848,2021-02-21,Deposit,812.53,POS,Insurance
3425,57378,2024-12-08,Interest Credit,145.57,POS,Salary Credit
3426,15969,2021-01-24,Fee Debit,2656.98,POS,Dining
3427,25888,2020-08-08,Transfer Out,4659.76,Mobile App,Fund Transfer
3428,49554,2020-07-31,Withdrawal,3840.6,Online Banking,Dining
3429,49246,2026-05-10,Transfer In,1061.24,POS,Salary Credit
3430,44090,2021-09-24,Withdrawal,4775.39,UPI,Entertainment
3431,3584,2023-02-18,Transfer In,9270.65,Mobile App,ATM Withdrawal
3432,90248,2021-07-21,Transfer Out,29513.48,ATM,Fund Transfer
3433,88633,2025-06-01,Deposit,2043.51,Online Banking,Utilities
3434,8679,2021-02-06,Deposit,6708.05,Mobile App,Travel
3435,66459,2022-05-28,Deposit,9187.81,UPI,Salary Credit
3436,33245,2024-01-12,Transfer In,1948.58,Online Banking,Salary Credit
3437,15096,2024-07-11,Deposit,3308.41,Mobile App,Groceries
3438,35450,2024-07-23,Transfer In,5752.56,POS,Insurance
3439,11909,2019-04-08,Transfer Out,3838.75,Mobile App,ATM Withdrawal
3440,78948,2020-07-15,Deposit,2421.23,Online Banking,Insurance
3441,5728,2025-04-12,Withdrawal,4490.47,POS,Entertainment
3442,13412,2023-07-16,Withdrawal,9794.97,ATM,Fund Transfer
3443,2794,2021-04-13,Transfer In,844.72,ATM,Fuel
3444,20393,2020-01-30,Interest Credit,3234.78,Mobile App,Fuel
3445,60119,2025-10-08,Transfer Out,3067.56,ATM,Insurance
3446,16712,2025-06-06,Deposit,5176.79,UPI,Fuel
3447,26600,2020-03-14,Transfer In,8334.68,Online Banking,Salary Credit
3448,86340,2023-11-24,Deposit,1513.35,Online Banking,Salary Credit
3449,52661,2024-03-01,Transfer Out,3059.24,UPI,Education
3450,87685,2020-06-05,Withdrawal,3460.59,POS,Shopping
3451,87347,2023-04-15,Interest Credit,4646.64,Mobile App,Rent
3452,24500,2022-03-10,Withdrawal,6289.65,POS,Travel
3453,40438,2022-01-17,Withdrawal,2326.5,Online Banking,Fuel
3454,25543,2025-04-03,Deposit,1553.27,Online Banking,Dining
3455,89394,2026-02-19,Withdrawal,381.24,ATM,Rent
3456,51268,2018-02-12,Deposit,16154.45,UPI,Fund Transfer
3457,11010,2024-03-21,Deposit,2259.27,POS,Entertainment
3458,71856,2026-03-01,Deposit,1871.73,ATM,Shopping
3459,67978,2023-03-27,Deposit,435.73,Online Banking,ATM Withdrawal
3460,19507,2021-01-31,Deposit,1114.59,ATM,Education
3461,11529,2023-03-12,Transfer In,885.27,ATM,Fund Transfer
3462,42016,2024-03-28,Interest Credit,749.87,Branch,Dining
3463,39422,2024-06-30,Withdrawal,9613.73,POS,Travel
3464,93953,2018-02-03,Transfer In,1236.89,Branch,Travel
3465,70950,2024-09-11,Interest Credit,5190.53,Mobile App,ATM Withdrawal
3466,9936,2022-11-25,Interest Credit,11881.45,UPI,Fuel
3467,77521,2023-03-04,Withdrawal,366.57,UPI,Travel
3468,18552,2025-08-30,Fee Debit,2121.17,Branch,Salary Credit
3469,24367,2019-09-10,Withdrawal,432.05,UPI,Fuel
3470,25047,2018-07-13,Withdrawal,2166.65,UPI,ATM Withdrawal
3471,90259,2019-07-19,Withdrawal,6860.96,UPI,Fund Transfer
3472,62130,2019-07-26,Transfer Out,1560.27,POS,Fuel
3473,71409,2025-02-04,Interest Credit,1262.65,POS,Rent
3474,90800,2022-05-16,Interest Credit,10876.11,POS,Travel
3475,16826,2025-03-11,Withdrawal,836.99,POS,Travel
3476,92933,2018-11-10,Transfer In,362.89,Branch,Groceries
3477,56018,2019-09-27,Interest Credit,31377.53,UPI,Fund Transfer
3478,72351,2018-03-28,Transfer Out,4986.34,Branch,Shopping
3479,47718,2021-01-26,Interest Credit,19603.16,Branch,Travel
3480,30304,2021-12-10,Withdrawal,15366.65,ATM,Shopping
3481,80111,2020-11-10,Interest Credit,7748.2,Mobile App,Healthcare
3482,8869,2019-06-15,Transfer Out,1211.84,Online Banking,Fuel
3483,84026,2022-10-20,Transfer In,1587.89,Mobile App,Dining
3484,32944,2018-11-03,Fee Debit,11716.48,Branch,Dining
3485,41409,2019-06-19,Withdrawal,155.38,UPI,Insurance
3486,60315,2024-09-18,Withdrawal,1245.46,UPI,Salary Credit
3487,86815,2026-06-11,Deposit,9733.66,Mobile App,Fuel
3488,4649,2022-11-12,Deposit,11557.84,Mobile App,Dining
3489,65274,2024-10-15,Transfer Out,3040.4,UPI,Fuel
3490,92948,2021-12-17,Transfer Out,2037.47,POS,Groceries
3491,55492,2023-01-17,Deposit,7264.0,Branch,Entertainment
3492,77547,2025-05-22,Interest Credit,24562.18,ATM,Healthcare
3493,62988,2021-07-23,Deposit,1061.7,Mobile App,Groceries
3494,58477,2019-12-02,Transfer In,1937.27,Online Banking,Insurance
3495,3096,2020-07-01,Fee Debit,3104.78,Online Banking,Shopping
3496,53770,2022-07-10,Transfer In,1041.11,UPI,Fund Transfer
3497,82027,2019-04-14,Withdrawal,2905.06,Online Banking,Travel
3498,25999,2023-04-25,Deposit,263.15,UPI,Fund Transfer
3499,68170,2026-05-31,Fee Debit,4200.31,UPI,ATM Withdrawal
3500,49756,2019-11-12,Withdrawal,3838.98,Online Banking,Travel
3501,37332,2018-10-19,Transfer In,31037.37,UPI,Shopping
3502,24879,2018-10-09,Withdrawal,1017.12,Mobile App,Fuel
3503,4495,2018-06-23,Transfer In,10177.67,Mobile App,Salary Credit
3504,45145,2019-09-11,Withdrawal,1135.03,UPI,ATM Withdrawal
3505,37690,2019-04-20,Transfer Out,2806.46,ATM,Utilities
3506,90169,2019-02-07,Transfer Out,6985.65,Branch,Utilities
3507,63871,2019-01-23,Deposit,7732.03,UPI,Dining
3508,25790,2023-12-02,Transfer Out,3496.75,POS,Salary Credit
3509,30381,2018-07-19,Interest Credit,4232.74,Mobile App,Groceries
3510,37026,2023-04-01,Fee Debit,10140.81,Online Banking,Education
3511,11602,2023-02-13,Fee Debit,6141.84,Branch,Utilities
3512,27538,2019-10-16,Withdrawal,1666.15,Branch,Entertainment
3513,34162,2018-04-28,Deposit,1776.03,Branch,Dining
3514,86323,2020-12-12,Interest Credit,3796.24,UPI,Fuel
3515,26109,2025-12-26,Transfer Out,3589.57,Branch,Travel
3516,77245,2021-10-11,Transfer In,2464.81,UPI,Fuel
3517,94520,2019-04-02,Withdrawal,2535.72,UPI,Salary Credit
3518,78901,2019-03-02,Transfer Out,7215.07,Online Banking,Travel
3519,23245,2024-01-29,Transfer Out,4094.0,Mobile App,Travel
3520,15870,2021-12-20,Interest Credit,217.42,Branch,Entertainment
3521,6521,2023-08-09,Fee Debit,5713.86,ATM,Fund Transfer
3522,35354,2020-09-16,Interest Credit,7945.26,Online Banking,Utilities
3523,16927,2021-06-17,Transfer In,3271.58,Branch,Rent
3524,53910,2026-01-22,Transfer In,17748.95,UPI,Fuel
3525,74643,2021-02-11,Transfer Out,3340.24,Online Banking,Dining
3526,74060,2021-12-30,Withdrawal,5164.78,Branch,Utilities
3527,2516,2024-05-10,Deposit,4795.84,Branch,Shopping
3528,41284,2022-01-20,Transfer Out,6487.97,Mobile App,ATM Withdrawal
3529,52675,2023-06-05,Withdrawal,9938.12,Mobile App,ATM Withdrawal
3530,13915,2021-06-09,Transfer Out,9568.21,Mobile App,Shopping
3531,63084,2021-01-01,Interest Credit,4659.02,Branch,Groceries
3532,68666,2025-02-07,Transfer Out,1891.91,Online Banking,Education
3533,64006,2024-12-30,Transfer Out,691.33,UPI,Fund Transfer
3534,39986,2018-04-09,Deposit,214.89,UPI,ATM Withdrawal
3535,90861,2023-04-03,Deposit,18121.27,Branch,Salary Credit
3536,24121,2024-08-09,Deposit,7030.2,UPI,Shopping
3537,20033,2026-03-11,Interest Credit,870.26,Branch,Rent
3538,53037,2024-07-28,Deposit,5420.32,ATM,Shopping
3539,78206,2022-02-18,Transfer In,9629.06,Online Banking,Rent
3540,3346,2021-01-16,Transfer In,744.03,ATM,Rent
3541,91436,2019-04-18,Deposit,17958.53,UPI,Education
3542,70389,2026-02-02,Withdrawal,1053.07,UPI,Dining
3543,56751,2023-10-03,Interest Credit,1022.38,Online Banking,Rent
3544,93431,2023-10-12,Withdrawal,12089.99,ATM,Healthcare
3545,50513,2021-12-25,Fee Debit,3051.05,ATM,Dining
3546,24470,2019-04-24,Deposit,1014.44,UPI,Insurance
3547,14029,2020-09-27,Transfer Out,4509.38,POS,Rent
3548,19236,2018-04-29,Withdrawal,2250.24,POS,Shopping
3549,47675,2021-09-29,Fee Debit,1472.21,ATM,Dining
3550,28534,2024-06-25,Withdrawal,1246.66,POS,Travel
3551,47505,2019-09-27,Transfer Out,4151.15,POS,Fund Transfer
3552,13372,2019-02-02,Transfer Out,4858.96,ATM,Travel
3553,12456,2020-04-22,Withdrawal,5475.83,Online Banking,Groceries
3554,29458,2019-10-11,Withdrawal,3307.87,UPI,Healthcare
3555,11913,2018-02-17,Withdrawal,5014.73,Online Banking,Salary Credit
3556,39229,2023-05-16,Transfer In,2436.44,UPI,Insurance
3557,28917,2018-01-23,Deposit,10233.39,POS,Groceries
3558,79591,2021-04-06,Deposit,1682.63,Mobile App,Education
3559,13758,2018-08-08,Deposit,353.75,UPI,Shopping
3560,60474,2025-05-14,Withdrawal,12384.67,Mobile App,Education
3561,56288,2019-05-24,Transfer Out,2700.08,ATM,Insurance
3562,72418,2023-09-21,Deposit,9168.64,Branch,Dining
3563,77638,2024-06-03,Fee Debit,2342.74,UPI,Entertainment
3564,38193,2022-01-07,Withdrawal,8283.79,POS,Salary Credit
3565,82154,2021-09-14,Deposit,6188.21,Mobile App,Education
3566,78776,2021-09-21,Deposit,2124.37,Mobile App,ATM Withdrawal
3567,79120,2025-03-15,Withdrawal,1168.32,Online Banking,Groceries
3568,52374,2020-08-19,Deposit,3429.95,Online Banking,Entertainment
3569,24142,2021-03-05,Deposit,4823.6,Online Banking,Utilities
3570,91333,2019-10-14,Transfer Out,6245.49,Branch,Entertainment
3571,49755,2026-01-31,Deposit,6817.27,Branch,Rent
3572,36964,2025-12-24,Withdrawal,16844.62,ATM,ATM Withdrawal
3573,61733,2025-12-26,Withdrawal,10882.05,Branch,Shopping
3574,57739,2019-04-24,Withdrawal,5716.04,POS,Utilities
3575,85602,2020-03-22,Withdrawal,6939.44,POS,ATM Withdrawal
3576,59081,2022-10-03,Deposit,2009.35,ATM,Travel
3577,7925,2020-04-18,Fee Debit,9322.51,POS,Utilities
3578,65710,2021-11-30,Transfer Out,2902.05,POS,Healthcare
3579,4476,2025-06-30,Transfer In,1685.16,POS,Groceries
3580,92797,2025-09-09,Withdrawal,3445.06,Branch,Salary Credit
3581,34675,2021-12-26,Interest Credit,10431.02,ATM,Dining
3582,20253,2019-07-05,Withdrawal,3568.81,Mobile App,Fund Transfer
3583,77296,2021-05-06,Transfer Out,205.33,Mobile App,Travel
3584,87030,2021-10-12,Fee Debit,9642.68,Online Banking,Fund Transfer
3585,39388,2022-10-14,Withdrawal,9616.36,Branch,Healthcare
3586,32366,2020-04-03,Deposit,6422.03,POS,Shopping
3587,91786,2018-02-16,Deposit,639.21,Mobile App,Shopping
3588,62601,2018-10-07,Transfer Out,3242.35,POS,Fuel
3589,27946,2020-08-07,Transfer In,8780.18,Mobile App,Rent
3590,51574,2018-11-05,Deposit,1427.02,Online Banking,Insurance
3591,12925,2021-02-22,Transfer Out,2631.38,Branch,Fund Transfer
3592,82985,2019-08-07,Interest Credit,5760.72,ATM,Education
3593,7328,2021-01-11,Fee Debit,6761.63,Branch,Healthcare
3594,94395,2023-05-04,Fee Debit,12856.99,POS,Healthcare
3595,14327,2020-05-07,Transfer Out,4667.6,ATM,Healthcare
3596,59438,2020-03-07,Withdrawal,2601.73,Mobile App,Utilities
3597,25440,2024-12-07,Transfer In,1304.25,Branch,Insurance
3598,22682,2023-10-02,Transfer In,8749.47,UPI,Fund Transfer
3599,31898,2018-02-07,Interest Credit,2312.04,Online Banking,Education
3600,62509,2021-11-15,Transfer Out,14641.49,Online Banking,Rent
3601,80689,2021-05-21,Withdrawal,2966.18,UPI,Groceries
3602,80777,2023-12-29,Withdrawal,2107.28,ATM,Fund Transfer
3603,72568,2021-08-24,Deposit,93.33,ATM,Salary Credit
3604,48094,2025-01-01,Transfer In,1664.3,Mobile App,Dining
3605,34332,2018-08-11,Transfer In,1770.84,Online Banking,Healthcare
3606,52769,2024-12-05,Transfer Out,7948.45,Branch,Groceries
3607,35825,2025-02-15,Withdrawal,584.66,ATM,Travel
3608,17343,2024-03-22,Transfer Out,3853.17,POS,Fund Transfer
3609,47532,2026-03-23,Interest Credit,10230.3,Online Banking,Utilities
3610,53139,2018-09-03,Fee Debit,13901.83,POS,Fund Transfer
3611,51648,2020-04-12,Transfer In,3218.75,Online Banking,Salary Credit
3612,43682,2025-05-10,Transfer Out,6069.08,Mobile App,Travel
3613,57233,2021-01-16,Withdrawal,9332.76,UPI,Healthcare
3614,61248,2019-09-21,Deposit,88.65,UPI,Groceries
3615,94931,2020-08-02,Transfer Out,12808.37,POS,ATM Withdrawal
3616,36430,2026-06-29,Transfer Out,6364.39,Mobile App,Education
3617,45183,2022-09-18,Transfer Out,2506.83,UPI,Rent
3618,19746,2023-02-24,Transfer Out,11843.89,ATM,Education
3619,1440,2018-01-19,Withdrawal,8529.1,ATM,Rent
3620,59961,2021-07-22,Interest Credit,1406.79,UPI,Education
3621,48847,2024-03-29,Transfer Out,3748.29,UPI,Fund Transfer
3622,74724,2024-10-03,Transfer Out,13363.39,ATM,Groceries
3623,80322,2023-08-13,Withdrawal,9898.26,POS,Travel
3624,62817,2019-03-17,Withdrawal,390.27,POS,Groceries
3625,17402,2021-01-25,Transfer In,3794.96,ATM,Rent
3626,88084,2020-04-02,Transfer Out,497.38,ATM,Salary Credit
3627,5552,2021-03-14,Deposit,13911.19,Mobile App,ATM Withdrawal
3628,62479,2020-10-13,Deposit,1443.23,Branch,Utilities
3629,14949,2022-06-13,Deposit,6001.98,ATM,Fund Transfer
3630,34014,2025-04-23,Transfer Out,5845.52,POS,Utilities
3631,14788,2022-06-09,Transfer In,18751.01,UPI,Salary Credit
3632,16903,2023-05-14,Deposit,9489.86,Mobile App,Shopping
3633,52824,2024-10-26,Deposit,2383.1,Branch,Entertainment
3634,26543,2020-11-01,Deposit,119.82,Mobile App,Fuel
3635,2498,2019-01-06,Withdrawal,3386.32,Mobile App,Rent
3636,83875,2020-04-22,Transfer Out,961.45,UPI,Utilities
3637,26347,2019-12-22,Transfer In,8470.52,Online Banking,Salary Credit
3638,73610,2026-04-07,Interest Credit,19119.1,ATM,Rent
3639,7579,2025-01-18,Deposit,4234.37,Branch,Entertainment
3640,83654,2023-10-29,Withdrawal,11949.64,Online Banking,Groceries
3641,48179,2021-01-12,Deposit,9910.42,UPI,Fuel
3642,66836,2025-07-05,Interest Credit,2032.41,POS,Fund Transfer
3643,65465,2024-10-09,Withdrawal,1160.73,Branch,Shopping
3644,90195,2022-05-08,Withdrawal,1895.01,Branch,Fund Transfer
3645,87482,2023-03-12,Transfer Out,18549.89,UPI,Travel
3646,58232,2025-11-27,Fee Debit,11965.28,Branch,Dining
3647,21049,2022-08-15,Fee Debit,8632.12,Branch,Rent
3648,7965,2019-09-07,Deposit,10126.01,Mobile App,Salary Credit
3649,30857,2020-01-05,Deposit,1058.56,POS,Rent
3650,504,2018-06-19,Transfer In,470.76,Branch,Fund Transfer
3651,27876,2019-07-02,Interest Credit,671.37,ATM,Shopping
3652,47156,2020-03-11,Withdrawal,589.47,POS,Shopping
3653,71586,2022-12-07,Transfer In,3674.65,POS,Education
3654,50350,2019-01-23,Transfer In,1262.24,Branch,Healthcare
3655,62741,2022-10-24,Transfer Out,8208.41,POS,Dining
3656,7117,2025-03-08,Fee Debit,2915.95,Branch,Salary Credit
3657,42416,2024-03-19,Deposit,1097.24,Mobile App,Insurance
3658,21316,2022-06-22,Deposit,8999.91,ATM,Groceries
3659,36860,2021-11-29,Transfer Out,2408.42,Online Banking,Shopping
3660,43497,2018-10-20,Withdrawal,1277.3,Online Banking,Healthcare
3661,24425,2025-04-09,Withdrawal,1407.62,UPI,Travel
3662,66879,2020-03-10,Deposit,6782.87,ATM,Healthcare
3663,30693,2025-07-20,Transfer In,4398.86,Branch,Education
3664,94938,2025-10-25,Withdrawal,3557.03,Online Banking,Shopping
3665,91627,2021-04-01,Fee Debit,12144.79,Online Banking,Fuel
3666,62573,2019-09-27,Transfer In,15030.35,POS,Fuel
3667,75980,2020-09-17,Withdrawal,10713.53,Mobile App,Utilities
3668,17060,2025-05-31,Withdrawal,65.44,POS,Travel
3669,11792,2020-09-20,Interest Credit,17444.5,Branch,Dining
3670,34448,2019-09-25,Withdrawal,17432.35,Branch,Fund Transfer
3671,12360,2022-01-03,Fee Debit,3900.71,Branch,Dining
3672,43275,2023-02-22,Fee Debit,9064.44,ATM,Entertainment
3673,41532,2023-05-25,Fee Debit,17276.74,Online Banking,Utilities
3674,81695,2022-08-07,Withdrawal,147.99,Mobile App,Fund Transfer
3675,38383,2020-08-30,Deposit,1776.7,ATM,Insurance
3676,74148,2022-07-21,Transfer Out,10361.23,Mobile App,Fund Transfer
3677,72143,2019-08-30,Transfer Out,4159.92,UPI,Entertainment
3678,42457,2021-09-29,Withdrawal,10165.73,UPI,Healthcare
3679,93567,2026-06-23,Transfer In,13427.7,POS,Fuel
3680,58712,2022-12-03,Withdrawal,2029.3,Mobile App,Healthcare
3681,13796,2020-03-01,Deposit,3875.05,UPI,Groceries
3682,38325,2024-07-25,Transfer Out,11328.38,ATM,ATM Withdrawal
3683,3031,2022-08-19,Withdrawal,1684.15,ATM,Dining
3684,16574,2020-06-23,Withdrawal,6143.12,Online Banking,Insurance
3685,14190,2025-02-26,Deposit,8588.59,Online Banking,Rent
3686,66281,2024-02-05,Transfer In,10036.62,ATM,Healthcare
3687,28034,2019-05-04,Deposit,804.51,UPI,Travel
3688,7641,2020-04-14,Deposit,6980.5,Online Banking,Fuel
3689,30782,2022-10-27,Interest Credit,5391.46,POS,Groceries
3690,87059,2019-08-09,Transfer Out,9066.32,POS,Healthcare
3691,23446,2026-04-11,Deposit,794.35,Mobile App,Fund Transfer
3692,90592,2020-08-09,Fee Debit,3907.37,Mobile App,Travel
3693,50429,2023-11-20,Fee Debit,865.04,Branch,Groceries
3694,14182,2023-03-31,Deposit,2194.13,Mobile App,Travel
3695,75825,2018-12-23,Interest Credit,11397.56,ATM,Utilities
3696,60161,2018-05-16,Fee Debit,871.67,ATM,Healthcare
3697,92384,2022-05-03,Interest Credit,7100.95,Branch,Dining
3698,86182,2025-06-02,Withdrawal,3990.29,Mobile App,Shopping
3699,52623,2022-10-20,Withdrawal,2597.05,POS,Fund Transfer
3700,45635,2023-04-19,Interest Credit,1351.72,UPI,Rent
3701,41585,2019-12-03,Transfer Out,297.54,POS,Dining
3702,74583,2023-03-17,Deposit,2397.08,POS,Rent
3703,79748,2021-05-17,Deposit,12585.23,POS,Dining
3704,50749,2025-12-31,Withdrawal,7309.33,POS,Groceries
3705,13873,2025-07-02,Transfer In,4127.49,ATM,Salary Credit
3706,83023,2020-02-12,Interest Credit,3724.74,POS,Dining
3707,81489,2020-02-02,Withdrawal,11000.69,Online Banking,Utilities
3708,35374,2020-06-25,Withdrawal,694.65,Online Banking,Salary Credit
3709,6264,2020-06-21,Fee Debit,8921.49,UPI,Travel
3710,10300,2022-10-06,Deposit,3611.89,ATM,Healthcare
3711,69255,2023-08-24,Fee Debit,7257.2,POS,Salary Credit
3712,83678,2023-11-09,Fee Debit,9571.71,Mobile App,Insurance
3713,19656,2021-02-15,Transfer Out,11981.44,ATM,Fund Transfer
3714,80141,2019-01-15,Withdrawal,5010.89,Mobile App,Fuel
3715,75701,2019-02-24,Withdrawal,2110.68,POS,Dining
3716,74704,2022-07-22,Withdrawal,1898.25,Branch,Rent
3717,72539,2022-01-29,Withdrawal,4565.84,UPI,ATM Withdrawal
3718,31755,2022-08-31,Withdrawal,5862.85,Online Banking,Travel
3719,88753,2018-06-30,Deposit,4022.54,Branch,Groceries
3720,4518,2024-09-01,Fee Debit,425.89,Online Banking,Healthcare
3721,69507,2025-02-28,Withdrawal,1295.96,Branch,Education
3722,3448,2023-03-18,Withdrawal,6885.99,ATM,Travel
3723,90681,2023-04-03,Withdrawal,2070.27,Mobile App,Entertainment
3724,53652,2021-06-26,Interest Credit,1984.89,ATM,Education
3725,20646,2020-02-07,Withdrawal,1808.22,Branch,Fuel
3726,85178,2019-06-29,Transfer Out,6811.56,POS,Fuel
3727,20380,2022-04-02,Deposit,7743.84,Mobile App,Entertainment
3728,59708,2022-02-19,Deposit,4783.41,ATM,Travel
3729,58691,2020-12-29,Deposit,5136.87,Online Banking,Entertainment
3730,80719,2023-08-04,Transfer In,1229.27,POS,ATM Withdrawal
3731,78837,2023-03-12,Interest Credit,30600.49,Mobile App,Dining
3732,58322,2018-11-28,Transfer In,1061.91,UPI,Shopping
3733,89702,2021-10-18,Fee Debit,377.65,Online Banking,Salary Credit
3734,13239,2018-01-14,Transfer Out,2871.23,POS,Healthcare
3735,51136,2018-06-26,Transfer In,4850.34,Mobile App,Rent
3736,3996,2024-01-05,Fee Debit,8320.68,POS,Education
3737,23655,2020-03-02,Fee Debit,11512.0,ATM,Insurance
3738,42841,2025-11-02,Fee Debit,8084.35,UPI,Dining
3739,81663,2023-12-15,Transfer In,3539.24,Branch,Entertainment
3740,10602,2023-08-18,Deposit,1557.18,ATM,Entertainment
3741,21343,2019-10-11,Deposit,2805.05,UPI,Rent
3742,78687,2024-10-01,Transfer Out,16812.43,Branch,Entertainment
3743,69055,2026-06-05,Transfer In,829.9,Online Banking,Insurance
3744,58100,2021-03-28,Deposit,10279.36,UPI,Utilities
3745,80636,2021-03-08,Transfer In,4997.5,ATM,Healthcare
3746,16301,2018-02-25,Deposit,17995.01,POS,Insurance
3747,20441,2019-05-20,Withdrawal,5322.53,Branch,Shopping
3748,64964,2024-03-13,Transfer Out,2909.79,UPI,Salary Credit
3749,69796,2023-10-26,Withdrawal,11131.21,POS,Entertainment
3750,54309,2024-03-09,Transfer Out,8710.33,Mobile App,Entertainment
3751,55971,2026-03-06,Deposit,1157.16,Online Banking,Dining
3752,26032,2026-06-14,Withdrawal,12372.63,UPI,Shopping
3753,42523,2019-11-06,Withdrawal,3011.71,UPI,ATM Withdrawal
3754,32663,2018-04-28,Transfer In,6174.93,Online Banking,Healthcare
3755,71046,2019-05-24,Withdrawal,2579.93,Mobile App,Salary Credit
3756,94091,2025-04-14,Withdrawal,987.1,UPI,Travel
3757,89677,2024-03-05,Transfer In,2799.59,Mobile App,Rent
3758,25350,2020-07-20,Interest Credit,6239.26,Online Banking,Dining
3759,11619,2018-06-19,Withdrawal,4619.59,ATM,Dining
3760,7160,2021-10-01,Transfer Out,2131.77,UPI,Insurance
3761,46843,2023-07-10,Interest Credit,9167.17,POS,Entertainment
3762,86749,2022-12-22,Withdrawal,2286.02,Online Banking,Travel
3763,94062,2020-03-30,Withdrawal,1685.44,Mobile App,Groceries
3764,56318,2018-11-04,Transfer Out,11809.8,ATM,Rent
3765,65373,2021-05-20,Deposit,7503.82,UPI,Utilities
3766,61089,2021-07-26,Transfer In,549.82,Online Banking,Healthcare
3767,67165,2025-07-30,Deposit,18795.72,Mobile App,Groceries
3768,78481,2022-12-18,Transfer In,12141.26,Online Banking,Salary Credit
3769,6042,2021-10-30,Transfer Out,713.4,Online Banking,Rent
3770,14333,2021-02-02,Withdrawal,1107.07,UPI,Groceries
3771,35307,2023-02-08,Deposit,3868.24,ATM,Fuel
3772,71901,2018-01-26,Withdrawal,8149.84,Mobile App,Rent
3773,93721,2020-09-22,Interest Credit,387.85,UPI,Education
3774,32169,2022-04-27,Withdrawal,1273.31,POS,Dining
3775,94470,2019-11-21,Interest Credit,19340.48,Branch,ATM Withdrawal
3776,35038,2025-10-27,Transfer Out,8455.36,Mobile App,Entertainment
3777,76886,2022-07-07,Fee Debit,1718.37,UPI,Rent
3778,28527,2018-08-24,Withdrawal,7760.12,POS,Rent
3779,34154,2022-11-09,Fee Debit,18874.13,Branch,Entertainment
3780,80751,2019-06-18,Transfer Out,11166.22,POS,Education
3781,79273,2018-06-29,Interest Credit,2236.51,Mobile App,Education
3782,27967,2022-10-01,Interest Credit,744.23,Branch,Insurance
3783,30293,2025-05-01,Deposit,6105.01,Mobile App,Healthcare
3784,76940,2018-02-22,Transfer In,1760.4,Online Banking,Dining
3785,85917,2025-03-11,Withdrawal,5533.18,Branch,Fuel
3786,74311,2023-10-19,Interest Credit,7363.6,ATM,Entertainment
3787,31608,2025-01-01,Withdrawal,2964.33,ATM,ATM Withdrawal
3788,73891,2022-08-23,Deposit,3063.82,ATM,Insurance
3789,10612,2023-12-27,Transfer In,4771.87,Branch,Shopping
3790,66824,2018-03-21,Transfer Out,5246.25,ATM,Salary Credit
3791,30814,2020-06-16,Interest Credit,3042.81,UPI,Education
3792,4220,2020-01-27,Withdrawal,2427.69,Branch,Fuel
3793,6290,2018-09-06,Transfer Out,4000.78,Branch,Insurance
3794,10105,2018-04-04,Deposit,56.86,Mobile App,Salary Credit
3795,43469,2026-03-10,Withdrawal,7146.38,UPI,Fund Transfer
3796,38997,2026-06-16,Withdrawal,9084.75,POS,Fuel
3797,68903,2024-12-03,Fee Debit,958.65,Branch,ATM Withdrawal
3798,63944,2018-02-28,Interest Credit,3089.11,POS,Shopping
3799,50096,2024-02-23,Withdrawal,6432.18,Mobile App,Shopping
3800,57590,2018-08-03,Transfer Out,4484.47,UPI,Entertainment
3801,13912,2018-02-13,Deposit,4873.55,Branch,Dining
3802,69722,2023-06-25,Withdrawal,4851.34,Online Banking,Groceries
3803,58995,2024-05-08,Interest Credit,11384.32,POS,Entertainment
3804,93692,2023-01-11,Transfer In,361.59,UPI,Dining
3805,49892,2019-05-30,Transfer Out,1281.61,Online Banking,Shopping
3806,69061,2020-05-11,Deposit,4517.25,Branch,Entertainment
3807,68809,2019-04-18,Transfer Out,1218.55,POS,Rent
3808,52588,2021-05-31,Fee Debit,865.46,UPI,Rent
3809,47860,2018-03-28,Withdrawal,110.6,Online Banking,Insurance
3810,4431,2021-02-01,Withdrawal,785.15,Online Banking,ATM Withdrawal
3811,11134,2019-03-18,Transfer In,3516.57,Mobile App,Travel
3812,94450,2022-07-06,Withdrawal,14477.51,Mobile App,Education
3813,11275,2022-10-05,Transfer In,10568.38,POS,Dining
3814,64947,2025-09-20,Withdrawal,2004.67,ATM,Rent
3815,22356,2019-05-27,Interest Credit,936.6,UPI,Insurance
3816,40510,2018-07-17,Transfer Out,2287.04,ATM,Insurance
3817,36206,2025-06-03,Transfer Out,530.74,Branch,Rent
3818,33202,2018-08-27,Transfer Out,2266.68,POS,Dining
3819,35766,2024-06-07,Transfer In,8344.65,UPI,Travel
3820,70715,2021-03-18,Deposit,24133.58,UPI,Fuel
3821,56594,2024-08-14,Deposit,572.3,Mobile App,Education
3822,50127,2025-06-25,Deposit,2180.97,UPI,Salary Credit
3823,69214,2020-11-29,Transfer Out,5029.66,UPI,Education
3824,53272,2020-07-08,Transfer In,1493.89,Branch,Salary Credit
3825,63830,2021-08-09,Transfer In,5846.52,ATM,ATM Withdrawal
3826,27817,2022-08-13,Withdrawal,9135.78,ATM,Utilities
3827,68233,2019-06-24,Transfer In,8107.8,ATM,Healthcare
3828,62592,2021-10-06,Withdrawal,1500.55,Mobile App,Travel
3829,58293,2023-11-28,Withdrawal,2181.09,UPI,Groceries
3830,6562,2020-07-07,Withdrawal,5612.36,UPI,ATM Withdrawal
3831,49100,2020-01-08,Fee Debit,246.55,ATM,Salary Credit
3832,54711,2019-05-21,Transfer Out,5169.09,ATM,Insurance
3833,21431,2018-04-12,Deposit,4886.78,Mobile App,Fuel
3834,84768,2025-12-21,Deposit,5452.11,POS,Insurance
3835,57364,2021-11-10,Transfer Out,10354.29,Mobile App,Dining
3836,92544,2025-08-23,Transfer Out,16448.7,Branch,Salary Credit
3837,90419,2024-06-12,Withdrawal,10325.74,UPI,ATM Withdrawal
3838,6348,2023-08-17,Deposit,2523.89,Branch,Dining
3839,86918,2022-08-15,Deposit,6388.71,Online Banking,Travel
3840,25788,2018-04-23,Deposit,642.88,Branch,Travel
3841,30621,2018-06-06,Transfer Out,1096.9,POS,Shopping
3842,4187,2021-04-29,Transfer In,16687.09,ATM,Dining
3843,63399,2025-08-06,Withdrawal,220.61,Mobile App,Insurance
3844,26083,2019-02-14,Withdrawal,866.11,POS,ATM Withdrawal
3845,84679,2022-01-11,Withdrawal,1599.13,ATM,Fund Transfer
3846,26596,2019-07-27,Fee Debit,1114.6,Online Banking,Fuel
3847,43679,2024-09-30,Transfer In,13051.82,Mobile App,Healthcare
3848,6424,2021-07-04,Withdrawal,11966.87,UPI,Fuel
3849,66766,2024-11-14,Withdrawal,1440.81,POS,Entertainment
3850,84902,2021-03-24,Interest Credit,985.67,UPI,Salary Credit
3851,47190,2026-04-12,Withdrawal,3875.2,ATM,Fuel
3852,10757,2021-11-19,Interest Credit,9611.74,Online Banking,Shopping
3853,46638,2021-11-18,Deposit,5108.37,UPI,Utilities
3854,19861,2019-05-23,Interest Credit,11352.98,Online Banking,Groceries
3855,92507,2020-03-07,Deposit,3404.76,Mobile App,ATM Withdrawal
3856,73252,2020-03-24,Withdrawal,2446.68,Branch,Utilities
3857,33422,2023-11-07,Transfer Out,1155.8,Branch,Healthcare
3858,48059,2021-08-29,Withdrawal,22984.08,Online Banking,Insurance
3859,9611,2024-08-07,Withdrawal,528.25,POS,Utilities
3860,19007,2022-07-31,Interest Credit,1979.0,Branch,Entertainment
3861,70857,2019-04-11,Deposit,8548.16,POS,Fuel
3862,10128,2020-09-06,Deposit,3873.17,POS,Salary Credit
3863,30462,2020-09-21,Deposit,3162.48,Online Banking,Dining
3864,37446,2019-06-23,Deposit,18166.45,ATM,Fuel
3865,87134,2019-03-21,Interest Credit,2744.0,POS,Rent
3866,81223,2025-08-24,Transfer In,278.26,ATM,Salary Credit
3867,26662,2025-11-08,Deposit,2528.7,POS,Fund Transfer
3868,58702,2018-11-14,Transfer Out,3925.29,Mobile App,Fund Transfer
3869,44078,2024-11-26,Transfer Out,6477.7,UPI,Insurance
3870,45852,2024-08-21,Deposit,6630.93,ATM,Insurance
3871,90553,2022-09-25,Withdrawal,1167.29,ATM,Shopping
3872,40469,2019-12-07,Transfer In,1543.72,ATM,Utilities
3873,57618,2023-02-01,Withdrawal,14130.92,POS,ATM Withdrawal
3874,6071,2022-09-10,Fee Debit,17181.88,UPI,Insurance
3875,80100,2019-06-22,Withdrawal,2039.78,Branch,Rent
3876,48600,2021-02-28,Transfer Out,3620.15,POS,Shopping
3877,64702,2018-05-17,Withdrawal,1889.29,POS,Insurance
3878,30307,2024-07-14,Transfer Out,18201.17,POS,ATM Withdrawal
3879,14875,2024-09-29,Transfer In,1615.71,UPI,Healthcare
3880,32030,2019-07-20,Transfer Out,7677.93,UPI,Rent
3881,46586,2020-10-22,Fee Debit,8889.59,Mobile App,Entertainment
3882,39465,2023-08-28,Deposit,919.54,Branch,Travel
3883,90264,2026-04-27,Transfer Out,1980.28,Online Banking,ATM Withdrawal
3884,74358,2019-08-27,Transfer Out,5511.04,Mobile App,Salary Credit
3885,71136,2025-03-30,Deposit,3783.83,POS,Entertainment
3886,56088,2023-05-01,Withdrawal,1683.5,Online Banking,Salary Credit
3887,64147,2024-09-09,Withdrawal,16586.2,UPI,Fund Transfer
3888,61683,2018-11-22,Fee Debit,30026.36,ATM,Rent
3889,42167,2022-10-03,Deposit,10132.48,Mobile App,Entertainment
3890,33926,2018-02-16,Withdrawal,1714.17,ATM,Entertainment
3891,31962,2021-06-16,Fee Debit,1552.73,Mobile App,Salary Credit
3892,64597,2025-07-10,Transfer In,6488.47,UPI,Shopping
3893,66277,2021-11-08,Withdrawal,2165.47,Branch,Utilities
3894,31550,2018-05-07,Withdrawal,536.0,Online Banking,Insurance
3895,34849,2024-06-30,Fee Debit,1070.78,UPI,Fund Transfer
3896,71642,2019-07-21,Withdrawal,12866.09,POS,Fund Transfer
3897,55269,2024-08-01,Transfer Out,4578.82,UPI,Education
3898,53360,2025-10-12,Withdrawal,14462.57,ATM,Groceries
3899,16938,2019-12-19,Deposit,6716.95,Online Banking,Education
3900,39049,2020-02-07,Deposit,1663.47,Online Banking,Shopping
3901,74942,2018-03-18,Transfer In,13843.02,Branch,Education
3902,40426,2018-12-23,Transfer Out,1927.83,POS,Rent
3903,45561,2020-12-26,Transfer Out,5260.29,UPI,ATM Withdrawal
3904,48633,2021-08-18,Deposit,21294.96,POS,Healthcare
3905,44538,2021-01-24,Transfer Out,9280.89,POS,Groceries
3906,55526,2020-12-16,Withdrawal,922.1,UPI,Education
3907,50058,2021-10-27,Withdrawal,8876.48,Mobile App,Salary Credit
3908,75925,2026-02-14,Withdrawal,19710.12,ATM,Utilities
3909,3236,2024-02-24,Deposit,30367.29,POS,Rent
3910,30029,2024-08-27,Fee Debit,10239.69,Branch,Shopping
3911,90838,2021-12-16,Withdrawal,2598.05,POS,Travel
3912,52557,2025-06-07,Deposit,7410.34,UPI,Fund Transfer
3913,31478,2023-12-13,Deposit,185.21,POS,Fund Transfer
3914,34449,2024-10-25,Transfer In,4361.26,UPI,Education
3915,65303,2020-11-05,Deposit,9980.74,Mobile App,Insurance
3916,89314,2025-06-19,Withdrawal,6197.48,ATM,Rent
3917,53486,2023-05-20,Deposit,1521.39,Mobile App,Shopping
3918,29135,2021-06-29,Transfer Out,4630.79,Online Banking,Shopping
3919,82180,2018-01-05,Transfer Out,4130.23,ATM,Groceries
3920,24416,2021-08-12,Deposit,2375.63,Branch,ATM Withdrawal
3921,30352,2018-10-12,Fee Debit,520.18,ATM,Salary Credit
3922,7761,2025-01-18,Withdrawal,3826.0,ATM,Fund Transfer
3923,45029,2025-11-30,Withdrawal,1054.14,POS,Insurance
3924,50517,2025-05-19,Withdrawal,1931.82,ATM,Salary Credit
3925,20691,2019-12-17,Withdrawal,388.76,POS,Rent
3926,83253,2020-12-03,Transfer Out,562.27,ATM,Utilities
3927,14337,2022-10-31,Withdrawal,6955.2,ATM,Insurance
3928,86827,2023-04-24,Interest Credit,5211.65,ATM,Healthcare
3929,239,2021-12-27,Fee Debit,980.8,Branch,Utilities
3930,22275,2024-06-23,Deposit,709.47,UPI,Salary Credit
3931,81172,2018-05-18,Deposit,10723.58,Branch,Travel
3932,54191,2019-05-12,Transfer Out,9528.18,Online Banking,Dining
3933,28087,2019-05-11,Deposit,5486.97,Mobile App,Insurance
3934,49730,2022-09-10,Deposit,2501.85,POS,ATM Withdrawal
3935,15092,2025-09-17,Fee Debit,1198.53,ATM,Insurance
3936,8284,2025-03-17,Transfer Out,1577.58,UPI,Shopping
3937,68604,2026-05-26,Deposit,739.41,ATM,Insurance
3938,63298,2019-02-03,Transfer Out,28997.25,ATM,ATM Withdrawal
3939,68779,2023-12-09,Interest Credit,22922.05,Online Banking,Travel
3940,51108,2023-06-21,Withdrawal,7589.15,Branch,Rent
3941,37257,2019-12-12,Deposit,8714.94,UPI,Dining
3942,245,2022-10-06,Interest Credit,11511.9,Mobile App,Dining
3943,24725,2025-02-05,Deposit,15862.55,Branch,Fund Transfer
3944,3008,2024-09-09,Transfer Out,6075.93,UPI,Fuel
3945,90324,2025-09-17,Withdrawal,2844.3,POS,Fuel
3946,84341,2021-01-01,Deposit,7272.88,POS,Fuel
3947,57504,2025-12-12,Transfer In,3121.18,Online Banking,Healthcare
3948,40935,2026-06-03,Withdrawal,1462.03,ATM,Education
3949,88578,2018-11-09,Transfer Out,3038.67,Branch,Shopping
3950,12013,2025-04-10,Transfer Out,4813.8,POS,Fuel
3951,6464,2020-04-26,Withdrawal,6867.18,Branch,Shopping
3952,27790,2020-12-21,Interest Credit,2834.6,UPI,Salary Credit
3953,40346,2019-01-05,Transfer In,3922.22,Mobile App,Insurance
3954,15485,2024-05-22,Transfer In,23150.09,POS,ATM Withdrawal
3955,90656,2018-05-14,Fee Debit,3424.7,UPI,Insurance
3956,90003,2019-08-14,Withdrawal,6657.19,UPI,Dining
3957,56247,2023-12-17,Deposit,3042.69,Online Banking,ATM Withdrawal
3958,67097,2020-03-08,Deposit,932.48,Online Banking,Healthcare
3959,58525,2023-10-26,Deposit,7759.11,UPI,Rent
3960,44000,2025-09-01,Deposit,3706.25,Online Banking,Education
3961,67891,2021-04-30,Transfer Out,7762.03,UPI,Shopping
3962,52359,2020-12-26,Withdrawal,1414.64,POS,Fuel
3963,21044,2022-05-18,Interest Credit,16954.4,POS,Healthcare
3964,16672,2018-03-11,Withdrawal,887.77,POS,Utilities
3965,61739,2019-06-13,Fee Debit,4009.22,Mobile App,Fund Transfer
3966,50064,2023-10-24,Deposit,6238.46,Online Banking,Utilities
3967,79329,2020-04-12,Fee Debit,16972.77,Mobile App,Education
3968,42868,2026-05-12,Deposit,4564.93,Branch,Shopping
3969,72949,2022-04-12,Transfer Out,15518.54,Branch,Entertainment
3970,44182,2025-06-21,Fee Debit,1678.3,POS,Entertainment
3971,48760,2022-11-01,Interest Credit,8352.38,Mobile App,Education
3972,16264,2025-04-29,Withdrawal,6548.8,Online Banking,Groceries
3973,2438,2020-03-04,Deposit,18595.78,POS,ATM Withdrawal
3974,61722,2021-06-12,Withdrawal,3144.87,Mobile App,Entertainment
3975,80621,2022-08-06,Interest Credit,12430.17,Branch,Salary Credit
3976,3832,2021-01-28,Fee Debit,5922.17,Online Banking,Fund Transfer
3977,46367,2019-05-07,Deposit,12148.2,Branch,Education
3978,42291,2025-05-15,Deposit,10651.96,ATM,Groceries
3979,73999,2018-12-02,Deposit,4202.56,Mobile App,Fuel
3980,8978,2022-02-22,Withdrawal,6858.22,Online Banking,Entertainment
3981,71769,2024-07-02,Transfer Out,903.96,POS,Fuel
3982,17963,2022-02-18,Transfer Out,3755.0,Branch,Healthcare
3983,76998,2021-01-05,Deposit,12026.81,Online Banking,Education
3984,84774,2022-12-06,Transfer Out,595.71,Mobile App,Salary Credit
3985,32831,2021-10-23,Interest Credit,7101.51,ATM,Shopping
3986,35329,2025-03-06,Deposit,12053.29,Online Banking,Travel
3987,7256,2018-02-02,Deposit,11169.49,Mobile App,Shopping
3988,8862,2026-02-14,Withdrawal,1543.57,Mobile App,Fuel
3989,58591,2025-05-20,Deposit,11808.84,Online Banking,Healthcare
3990,11924,2022-08-23,Deposit,860.19,UPI,Fund Transfer
3991,15055,2022-10-16,Withdrawal,955.02,ATM,Insurance
3992,60629,2019-09-21,Fee Debit,2047.2,Branch,Rent
3993,59366,2019-06-20,Withdrawal,2960.21,Online Banking,Education
3994,42972,2025-08-16,Withdrawal,8036.92,Online Banking,Fuel
3995,94175,2024-03-11,Interest Credit,7181.0,POS,Groceries
3996,8895,2022-12-31,Deposit,1219.22,Mobile App,Shopping
3997,83242,2018-09-05,Interest Credit,5500.59,UPI,Entertainment
3998,51903,2024-12-08,Withdrawal,6004.1,Branch,Dining
3999,21720,2021-05-13,Transfer Out,920.98,UPI,Utilities
4000,60590,2026-02-25,Fee Debit,12629.85,Mobile App,Education
4001,5862,2018-03-08,Withdrawal,3520.52,Online Banking,ATM Withdrawal
4002,4106,2019-08-12,Fee Debit,6357.97,Branch,ATM Withdrawal
4003,90662,2024-04-18,Deposit,515.06,Online Banking,Insurance
4004,64667,2021-01-24,Withdrawal,6801.75,POS,Salary Credit
4005,54859,2023-09-12,Deposit,2105.49,Online Banking,Fuel
4006,56585,2022-08-25,Deposit,314.37,ATM,Utilities
4007,3497,2021-11-28,Fee Debit,603.89,ATM,Shopping
4008,52759,2018-12-02,Transfer In,490.33,POS,Dining
4009,65303,2025-03-25,Interest Credit,1346.81,Mobile App,Travel
4010,10737,2023-05-14,Deposit,7396.81,Branch,Fund Transfer
4011,11695,2025-01-25,Transfer In,5800.89,Mobile App,Utilities
4012,94501,2026-05-04,Deposit,6186.46,POS,Healthcare
4013,82711,2019-04-29,Withdrawal,4919.62,UPI,Fuel
4014,62083,2023-03-26,Interest Credit,3171.6,Online Banking,Education
4015,7301,2022-03-29,Withdrawal,8920.81,Mobile App,Insurance
4016,51929,2024-10-02,Deposit,3179.85,UPI,Fund Transfer
4017,91600,2025-02-13,Withdrawal,10350.63,Online Banking,Travel
4018,14607,2024-08-09,Transfer Out,694.25,Branch,Rent
4019,29733,2018-12-16,Withdrawal,7116.22,UPI,Shopping
4020,21379,2023-11-22,Transfer In,2451.33,POS,Groceries
4021,55008,2020-07-03,Withdrawal,18073.48,Branch,Travel
4022,74887,2025-06-06,Interest Credit,6635.84,ATM,Shopping
4023,25402,2021-12-14,Transfer In,6501.18,Branch,Entertainment
4024,20325,2025-02-26,Deposit,8142.89,UPI,Dining
4025,46522,2021-12-17,Deposit,1004.87,ATM,Dining
4026,6036,2020-12-17,Transfer In,1909.64,Mobile App,Fund Transfer
4027,67791,2019-10-13,Deposit,2647.17,Branch,Fuel
4028,24562,2022-08-15,Transfer Out,7108.91,POS,Dining
4029,33387,2019-06-11,Deposit,12796.2,ATM,Dining
4030,86615,2025-09-03,Deposit,5689.91,ATM,Insurance
4031,83431,2021-07-29,Transfer In,17226.49,ATM,Fund Transfer
4032,68243,2024-01-19,Transfer In,557.81,POS,Insurance
4033,81790,2024-06-08,Fee Debit,8927.97,ATM,Dining
4034,11888,2024-07-26,Fee Debit,424.37,UPI,Dining
4035,34979,2019-07-17,Transfer In,2934.86,Online Banking,Groceries
4036,17038,2023-10-22,Transfer In,30472.58,POS,Fund Transfer
4037,4345,2022-05-15,Deposit,12590.12,UPI,Travel
4038,93033,2019-11-04,Fee Debit,7179.52,Mobile App,Shopping
4039,89194,2019-01-20,Transfer Out,4766.85,Online Banking,ATM Withdrawal
4040,50568,2022-06-11,Transfer Out,1879.64,ATM,Salary Credit
4041,38464,2024-11-18,Deposit,250.89,UPI,ATM Withdrawal
4042,65141,2021-05-22,Withdrawal,16015.09,ATM,Salary Credit
4043,44846,2024-05-14,Transfer Out,6447.8,UPI,Fuel
4044,87044,2019-06-11,Deposit,7933.48,UPI,ATM Withdrawal
4045,74132,2022-04-26,Deposit,10159.82,Branch,Salary Credit
4046,64213,2019-01-23,Deposit,1817.14,ATM,Insurance
4047,75756,2025-07-15,Deposit,4446.64,Branch,Healthcare
4048,44418,2019-05-30,Transfer Out,876.69,UPI,Travel
4049,15835,2021-11-20,Withdrawal,9879.54,ATM,Dining
4050,2246,2018-04-06,Withdrawal,3793.86,Branch,ATM Withdrawal
4051,89388,2024-07-13,Transfer In,6513.74,POS,Travel
4052,15819,2022-02-06,Transfer In,354.1,POS,Fuel
4053,13800,2024-06-24,Deposit,5125.88,Online Banking,Dining
4054,75408,2024-05-03,Interest Credit,330.48,UPI,Entertainment
4055,86945,2022-04-30,Deposit,5742.04,Online Banking,Groceries
4056,40774,2025-05-25,Transfer Out,2271.51,Mobile App,Rent
4057,64175,2026-06-10,Fee Debit,3748.88,Mobile App,Insurance
4058,16170,2020-02-29,Deposit,1883.1,POS,Utilities
4059,59304,2026-06-03,Transfer In,688.58,Online Banking,Fuel
4060,87749,2020-11-17,Transfer In,6788.45,POS,Entertainment
4061,77666,2019-02-27,Deposit,1446.28,UPI,Fuel
4062,48194,2023-04-08,Deposit,2853.0,ATM,Dining
4063,22948,2021-12-09,Deposit,21585.45,Branch,Dining
4064,489,2022-09-20,Withdrawal,3979.82,ATM,Travel
4065,60567,2018-06-17,Interest Credit,16879.59,Branch,ATM Withdrawal
4066,7336,2022-09-19,Deposit,3204.71,Mobile App,Rent
4067,90753,2018-08-09,Withdrawal,1521.88,Online Banking,Insurance
4068,90427,2020-01-08,Deposit,2018.4,Branch,Education
4069,39229,2020-02-01,Transfer Out,6974.34,Mobile App,Dining
4070,16989,2024-11-16,Withdrawal,11695.29,POS,Travel
4071,19836,2018-01-02,Deposit,2600.83,POS,Shopping
4072,34143,2021-05-14,Deposit,5193.93,Branch,Dining
4073,57122,2024-11-03,Fee Debit,4653.45,POS,ATM Withdrawal
4074,72312,2020-05-16,Transfer Out,90.99,Mobile App,Entertainment
4075,72224,2018-12-27,Withdrawal,27800.59,Mobile App,Groceries
4076,65375,2025-07-01,Deposit,384.04,ATM,Salary Credit
4077,5483,2022-05-11,Deposit,1149.82,Online Banking,Salary Credit
4078,8757,2026-04-20,Deposit,7896.2,POS,ATM Withdrawal
4079,26931,2020-03-07,Withdrawal,1304.08,UPI,Groceries
4080,9231,2021-07-04,Transfer In,8331.63,ATM,Fund Transfer
4081,93443,2020-02-29,Fee Debit,10836.34,Mobile App,Shopping
4082,72806,2026-04-09,Withdrawal,1787.75,UPI,Entertainment
4083,64504,2018-09-20,Withdrawal,1206.0,Online Banking,Utilities
4084,92072,2019-03-16,Transfer Out,22522.69,ATM,Groceries
4085,52772,2023-01-24,Transfer In,7107.96,ATM,Salary Credit
4086,48990,2019-11-27,Deposit,3986.13,ATM,Fund Transfer
4087,86903,2026-05-01,Fee Debit,4940.72,POS,Dining
4088,45043,2025-11-05,Withdrawal,1066.43,POS,Insurance
4089,39021,2020-10-09,Deposit,640.39,Online Banking,Education
4090,34193,2020-11-08,Interest Credit,4858.48,Branch,Salary Credit
4091,43665,2019-03-28,Transfer Out,19076.22,POS,Fuel
4092,45636,2021-03-23,Deposit,16487.5,Online Banking,Salary Credit
4093,54872,2020-12-13,Transfer In,1652.46,Mobile App,Education
4094,51842,2018-12-22,Deposit,806.49,UPI,Shopping
4095,46599,2020-02-26,Withdrawal,18891.53,UPI,Travel
4096,94834,2019-01-17,Transfer In,14749.96,UPI,Groceries
4097,91523,2024-08-13,Deposit,29655.26,Online Banking,Travel
4098,32136,2019-08-15,Transfer Out,13530.33,POS,Salary Credit
4099,90562,2020-08-30,Withdrawal,4087.15,ATM,Fund Transfer
4100,6137,2025-01-02,Withdrawal,2331.55,Mobile App,Travel
4101,71823,2021-08-28,Withdrawal,8570.59,Mobile App,Salary Credit
4102,10909,2020-01-13,Deposit,414.26,Branch,Education
4103,56610,2021-05-07,Withdrawal,1845.03,POS,Rent
4104,55950,2024-10-06,Deposit,974.89,ATM,Salary Credit
4105,20633,2019-09-08,Interest Credit,665.15,Online Banking,Utilities
4106,26316,2019-10-01,Withdrawal,2234.16,Online Banking,Entertainment
4107,235,2020-11-25,Deposit,488.33,POS,Rent
4108,34599,2019-12-11,Deposit,97.79,Branch,Dining
4109,3338,2021-04-23,Withdrawal,3258.33,Online Banking,Healthcare
4110,78141,2018-05-20,Transfer Out,2934.2,Online Banking,Dining
4111,8345,2023-10-07,Withdrawal,5277.0,UPI,Insurance
4112,85270,2018-08-23,Withdrawal,5441.79,UPI,Education
4113,23358,2019-07-25,Deposit,8103.2,POS,Shopping
4114,92657,2021-04-29,Withdrawal,859.34,Mobile App,ATM Withdrawal
4115,3648,2026-05-24,Deposit,4866.62,Branch,ATM Withdrawal
4116,92208,2024-05-09,Interest Credit,12771.45,POS,Insurance
4117,12996,2020-12-16,Transfer In,14920.89,UPI,Fund Transfer
4118,92438,2022-06-12,Fee Debit,1632.6,POS,Fund Transfer
4119,92972,2021-09-16,Fee Debit,8030.72,Mobile App,Education
4120,17677,2020-07-31,Fee Debit,825.63,Online Banking,Travel
4121,42011,2018-12-14,Transfer In,7127.35,UPI,Salary Credit
4122,21279,2019-02-17,Transfer In,370.56,Branch,Rent
4123,9666,2023-02-16,Fee Debit,1146.39,Mobile App,Travel
4124,57868,2021-05-17,Withdrawal,4349.54,UPI,Salary Credit
4125,59329,2023-03-20,Withdrawal,6755.48,ATM,Travel
4126,41216,2021-01-10,Fee Debit,13374.77,ATM,Healthcare
4127,51045,2022-09-07,Transfer Out,2752.58,POS,Groceries
4128,34275,2023-08-12,Transfer In,7847.02,Online Banking,Groceries
4129,58458,2019-12-07,Transfer In,10181.9,Online Banking,Salary Credit
4130,76733,2022-01-25,Transfer In,901.35,Branch,Salary Credit
4131,22901,2020-10-10,Withdrawal,164.14,Online Banking,Groceries
4132,87087,2023-04-15,Transfer In,15175.01,UPI,Insurance
4133,25755,2018-07-05,Withdrawal,430.06,UPI,Fund Transfer
4134,93830,2020-05-16,Deposit,5108.65,UPI,Rent
4135,22591,2023-01-07,Transfer In,9956.51,Branch,Fund Transfer
4136,85783,2020-11-01,Withdrawal,3548.8,POS,ATM Withdrawal
4137,76402,2019-07-10,Interest Credit,618.12,ATM,Utilities
4138,12136,2022-10-03,Deposit,1185.39,POS,Travel
4139,88652,2023-01-29,Deposit,983.91,Mobile App,Salary Credit
4140,81198,2022-01-17,Transfer In,17128.69,Mobile App,Healthcare
4141,76953,2025-09-13,Fee Debit,291.17,ATM,Salary Credit
4142,43247,2020-01-01,Withdrawal,14625.93,Branch,Travel
4143,61604,2024-05-02,Deposit,10478.81,UPI,Fuel
4144,94687,2025-12-23,Withdrawal,620.93,UPI,Entertainment
4145,45629,2020-10-06,Withdrawal,9272.71,POS,Healthcare
4146,58305,2026-06-27,Transfer Out,3538.48,Branch,Entertainment
4147,73683,2020-05-01,Withdrawal,1937.92,Branch,Healthcare
4148,71108,2024-09-23,Deposit,4451.63,Mobile App,Salary Credit
4149,72433,2024-02-26,Deposit,4118.93,UPI,Fuel
4150,72235,2023-12-23,Fee Debit,3930.75,UPI,Insurance
4151,52170,2026-03-03,Transfer Out,16713.53,POS,Fund Transfer
4152,64701,2018-09-14,Withdrawal,1597.07,Branch,Groceries
4153,10459,2019-08-18,Transfer Out,2592.17,UPI,Education
4154,35998,2019-03-23,Deposit,1429.46,Mobile App,Salary Credit
4155,73767,2021-10-25,Interest Credit,2430.19,Branch,Healthcare
4156,59451,2024-04-16,Interest Credit,1592.99,Online Banking,Travel
4157,83818,2026-04-02,Fee Debit,11584.67,Mobile App,Healthcare
4158,80548,2024-02-07,Withdrawal,933.13,POS,ATM Withdrawal
4159,21866,2023-01-16,Withdrawal,952.15,POS,Fund Transfer
4160,24288,2020-01-22,Transfer In,5532.48,POS,Rent
4161,64106,2024-02-24,Fee Debit,25942.5,ATM,Groceries
4162,29902,2018-05-17,Interest Credit,1900.27,UPI,Entertainment
4163,44613,2021-02-18,Withdrawal,3250.32,Branch,Fund Transfer
4164,49848,2022-05-15,Deposit,3547.88,Online Banking,Healthcare
4165,50497,2019-09-27,Withdrawal,5487.75,Branch,Groceries
4166,62296,2026-01-13,Withdrawal,943.39,Online Banking,Healthcare
4167,28010,2024-04-17,Interest Credit,2076.98,Mobile App,Fund Transfer
4168,46552,2022-12-09,Withdrawal,7866.22,POS,Utilities
4169,32337,2023-09-10,Interest Credit,10038.56,Mobile App,Dining
4170,16165,2023-07-01,Transfer Out,1649.51,POS,Entertainment
4171,77522,2020-04-26,Withdrawal,1669.57,Branch,Utilities
4172,38720,2019-10-02,Withdrawal,8080.03,POS,Travel
4173,18041,2022-10-22,Deposit,8196.54,Online Banking,Utilities
4174,74233,2025-11-30,Transfer Out,2738.65,UPI,Rent
4175,64669,2018-03-23,Deposit,4663.11,POS,Dining
4176,81228,2019-06-01,Fee Debit,189.68,POS,Entertainment
4177,41582,2024-02-22,Transfer In,6439.1,Online Banking,Insurance
4178,4080,2022-08-10,Deposit,11497.0,POS,Fuel
4179,41531,2026-03-30,Transfer Out,1827.62,Branch,Groceries
4180,33607,2018-05-19,Transfer Out,4744.5,UPI,Dining
4181,43672,2023-10-30,Deposit,4085.29,POS,Entertainment
4182,18301,2019-10-16,Deposit,689.13,UPI,Shopping
4183,61417,2018-05-24,Deposit,8043.66,Branch,Salary Credit
4184,62642,2018-04-08,Transfer Out,570.21,Branch,Fund Transfer
4185,43934,2023-06-29,Transfer In,14910.77,Mobile App,Fund Transfer
4186,42422,2023-05-30,Fee Debit,2452.36,Branch,Insurance
4187,71581,2018-10-25,Deposit,104.36,Branch,Fund Transfer
4188,62757,2024-11-01,Interest Credit,10958.15,Online Banking,Insurance
4189,8656,2020-11-01,Transfer Out,2314.11,Branch,Shopping
4190,17983,2026-05-10,Transfer Out,566.86,Mobile App,Fund Transfer
4191,47193,2024-12-31,Deposit,1614.85,Mobile App,Salary Credit
4192,42987,2024-03-17,Fee Debit,671.79,ATM,ATM Withdrawal
4193,74414,2019-03-30,Deposit,16158.25,ATM,Fuel
4194,64282,2019-10-24,Interest Credit,1051.23,ATM,Groceries
4195,56433,2018-10-01,Transfer Out,2645.7,ATM,Utilities
4196,62765,2024-01-22,Withdrawal,2566.94,POS,ATM Withdrawal
4197,45170,2019-09-20,Transfer Out,2989.95,UPI,Fund Transfer
4198,21852,2022-06-24,Withdrawal,9202.08,ATM,Dining
4199,46994,2025-02-21,Transfer In,7352.77,UPI,Travel
4200,4706,2024-11-15,Withdrawal,10422.79,UPI,Utilities
4201,74379,2023-02-24,Transfer Out,8975.7,ATM,Education
4202,54535,2026-06-27,Transfer Out,981.95,UPI,Fund Transfer
4203,89496,2026-04-22,Withdrawal,1937.22,Mobile App,Insurance
4204,9492,2020-03-28,Withdrawal,12589.22,UPI,Fund Transfer
4205,72705,2018-11-28,Withdrawal,20737.27,Online Banking,Education
4206,62973,2019-09-18,Fee Debit,7563.86,Online Banking,Fuel
4207,62827,2018-09-03,Transfer Out,1266.79,POS,Fuel
4208,17,2023-05-20,Fee Debit,6374.41,UPI,Shopping
4209,77820,2021-07-04,Deposit,156.02,UPI,Salary Credit
4210,68493,2023-11-14,Deposit,776.99,UPI,Shopping
4211,46097,2021-03-05,Transfer Out,9152.79,Online Banking,ATM Withdrawal
4212,12113,2026-02-20,Withdrawal,5656.08,Mobile App,Salary Credit
4213,7238,2020-07-04,Deposit,3248.48,Mobile App,ATM Withdrawal
4214,64973,2021-11-25,Withdrawal,268.78,POS,ATM Withdrawal
4215,33400,2026-01-19,Transfer Out,6836.62,Branch,Entertainment
4216,40472,2023-05-06,Fee Debit,361.69,Branch,Entertainment
4217,78119,2022-02-22,Deposit,20027.99,Branch,Healthcare
4218,87773,2025-06-01,Withdrawal,2893.8,Branch,Entertainment
4219,37795,2021-02-01,Interest Credit,1668.08,ATM,Entertainment
4220,41286,2021-06-22,Transfer In,9874.75,UPI,Entertainment
4221,69448,2024-10-05,Transfer In,6859.22,Branch,Travel
4222,88408,2025-04-10,Fee Debit,4720.48,UPI,Groceries
4223,90234,2023-07-22,Withdrawal,9409.1,ATM,Healthcare
4224,89397,2023-07-30,Transfer Out,6287.79,Branch,Healthcare
4225,1621,2023-07-04,Transfer In,2799.75,Branch,ATM Withdrawal
4226,80112,2025-11-03,Transfer In,3299.18,Branch,Salary Credit
4227,10309,2020-11-08,Transfer Out,3617.43,Mobile App,Education
4228,53475,2025-06-13,Fee Debit,2735.62,UPI,Fund Transfer
4229,63812,2021-04-18,Transfer In,2711.7,ATM,Dining
4230,70093,2021-01-01,Transfer Out,19988.85,POS,Rent
4231,26390,2025-09-11,Transfer Out,474.84,Mobile App,Travel
4232,90210,2021-11-05,Transfer Out,12125.5,Online Banking,Rent
4233,93673,2024-05-31,Withdrawal,230.31,UPI,Entertainment
4234,52866,2026-06-29,Transfer Out,6929.54,ATM,Salary Credit
4235,77832,2026-06-25,Transfer Out,975.48,POS,ATM Withdrawal
4236,56094,2020-04-04,Withdrawal,1845.58,Online Banking,Salary Credit
4237,67853,2025-12-23,Withdrawal,5773.45,ATM,Groceries
4238,93888,2021-10-03,Withdrawal,4030.13,Branch,Education
4239,71764,2018-06-14,Transfer Out,3890.02,UPI,Utilities
4240,13121,2024-11-09,Deposit,5740.09,Mobile App,Utilities
4241,91602,2020-08-12,Transfer Out,9818.05,Branch,Education
4242,48368,2022-08-13,Withdrawal,107.96,Mobile App,Travel
4243,43143,2023-06-15,Transfer Out,687.29,ATM,Utilities
4244,8850,2023-06-23,Deposit,9774.02,UPI,Salary Credit
4245,74328,2021-09-04,Interest Credit,5633.44,UPI,Insurance
4246,83882,2020-09-02,Withdrawal,1976.64,Mobile App,Utilities
4247,11630,2023-11-25,Interest Credit,5437.36,Mobile App,Education
4248,88915,2019-03-25,Interest Credit,7560.08,ATM,Travel
4249,14676,2025-08-22,Withdrawal,6344.48,Branch,Dining
4250,48778,2018-08-13,Withdrawal,3617.36,Online Banking,Utilities
4251,42070,2020-10-28,Deposit,5210.12,Online Banking,Insurance
4252,33472,2023-01-25,Withdrawal,9070.75,UPI,Healthcare
4253,17731,2021-12-28,Deposit,2462.14,POS,Groceries
4254,57073,2023-01-01,Transfer Out,6157.24,POS,Healthcare
4255,41399,2019-02-10,Interest Credit,8915.93,UPI,Groceries
4256,10039,2022-02-27,Withdrawal,16863.04,Branch,Travel
4257,87012,2025-08-26,Fee Debit,392.82,POS,Fund Transfer
4258,66849,2025-11-04,Transfer In,22191.33,Branch,Salary Credit
4259,84852,2018-06-29,Transfer In,4424.23,Online Banking,Fund Transfer
4260,24245,2019-11-11,Interest Credit,1822.41,Mobile App,Fund Transfer
4261,54284,2025-06-01,Transfer In,5839.18,Branch,Insurance
4262,879,2021-08-08,Interest Credit,19990.3,Branch,Utilities
4263,45794,2023-05-22,Withdrawal,5855.33,UPI,Dining
4264,28910,2019-11-24,Deposit,4800.68,Mobile App,Entertainment
4265,31980,2018-12-09,Deposit,5026.13,Mobile App,Entertainment
4266,53272,2021-09-11,Transfer In,1030.55,UPI,Travel
4267,57362,2020-02-16,Transfer Out,17564.45,ATM,Groceries
4268,11050,2022-03-03,Deposit,599.57,Online Banking,Education
4269,53195,2021-07-16,Deposit,3597.9,ATM,Utilities
4270,87408,2024-12-09,Deposit,860.45,UPI,Utilities
4271,89257,2021-05-11,Deposit,6280.02,ATM,Insurance
4272,59073,2025-12-04,Deposit,545.35,ATM,Salary Credit
4273,60632,2024-10-18,Transfer In,7316.88,Online Banking,ATM Withdrawal
4274,84881,2019-04-29,Transfer In,2358.88,ATM,Insurance
4275,27822,2020-07-05,Deposit,4300.52,Online Banking,Education
4276,13882,2022-11-27,Withdrawal,6043.0,Branch,Utilities
4277,78046,2021-11-09,Interest Credit,5284.06,Branch,ATM Withdrawal
4278,71291,2023-07-19,Transfer In,1698.29,POS,Salary Credit
4279,29746,2025-03-14,Interest Credit,2336.67,POS,Rent
4280,6733,2019-05-27,Deposit,3005.33,UPI,Groceries
4281,6897,2019-01-01,Transfer In,3637.46,Branch,Rent
4282,12273,2020-07-20,Transfer In,11670.37,POS,Fuel
4283,80421,2024-10-25,Deposit,9242.53,UPI,Salary Credit
4284,13840,2019-07-04,Transfer In,3414.67,UPI,Education
4285,24776,2019-03-05,Deposit,2149.9,Online Banking,ATM Withdrawal
4286,19593,2022-07-03,Deposit,4207.23,Mobile App,ATM Withdrawal
4287,50100,2022-06-22,Fee Debit,21710.48,UPI,Healthcare
4288,65407,2019-08-15,Interest Credit,608.42,Branch,Fund Transfer
4289,74089,2019-01-06,Deposit,5825.24,Mobile App,Healthcare
4290,29824,2024-02-28,Interest Credit,7180.56,ATM,Utilities
4291,31484,2020-09-16,Deposit,14806.04,Mobile App,Travel
4292,65096,2018-10-29,Fee Debit,674.36,ATM,Utilities
4293,20505,2019-06-29,Fee Debit,4188.5,ATM,ATM Withdrawal
4294,49900,2023-04-03,Deposit,9075.12,POS,Travel
4295,79153,2018-06-06,Transfer Out,367.13,Online Banking,Travel
4296,71500,2020-12-16,Deposit,5310.8,Branch,Healthcare
4297,28273,2024-12-13,Transfer In,1206.83,ATM,Shopping
4298,87570,2019-08-11,Fee Debit,10668.19,ATM,ATM Withdrawal
4299,42377,2023-12-15,Withdrawal,21289.48,POS,Groceries
4300,91529,2019-01-28,Deposit,5871.93,ATM,Education
4301,66276,2025-05-15,Withdrawal,4903.01,ATM,Dining
4302,94147,2018-12-08,Deposit,5236.09,UPI,Shopping
4303,78894,2018-06-06,Withdrawal,10375.43,ATM,Groceries
4304,64452,2023-09-02,Interest Credit,872.87,Mobile App,Dining
4305,70215,2023-10-21,Fee Debit,13318.04,Mobile App,Education
4306,14430,2018-01-04,Withdrawal,2937.23,Branch,Insurance
4307,69839,2022-03-07,Transfer In,9390.12,Mobile App,Fund Transfer
4308,67884,2022-02-10,Deposit,5432.73,Online Banking,Utilities
4309,41974,2025-08-08,Fee Debit,6178.19,Online Banking,Entertainment
4310,30503,2024-08-05,Deposit,7835.98,Mobile App,Groceries
4311,35405,2020-04-27,Transfer In,2692.53,UPI,Fund Transfer
4312,67548,2019-12-04,Transfer In,381.52,UPI,Travel
4313,57080,2020-12-07,Deposit,382.99,Branch,Entertainment
4314,86595,2022-09-01,Deposit,811.76,Online Banking,Dining
4315,56483,2025-11-08,Fee Debit,1907.77,UPI,ATM Withdrawal
4316,80224,2018-07-05,Transfer Out,4207.05,UPI,Groceries
4317,44070,2024-07-09,Deposit,5656.71,ATM,Fund Transfer
4318,37295,2020-12-26,Interest Credit,18129.1,Online Banking,Fund Transfer
4319,58865,2024-05-23,Transfer In,7248.87,POS,Fund Transfer
4320,41683,2024-01-08,Deposit,1923.28,Mobile App,Travel
4321,21764,2018-08-04,Withdrawal,10275.98,POS,Salary Credit
4322,14885,2023-09-07,Deposit,4222.63,ATM,Shopping
4323,34713,2018-11-06,Deposit,4381.82,ATM,Dining
4324,28297,2018-09-23,Withdrawal,5291.01,POS,Insurance
4325,21737,2021-01-17,Deposit,5532.28,Online Banking,Utilities
4326,62267,2022-02-05,Deposit,4284.81,ATM,Insurance
4327,28409,2020-12-03,Transfer Out,6931.99,Mobile App,Healthcare
4328,126,2021-01-22,Transfer Out,6074.92,Branch,Healthcare
4329,81790,2022-09-10,Transfer In,1677.39,ATM,Shopping
4330,56395,2023-03-23,Withdrawal,1596.14,POS,Entertainment
4331,79198,2021-01-09,Transfer Out,7491.4,UPI,Education
4332,52520,2018-01-13,Deposit,3031.0,Online Banking,Groceries
4333,72639,2021-12-10,Transfer Out,20496.63,POS,Travel
4334,7902,2018-04-01,Transfer In,906.03,Branch,Insurance
4335,40487,2023-01-26,Transfer In,5828.01,UPI,Utilities
4336,91918,2021-06-03,Fee Debit,1660.58,Online Banking,Fuel
4337,93493,2024-04-08,Transfer Out,2820.38,UPI,Groceries
4338,82879,2023-07-06,Deposit,7410.61,UPI,ATM Withdrawal
4339,72418,2024-01-15,Transfer Out,8446.14,ATM,Fuel
4340,43100,2021-02-25,Deposit,3717.81,Branch,Travel
4341,25027,2025-05-26,Interest Credit,5266.32,Branch,Shopping
4342,26000,2025-10-10,Deposit,11810.5,Online Banking,Healthcare
4343,92095,2024-10-29,Withdrawal,8873.62,Mobile App,Rent
4344,68640,2018-12-28,Deposit,2907.39,UPI,Fuel
4345,8583,2020-06-18,Withdrawal,1012.15,Online Banking,Shopping
4346,90706,2021-03-23,Deposit,2169.05,Branch,Shopping
4347,48284,2023-06-16,Interest Credit,2890.65,Branch,Utilities
4348,92261,2026-01-17,Transfer In,13388.36,Online Banking,Travel
4349,23341,2022-03-20,Transfer In,10793.13,UPI,Entertainment
4350,80913,2022-11-28,Transfer In,2038.88,Branch,Insurance
4351,62033,2020-09-12,Transfer Out,8423.44,Branch,Groceries
4352,51392,2019-06-18,Withdrawal,4052.41,Branch,Salary Credit
4353,78866,2020-06-29,Deposit,9052.44,Branch,Travel
4354,22678,2025-08-14,Withdrawal,4983.37,Branch,Groceries
4355,93399,2019-01-07,Transfer Out,17581.47,POS,ATM Withdrawal
4356,53233,2018-03-10,Deposit,1078.85,UPI,Dining
4357,63823,2019-01-16,Deposit,4658.71,Online Banking,Education
4358,17787,2019-06-22,Fee Debit,11323.14,Online Banking,Groceries
4359,56756,2024-06-17,Deposit,6061.54,Branch,Travel
4360,88099,2023-07-22,Deposit,5558.57,Mobile App,Fund Transfer
4361,56287,2020-08-02,Transfer Out,1860.47,Branch,Travel
4362,21317,2018-08-13,Withdrawal,4211.61,Online Banking,Fuel
4363,46741,2024-08-05,Deposit,2157.01,Online Banking,ATM Withdrawal
4364,16869,2022-10-15,Transfer Out,195.72,Online Banking,Fund Transfer
4365,32849,2024-01-26,Interest Credit,2449.48,Mobile App,Shopping
4366,91187,2024-01-11,Withdrawal,316.79,Online Banking,Groceries
4367,68408,2022-01-24,Transfer In,2152.86,Online Banking,Fund Transfer
4368,65270,2021-04-13,Transfer Out,9167.77,Mobile App,ATM Withdrawal
4369,93953,2018-08-25,Withdrawal,76.22,POS,ATM Withdrawal
4370,26810,2023-12-02,Withdrawal,10366.64,POS,Fund Transfer
4371,56466,2019-01-31,Withdrawal,3694.74,ATM,Rent
4372,80329,2018-01-31,Deposit,3230.83,ATM,Dining
4373,54186,2023-03-23,Transfer Out,1960.45,Mobile App,Insurance
4374,46864,2018-04-16,Transfer Out,4423.2,Branch,Education
4375,71501,2023-10-29,Transfer Out,4009.0,ATM,ATM Withdrawal
4376,63792,2022-03-08,Deposit,1685.32,ATM,Entertainment
4377,51998,2025-03-23,Withdrawal,11574.78,ATM,Groceries
4378,27339,2024-11-03,Withdrawal,533.13,Mobile App,Fund Transfer
4379,90828,2024-12-03,Fee Debit,9063.46,UPI,Groceries
4380,90932,2024-08-20,Deposit,150.92,Mobile App,Healthcare
4381,26947,2026-02-24,Deposit,3852.72,Branch,ATM Withdrawal
4382,55210,2018-10-24,Deposit,3180.9,UPI,Fuel
4383,47986,2022-03-04,Deposit,939.27,Online Banking,Insurance
4384,86310,2020-08-15,Withdrawal,9973.52,ATM,ATM Withdrawal
4385,17757,2021-06-03,Deposit,7445.58,Mobile App,Groceries
4386,42478,2021-12-13,Fee Debit,15855.8,ATM,Salary Credit
4387,39694,2022-11-30,Withdrawal,7396.46,ATM,Fuel
4388,14752,2024-06-26,Transfer Out,7253.31,ATM,Fund Transfer
4389,87528,2021-01-07,Deposit,15361.93,UPI,ATM Withdrawal
4390,1781,2024-09-20,Withdrawal,19290.67,Mobile App,Salary Credit
4391,39730,2022-04-28,Interest Credit,5932.53,ATM,Fuel
4392,51577,2019-10-10,Deposit,4445.32,ATM,Utilities
4393,43444,2018-11-15,Transfer Out,1346.27,Mobile App,Travel
4394,60804,2018-12-02,Transfer Out,648.77,Online Banking,Utilities
4395,8735,2024-09-03,Transfer Out,3012.86,ATM,Dining
4396,91874,2023-01-08,Transfer In,2269.34,Mobile App,Shopping
4397,29489,2018-07-16,Transfer Out,479.54,POS,Dining
4398,21776,2023-09-17,Interest Credit,2390.36,Online Banking,Healthcare
4399,89017,2026-02-25,Transfer In,6199.68,Mobile App,Travel
4400,69953,2021-09-17,Deposit,663.63,Online Banking,Education
4401,40101,2020-01-01,Fee Debit,9901.11,Mobile App,Entertainment
4402,75272,2021-10-30,Deposit,15163.67,POS,Rent
4403,72289,2020-11-29,Interest Credit,529.03,Online Banking,Groceries
4404,6974,2022-06-09,Transfer In,317.28,Mobile App,Rent
4405,41734,2022-06-30,Transfer Out,3756.69,POS,Education
4406,80441,2022-07-28,Transfer In,1303.16,UPI,Education
4407,45927,2022-01-14,Deposit,1646.28,Mobile App,Utilities
4408,74408,2019-07-24,Transfer In,178.86,Mobile App,Shopping
4409,65468,2022-11-14,Transfer In,346.79,Mobile App,Insurance
4410,50278,2025-08-05,Transfer In,7019.17,Online Banking,Dining
4411,64371,2018-03-22,Transfer Out,6386.54,ATM,Healthcare
4412,75793,2025-11-16,Deposit,4754.72,Online Banking,ATM Withdrawal
4413,52019,2019-10-07,Withdrawal,6508.33,UPI,Salary Credit
4414,55292,2019-09-12,Interest Credit,18734.45,Online Banking,Insurance
4415,12033,2022-08-08,Deposit,3561.55,UPI,Rent
4416,1470,2019-01-05,Transfer Out,2419.91,POS,Insurance
4417,57221,2023-03-09,Transfer In,103.32,ATM,Salary Credit
4418,9456,2025-10-17,Deposit,7201.24,POS,Utilities
4419,74414,2021-05-03,Interest Credit,66.79,UPI,Travel
4420,67560,2026-03-11,Deposit,4684.27,Branch,Utilities
4421,78403,2026-06-19,Deposit,1587.68,Mobile App,Education
4422,75292,2022-08-10,Transfer Out,4296.8,Branch,Entertainment
4423,21179,2020-05-24,Deposit,778.93,ATM,Healthcare
4424,46119,2025-08-02,Interest Credit,6489.81,Mobile App,Education
4425,22827,2019-03-15,Deposit,13052.67,UPI,ATM Withdrawal
4426,47662,2026-02-10,Transfer Out,395.8,UPI,Fund Transfer
4427,2168,2019-11-21,Fee Debit,13425.62,Mobile App,Shopping
4428,32474,2018-10-22,Fee Debit,3924.29,POS,Fuel
4429,46083,2025-01-31,Transfer Out,783.77,Mobile App,ATM Withdrawal
4430,19037,2024-07-09,Fee Debit,6755.76,POS,Fuel
4431,33033,2025-08-13,Withdrawal,2167.91,UPI,Dining
4432,3572,2020-12-01,Deposit,196.4,ATM,Dining
4433,71360,2021-02-12,Fee Debit,4265.54,POS,Entertainment
4434,81864,2019-05-06,Interest Credit,3860.09,Mobile App,Fuel
4435,49982,2022-09-26,Deposit,9451.11,POS,Travel
4436,9795,2024-10-04,Transfer In,9972.99,POS,ATM Withdrawal
4437,87519,2022-06-20,Transfer Out,6993.45,UPI,Insurance
4438,32587,2019-07-22,Deposit,8979.66,Mobile App,ATM Withdrawal
4439,21940,2023-12-11,Transfer Out,3256.07,POS,Entertainment
4440,44435,2020-10-04,Transfer In,9161.03,UPI,Utilities
4441,5483,2023-11-08,Withdrawal,2800.46,Online Banking,Entertainment
4442,4531,2022-04-13,Withdrawal,5167.95,POS,Fund Transfer
4443,51579,2019-03-02,Deposit,2110.04,POS,Shopping
4444,88478,2022-05-06,Interest Credit,8088.65,Branch,Fuel
4445,25285,2024-03-06,Withdrawal,4867.23,UPI,Salary Credit
4446,74731,2025-03-21,Interest Credit,693.39,Mobile App,Education
4447,15934,2022-05-28,Transfer Out,1830.27,UPI,Fund Transfer
4448,79471,2021-12-11,Withdrawal,3136.07,UPI,Dining
4449,37371,2023-03-06,Transfer Out,3771.22,Mobile App,Dining
4450,23852,2019-04-02,Transfer In,25224.2,POS,ATM Withdrawal
4451,87593,2020-01-12,Transfer Out,8658.47,Mobile App,Salary Credit
4452,45786,2024-02-02,Interest Credit,611.36,POS,Shopping
4453,9951,2023-11-22,Deposit,1293.97,UPI,Groceries
4454,38366,2020-06-12,Withdrawal,23501.6,POS,Rent
4455,30352,2025-05-14,Withdrawal,408.58,Branch,Travel
4456,86585,2025-09-13,Transfer In,3774.43,Branch,Entertainment
4457,40380,2020-10-23,Transfer In,914.29,Online Banking,Groceries
4458,39900,2025-09-06,Withdrawal,4182.27,UPI,Education
4459,13405,2020-06-24,Withdrawal,3019.83,POS,Travel
4460,12834,2018-12-20,Withdrawal,4025.31,Branch,Entertainment
4461,25020,2022-10-09,Withdrawal,698.51,ATM,Entertainment
4462,93985,2022-01-28,Transfer Out,1553.49,Mobile App,Travel
4463,33386,2023-03-09,Deposit,11658.02,POS,Rent
4464,76496,2026-01-27,Deposit,545.83,UPI,Utilities
4465,4901,2019-07-20,Transfer Out,7030.97,UPI,Fund Transfer
4466,92083,2020-01-03,Deposit,3003.6,UPI,Travel
4467,51123,2025-10-15,Interest Credit,1668.99,UPI,Fund Transfer
4468,87130,2022-11-21,Interest Credit,23934.71,ATM,Groceries
4469,32908,2021-11-12,Transfer In,3487.23,Mobile App,Insurance
4470,58847,2020-04-07,Withdrawal,7449.27,Online Banking,Dining
4471,21530,2022-09-23,Transfer In,319.26,Branch,Healthcare
4472,18991,2022-02-10,Interest Credit,6297.06,ATM,Travel
4473,40630,2021-07-27,Withdrawal,3220.4,Online Banking,Education
4474,87503,2022-08-12,Transfer In,7955.71,Online Banking,Shopping
4475,49294,2026-05-08,Transfer Out,5324.07,Mobile App,Fuel
4476,11766,2021-12-14,Withdrawal,8778.74,POS,ATM Withdrawal
4477,17188,2022-12-22,Withdrawal,9246.69,Mobile App,Insurance
4478,58505,2020-06-10,Withdrawal,6157.82,Online Banking,Groceries
4479,10459,2025-07-24,Deposit,3822.85,ATM,Education
4480,18238,2026-02-28,Deposit,5255.58,Online Banking,Rent
4481,85463,2019-06-05,Interest Credit,13827.09,Online Banking,Fund Transfer
4482,41536,2018-07-15,Transfer In,897.95,Online Banking,Healthcare
4483,54987,2025-03-05,Fee Debit,1329.41,UPI,Salary Credit
4484,66411,2025-01-25,Interest Credit,2841.94,POS,Fuel
4485,53278,2023-01-15,Deposit,4897.45,ATM,Fuel
4486,17131,2023-08-25,Withdrawal,902.71,ATM,Dining
4487,64430,2024-03-02,Transfer Out,2779.88,Branch,Entertainment
4488,77579,2026-04-03,Interest Credit,3530.16,Online Banking,Education
4489,58155,2023-05-18,Interest Credit,4516.2,ATM,Insurance
4490,70025,2025-07-15,Deposit,17592.24,ATM,Dining
4491,24068,2026-06-25,Fee Debit,1555.07,POS,Insurance
4492,30072,2023-09-24,Transfer Out,186.07,Online Banking,Salary Credit
4493,35795,2021-06-30,Fee Debit,8074.0,Mobile App,Insurance
4494,93795,2024-02-04,Deposit,1629.95,POS,ATM Withdrawal
4495,58784,2025-01-22,Deposit,1412.74,Branch,Salary Credit
4496,51038,2018-03-26,Transfer Out,11951.17,Branch,Fund Transfer
4497,57696,2022-12-31,Withdrawal,489.91,ATM,Salary Credit
4498,17677,2024-07-27,Interest Credit,14222.36,POS,Salary Credit
4499,83247,2018-12-05,Transfer Out,3949.88,UPI,Shopping
4500,32191,2020-03-06,Withdrawal,13520.63,POS,ATM Withdrawal
4501,92501,2021-08-06,Transfer Out,5704.55,POS,Fuel
4502,42457,2023-11-13,Transfer In,3687.48,ATM,Fuel
4503,1942,2020-02-22,Withdrawal,6576.47,ATM,Utilities
4504,91450,2022-12-18,Interest Credit,5992.35,ATM,Shopping
4505,46575,2024-01-06,Transfer Out,6337.27,Branch,Rent
4506,2625,2018-06-29,Deposit,12675.01,Branch,Dining
4507,77316,2018-09-08,Deposit,9520.4,Branch,Fund Transfer
4508,87429,2024-11-07,Deposit,802.09,POS,Fund Transfer
4509,71280,2020-01-22,Interest Credit,312.88,Mobile App,Healthcare
4510,11646,2020-07-12,Transfer In,2519.52,ATM,Utilities
4511,94911,2023-09-25,Deposit,204.95,ATM,Rent
4512,5266,2018-06-01,Interest Credit,4865.95,POS,Travel
4513,35453,2018-08-30,Fee Debit,5556.37,Branch,Salary Credit
4514,29744,2022-02-05,Transfer Out,5354.94,Branch,Groceries
4515,33741,2018-05-10,Transfer Out,2520.19,Online Banking,Groceries
4516,80307,2023-11-18,Withdrawal,132.01,Branch,Salary Credit
4517,26584,2024-07-02,Withdrawal,15256.6,Mobile App,Entertainment
4518,54179,2019-02-05,Transfer Out,1272.5,UPI,Travel
4519,10263,2020-07-25,Transfer Out,4250.23,Online Banking,Dining
4520,55133,2024-11-08,Transfer In,568.3,UPI,Travel
4521,30365,2024-08-04,Transfer Out,2376.16,UPI,Entertainment
4522,25465,2025-04-07,Deposit,295.32,Mobile App,Insurance
4523,9463,2021-03-12,Deposit,5711.36,POS,Salary Credit
4524,76532,2021-11-10,Deposit,3305.89,POS,ATM Withdrawal
4525,90352,2019-07-29,Deposit,27345.08,Online Banking,Fuel
4526,7961,2020-04-16,Transfer Out,6081.75,Branch,Fuel
4527,36208,2023-10-15,Withdrawal,1038.13,Branch,Healthcare
4528,51036,2019-05-04,Withdrawal,11093.48,POS,ATM Withdrawal
4529,51225,2020-12-05,Deposit,1276.65,Mobile App,Shopping
4530,81856,2020-04-12,Withdrawal,3949.65,POS,Dining
4531,47601,2019-09-23,Transfer Out,10003.77,POS,Insurance
4532,37792,2021-04-22,Interest Credit,18341.68,UPI,Utilities
4533,54835,2018-03-01,Interest Credit,6096.92,ATM,Education
4534,92593,2026-02-13,Deposit,4806.97,POS,Rent
4535,61630,2022-05-14,Interest Credit,10240.57,POS,Dining
4536,73067,2023-02-02,Withdrawal,14031.45,Online Banking,Fund Transfer
4537,57941,2024-12-12,Transfer In,2463.81,Mobile App,Dining
4538,71548,2022-05-14,Fee Debit,2914.84,POS,Education
4539,50359,2019-06-18,Transfer In,364.41,ATM,Groceries
4540,12601,2020-10-02,Transfer Out,2147.32,UPI,Utilities
4541,36201,2021-08-22,Fee Debit,11295.22,UPI,Groceries
4542,30101,2018-01-26,Fee Debit,2099.34,UPI,Fuel
4543,86433,2022-12-16,Transfer In,5515.08,Branch,Travel
4544,22538,2022-09-17,Transfer Out,20653.43,Mobile App,Utilities
4545,18329,2019-02-23,Withdrawal,12886.69,UPI,ATM Withdrawal
4546,59615,2020-09-03,Interest Credit,5354.67,Online Banking,Insurance
4547,64704,2021-01-30,Interest Credit,3421.06,ATM,Dining
4548,30473,2024-08-18,Fee Debit,4510.27,ATM,Fund Transfer
4549,31243,2025-05-31,Transfer In,196.19,Online Banking,Healthcare
4550,18751,2023-01-09,Transfer In,21580.29,Branch,Utilities
4551,92769,2020-10-27,Withdrawal,8207.63,ATM,Dining
4552,30895,2019-02-17,Withdrawal,2746.15,ATM,Dining
4553,37886,2023-09-07,Withdrawal,5320.66,Branch,Groceries
4554,18652,2020-12-30,Deposit,3462.06,Mobile App,Fund Transfer
4555,17668,2022-10-11,Interest Credit,1271.89,ATM,Travel
4556,49364,2020-06-07,Deposit,5106.97,Online Banking,Groceries
4557,48668,2020-11-13,Transfer Out,4888.93,Online Banking,Salary Credit
4558,38261,2021-07-10,Transfer Out,4325.26,UPI,Dining
4559,75848,2022-10-28,Transfer In,1912.69,Branch,Salary Credit
4560,78160,2022-11-11,Deposit,2383.56,POS,Fund Transfer
4561,19465,2018-12-04,Withdrawal,248.39,Branch,Rent
4562,59666,2024-08-01,Transfer Out,4428.16,Online Banking,Rent
4563,43029,2019-05-02,Withdrawal,24215.25,ATM,Fund Transfer
4564,54089,2018-01-23,Deposit,7193.35,POS,Healthcare
4565,42447,2019-02-25,Interest Credit,2084.24,Online Banking,Healthcare
4566,94641,2024-01-26,Transfer In,6563.87,Branch,ATM Withdrawal
4567,28201,2026-02-01,Transfer Out,7254.32,UPI,Fund Transfer
4568,38112,2023-07-23,Deposit,20797.99,Branch,Entertainment
4569,54687,2021-01-08,Fee Debit,6169.11,Online Banking,Insurance
4570,34514,2025-08-22,Transfer In,3126.15,ATM,Entertainment
4571,71086,2024-08-14,Transfer Out,395.25,Online Banking,Fuel
4572,66338,2020-12-01,Deposit,12412.15,Online Banking,Travel
4573,654,2019-05-22,Transfer Out,247.65,UPI,Shopping
4574,93992,2019-11-15,Deposit,35348.03,Online Banking,Travel
4575,63346,2021-07-08,Withdrawal,1546.05,Branch,Healthcare
4576,75728,2022-05-15,Fee Debit,3636.17,Online Banking,Rent
4577,9113,2020-03-28,Transfer Out,971.56,POS,Fund Transfer
4578,294,2025-07-08,Transfer In,1077.14,Branch,Insurance
4579,55568,2025-05-03,Interest Credit,12902.28,Branch,Utilities
4580,25407,2023-01-07,Interest Credit,2619.64,POS,Entertainment
4581,7428,2025-02-16,Transfer Out,7655.45,Mobile App,Rent
4582,11867,2023-02-19,Deposit,4989.23,UPI,Utilities
4583,80392,2025-05-18,Transfer Out,4726.64,Online Banking,Salary Credit
4584,18543,2024-03-31,Deposit,1400.7,UPI,Shopping
4585,34503,2024-11-11,Fee Debit,1434.73,Branch,Healthcare
4586,30210,2020-10-22,Fee Debit,567.17,Branch,Fuel
4587,25322,2022-10-03,Transfer Out,334.8,Mobile App,Entertainment
4588,55066,2021-02-24,Fee Debit,1537.54,ATM,ATM Withdrawal
4589,73897,2025-05-06,Deposit,4949.71,POS,Travel
4590,66756,2025-03-05,Interest Credit,2664.35,POS,Fuel
4591,73178,2020-11-16,Transfer In,9566.08,Mobile App,Dining
4592,66637,2022-10-07,Transfer Out,16883.39,Online Banking,Insurance
4593,44174,2021-01-31,Fee Debit,14485.37,UPI,Healthcare
4594,73308,2024-03-18,Transfer In,2919.0,ATM,Rent
4595,36880,2026-03-07,Deposit,12697.75,Mobile App,Salary Credit
4596,59490,2025-03-06,Transfer In,1074.36,Mobile App,Travel
4597,75324,2024-02-26,Transfer Out,1876.65,Mobile App,Healthcare
4598,16054,2020-11-04,Transfer In,18994.95,POS,Travel
4599,92306,2023-03-10,Withdrawal,29710.08,Mobile App,Fuel
4600,67429,2018-02-18,Deposit,5758.04,POS,Insurance
4601,51588,2025-12-01,Deposit,9058.82,Online Banking,Travel
4602,63591,2021-11-30,Deposit,1597.1,UPI,Utilities
4603,62904,2023-08-12,Transfer In,7928.61,ATM,Travel
4604,53526,2022-08-19,Interest Credit,9661.37,Online Banking,Shopping
4605,67252,2025-10-25,Fee Debit,9079.93,Branch,ATM Withdrawal
4606,30228,2024-06-06,Interest Credit,7155.38,Mobile App,Groceries
4607,58026,2021-11-17,Interest Credit,7443.15,ATM,Shopping
4608,78376,2018-12-14,Deposit,2617.14,POS,Travel
4609,33339,2019-05-28,Transfer Out,682.85,Online Banking,Rent
4610,275,2026-06-21,Deposit,352.68,UPI,Insurance
4611,1700,2024-09-15,Transfer Out,3073.56,UPI,Utilities
4612,52200,2023-07-05,Transfer In,9708.61,Branch,Healthcare
4613,4752,2023-11-25,Transfer Out,3913.97,Mobile App,Education
4614,48430,2023-12-10,Withdrawal,7521.4,Online Banking,Entertainment
4615,7778,2022-08-18,Interest Credit,1044.21,Mobile App,Rent
4616,20378,2020-06-23,Fee Debit,7877.27,POS,Rent
4617,59050,2023-10-21,Withdrawal,2635.76,ATM,Education
4618,23589,2024-09-16,Interest Credit,13146.13,ATM,Salary Credit
4619,86633,2023-06-02,Transfer Out,9923.47,ATM,Healthcare
4620,43589,2021-08-23,Deposit,4078.63,Branch,Insurance
4621,44413,2018-06-12,Deposit,5174.12,ATM,Fund Transfer
4622,48418,2022-04-13,Deposit,934.49,ATM,Dining
4623,91233,2020-03-29,Transfer In,1341.66,POS,Entertainment
4624,22817,2022-06-08,Transfer In,12247.16,Online Banking,Fuel
4625,49713,2021-01-12,Withdrawal,74.65,POS,Dining
4626,43970,2019-11-30,Withdrawal,920.57,POS,Education
4627,78869,2019-12-27,Transfer In,8167.17,Branch,Entertainment
4628,29117,2026-05-03,Fee Debit,1793.56,POS,Fund Transfer
4629,65381,2024-08-26,Fee Debit,5688.5,Online Banking,Rent
4630,74659,2025-01-11,Withdrawal,6103.89,ATM,Dining
4631,47887,2021-10-16,Withdrawal,13043.58,Branch,Healthcare
4632,94926,2018-08-30,Deposit,10261.81,ATM,Dining
4633,26792,2019-03-25,Fee Debit,2381.7,Online Banking,Fuel
4634,30337,2023-09-02,Withdrawal,9960.46,Mobile App,Dining
4635,59688,2020-01-30,Deposit,1805.06,Online Banking,ATM Withdrawal
4636,4654,2019-05-24,Transfer Out,1232.76,ATM,Entertainment
4637,91521,2024-05-04,Transfer Out,747.11,Mobile App,ATM Withdrawal
4638,3632,2019-06-13,Transfer In,5467.67,Online Banking,Fuel
4639,20688,2021-10-14,Deposit,2593.47,ATM,Groceries
4640,77724,2019-04-12,Withdrawal,4083.26,UPI,Groceries
4641,37998,2024-05-30,Fee Debit,1469.55,POS,Fund Transfer
4642,11669,2018-02-08,Deposit,1032.99,ATM,Education
4643,6864,2024-02-22,Transfer In,10172.87,Online Banking,Insurance
4644,51345,2023-05-30,Deposit,2427.55,UPI,Groceries
4645,59944,2021-05-01,Transfer In,6344.9,ATM,Dining
4646,9178,2024-03-01,Fee Debit,7090.67,Online Banking,Fund Transfer
4647,40598,2024-06-19,Interest Credit,3351.93,ATM,Fuel
4648,73013,2021-08-24,Interest Credit,11887.92,Branch,Fund Transfer
4649,76223,2022-05-01,Deposit,1611.91,Mobile App,Salary Credit
4650,59151,2021-10-05,Transfer Out,1353.14,POS,Healthcare
4651,30396,2026-02-16,Withdrawal,2407.95,POS,Groceries
4652,9282,2021-04-06,Interest Credit,13415.0,POS,Fuel
4653,75772,2024-02-26,Transfer Out,796.48,ATM,Shopping
4654,62482,2020-08-18,Deposit,3241.25,Branch,Groceries
4655,67631,2021-03-22,Interest Credit,8276.15,POS,Dining
4656,61351,2025-12-11,Withdrawal,8014.37,Mobile App,Education
4657,8863,2020-11-20,Interest Credit,1749.54,UPI,Fund Transfer
4658,61594,2020-02-29,Transfer Out,9373.33,UPI,Fuel
4659,62528,2023-02-04,Withdrawal,6621.94,Online Banking,ATM Withdrawal
4660,22868,2021-08-04,Transfer Out,1076.15,Online Banking,Dining
4661,33903,2026-05-07,Deposit,1916.49,Branch,Travel
4662,27247,2021-03-14,Deposit,4799.23,Branch,ATM Withdrawal
4663,39424,2023-08-26,Transfer In,11447.55,Online Banking,Entertainment
4664,36203,2022-08-21,Deposit,8555.79,Mobile App,Utilities
4665,66068,2025-04-11,Fee Debit,7446.64,Branch,Entertainment
4666,6818,2022-08-31,Transfer In,7123.66,Mobile App,Rent
4667,33170,2026-01-07,Withdrawal,3171.51,UPI,Utilities
4668,31150,2023-10-19,Transfer In,3671.76,Online Banking,Shopping
4669,74046,2022-12-22,Transfer Out,1037.38,ATM,Fuel
4670,3242,2021-10-25,Deposit,654.53,Online Banking,Education
4671,50503,2021-03-17,Transfer Out,8842.68,POS,Dining
4672,92660,2026-02-15,Transfer Out,11429.3,Mobile App,Insurance
4673,77835,2024-08-09,Deposit,672.8,ATM,Travel
4674,4751,2019-11-07,Fee Debit,3705.37,Online Banking,ATM Withdrawal
4675,60333,2024-01-22,Fee Debit,2124.2,POS,Fuel
4676,92866,2018-05-14,Withdrawal,3061.32,POS,Groceries
4677,51790,2021-03-31,Interest Credit,10785.82,POS,Insurance
4678,11377,2018-06-03,Transfer In,2166.85,POS,Fund Transfer
4679,58059,2024-01-22,Withdrawal,1479.82,Mobile App,ATM Withdrawal
4680,64147,2024-11-29,Fee Debit,6129.79,Mobile App,Fuel
4681,15860,2024-02-09,Withdrawal,1439.76,Branch,Fund Transfer
4682,45475,2021-01-06,Transfer Out,9563.4,ATM,Fuel
4683,76735,2022-09-23,Deposit,3022.41,Branch,Entertainment
4684,41148,2022-01-05,Withdrawal,1404.85,Branch,Entertainment
4685,31201,2021-01-15,Fee Debit,254.49,Mobile App,Fuel
4686,35521,2024-05-02,Transfer Out,4586.55,ATM,Salary Credit
4687,84578,2020-05-19,Withdrawal,4102.11,POS,Travel
4688,53494,2024-03-18,Fee Debit,230.51,POS,Travel
4689,75008,2022-02-20,Withdrawal,4238.09,POS,Rent
4690,53501,2022-01-03,Transfer Out,3531.58,Online Banking,Healthcare
4691,58786,2023-11-06,Transfer Out,14876.18,Branch,Entertainment
4692,62008,2019-04-25,Withdrawal,387.52,Online Banking,Rent
4693,24387,2023-09-03,Transfer Out,680.33,UPI,ATM Withdrawal
4694,68674,2018-10-20,Transfer In,11251.61,Branch,Fuel
4695,68068,2021-08-09,Withdrawal,4247.97,UPI,Fund Transfer
4696,78132,2022-10-09,Transfer In,8398.09,Branch,Fund Transfer
4697,72998,2019-03-18,Transfer Out,9436.07,ATM,Rent
4698,52521,2022-10-08,Withdrawal,8468.35,Mobile App,Fuel
4699,66382,2019-09-11,Interest Credit,3046.36,POS,Fuel
4700,21167,2018-09-30,Deposit,9591.25,ATM,Fund Transfer
4701,46799,2022-01-10,Deposit,3826.39,Online Banking,Education
4702,13568,2025-12-28,Interest Credit,2487.09,Mobile App,Healthcare
4703,12953,2020-06-21,Withdrawal,14278.28,POS,Rent
4704,18752,2023-09-03,Transfer In,15019.97,Mobile App,Fund Transfer
4705,87501,2022-03-04,Withdrawal,9621.05,UPI,ATM Withdrawal
4706,11970,2020-09-10,Withdrawal,4699.41,Mobile App,Travel
4707,9694,2019-03-30,Fee Debit,9199.3,POS,Fund Transfer
4708,56566,2023-11-06,Withdrawal,10051.95,Online Banking,Shopping
4709,86272,2018-02-09,Withdrawal,4996.81,Branch,Healthcare
4710,88997,2018-04-11,Transfer Out,3067.84,Mobile App,Fuel
4711,41629,2026-03-08,Withdrawal,8108.94,Mobile App,Education
4712,23376,2018-07-18,Deposit,4982.67,UPI,Groceries
4713,3097,2023-08-21,Deposit,737.74,UPI,Education
4714,73320,2024-12-18,Transfer Out,381.94,Mobile App,Education
4715,34837,2020-02-12,Fee Debit,3948.15,ATM,Dining
4716,34243,2018-08-06,Transfer In,229.18,ATM,Utilities
4717,69962,2023-06-28,Transfer Out,4612.68,POS,Travel
4718,53571,2022-04-16,Transfer Out,466.6,UPI,Entertainment
4719,76478,2024-05-07,Transfer In,2512.51,UPI,Groceries
4720,59996,2023-05-03,Interest Credit,7622.6,Branch,Insurance
4721,73873,2024-06-06,Withdrawal,7146.83,Branch,Dining
4722,31275,2019-02-02,Interest Credit,1813.77,Branch,Healthcare
4723,42499,2021-12-11,Withdrawal,3161.2,Mobile App,Groceries
4724,55241,2022-04-12,Fee Debit,1470.32,UPI,Travel
4725,85077,2020-04-03,Withdrawal,1690.7,ATM,Rent
4726,52888,2019-03-04,Deposit,1484.13,POS,Rent
4727,70991,2024-03-22,Withdrawal,4428.08,UPI,Fund Transfer
4728,53538,2024-05-15,Deposit,3677.6,UPI,Healthcare
4729,159,2020-11-07,Fee Debit,6396.21,ATM,Rent
4730,60502,2024-02-10,Deposit,4127.6,ATM,Travel
4731,34718,2023-07-01,Withdrawal,2529.63,ATM,Groceries
4732,22726,2024-07-20,Fee Debit,12323.63,ATM,Salary Credit
4733,47050,2019-07-19,Transfer In,1892.88,Online Banking,Travel
4734,41831,2019-02-15,Fee Debit,4491.2,Online Banking,Travel
4735,33831,2022-02-14,Fee Debit,9645.98,ATM,Insurance
4736,15214,2025-08-23,Transfer In,316.11,UPI,Fund Transfer
4737,35310,2024-06-17,Transfer Out,16362.18,Online Banking,Travel
4738,71749,2022-01-19,Transfer In,1934.44,UPI,Fuel
4739,10317,2022-02-21,Transfer Out,7258.31,Mobile App,Dining
4740,48727,2025-03-09,Withdrawal,4864.63,UPI,Rent
4741,88458,2020-02-20,Transfer In,21920.42,Branch,Fund Transfer
4742,91109,2020-03-26,Withdrawal,1253.57,POS,Utilities
4743,94444,2023-12-10,Interest Credit,1167.26,Branch,Groceries
4744,77581,2019-02-01,Withdrawal,19776.64,ATM,ATM Withdrawal
4745,21591,2020-06-05,Transfer In,492.74,Mobile App,Salary Credit
4746,25115,2022-05-01,Transfer Out,4075.67,UPI,Education
4747,60846,2024-05-09,Withdrawal,1089.19,UPI,Salary Credit
4748,52134,2019-09-14,Transfer In,1930.52,POS,Education
4749,90682,2023-07-26,Deposit,1166.37,Mobile App,Salary Credit
4750,3756,2024-10-01,Deposit,2562.92,POS,Groceries
4751,46065,2026-05-14,Interest Credit,920.67,Branch,Salary Credit
4752,61867,2023-03-17,Transfer In,918.57,Mobile App,Utilities
4753,59625,2019-06-10,Transfer Out,5523.89,UPI,Healthcare
4754,73097,2026-01-29,Transfer In,885.52,Online Banking,Insurance
4755,915,2020-02-22,Transfer Out,5201.12,Branch,ATM Withdrawal
4756,35397,2020-06-06,Interest Credit,6707.0,Branch,Fuel
4757,45960,2020-07-14,Transfer In,2915.01,Online Banking,Healthcare
4758,34216,2023-08-22,Transfer Out,11865.48,ATM,Rent
4759,36277,2023-05-11,Withdrawal,16337.37,POS,ATM Withdrawal
4760,80181,2020-11-11,Transfer Out,2645.46,Mobile App,Entertainment
4761,1411,2026-04-08,Withdrawal,19872.78,Mobile App,Rent
4762,50745,2019-09-19,Withdrawal,6724.77,Online Banking,Salary Credit
4763,59210,2021-01-06,Fee Debit,551.57,Mobile App,Salary Credit
4764,34425,2018-03-22,Deposit,4160.59,Branch,Healthcare
4765,18183,2021-09-04,Deposit,3210.59,UPI,Fuel
4766,90914,2026-04-03,Fee Debit,1557.82,UPI,Utilities
4767,87020,2020-01-03,Withdrawal,912.21,POS,Healthcare
4768,52406,2018-08-20,Deposit,2554.55,Mobile App,Education
4769,20965,2022-01-01,Deposit,7922.34,Mobile App,Travel
4770,34093,2025-10-09,Deposit,805.51,Branch,Fuel
4771,66006,2022-06-19,Withdrawal,2058.92,Mobile App,Groceries
4772,87986,2025-07-14,Transfer In,1869.46,ATM,Healthcare
4773,80534,2026-03-07,Transfer Out,3713.49,POS,Entertainment
4774,16462,2020-08-14,Deposit,5417.26,ATM,Healthcare
4775,47840,2019-07-22,Transfer Out,4108.75,Online Banking,ATM Withdrawal
4776,37177,2022-08-15,Withdrawal,17481.31,Mobile App,Travel
4777,42421,2026-04-05,Deposit,2103.87,UPI,Dining
4778,83021,2023-05-19,Withdrawal,7053.23,Online Banking,Travel
4779,61249,2023-03-06,Transfer In,8415.5,UPI,Fund Transfer
4780,7669,2025-03-25,Withdrawal,3560.49,UPI,Shopping
4781,18188,2018-10-07,Deposit,4058.57,Branch,Entertainment
4782,2470,2020-10-13,Deposit,8943.56,Online Banking,Travel
4783,24927,2025-11-27,Deposit,3912.18,Mobile App,Insurance
4784,66615,2024-02-21,Interest Credit,4297.34,POS,Fund Transfer
4785,31510,2022-06-05,Withdrawal,638.07,ATM,ATM Withdrawal
4786,24239,2019-10-04,Deposit,4497.07,UPI,Healthcare
4787,8163,2021-02-26,Withdrawal,899.3,Branch,Groceries
4788,12583,2018-09-25,Withdrawal,9817.89,Branch,ATM Withdrawal
4789,51249,2020-04-30,Withdrawal,3128.53,Online Banking,Salary Credit
4790,18697,2019-11-17,Transfer Out,3740.58,UPI,Fuel
4791,72959,2020-12-25,Withdrawal,477.42,ATM,Education
4792,44418,2025-09-23,Withdrawal,7187.21,UPI,ATM Withdrawal
4793,39026,2018-05-09,Fee Debit,7943.49,UPI,Rent
4794,15245,2019-04-07,Deposit,19251.31,Mobile App,Dining
4795,35464,2021-06-12,Withdrawal,2272.7,UPI,Rent
4796,64002,2019-10-22,Withdrawal,257.65,ATM,Travel
4797,89625,2026-02-28,Transfer Out,3310.93,Branch,Insurance
4798,62628,2026-01-22,Withdrawal,1431.31,Branch,Shopping
4799,3568,2020-10-11,Fee Debit,3432.37,POS,Insurance
4800,30646,2018-05-30,Fee Debit,1359.0,UPI,Insurance
4801,82486,2023-12-18,Transfer Out,7835.01,ATM,Rent
4802,18943,2019-09-04,Transfer In,623.66,POS,Utilities
4803,81633,2020-10-25,Transfer In,570.2,UPI,Fund Transfer
4804,5878,2021-10-06,Transfer Out,1454.11,UPI,Shopping
4805,85571,2023-06-18,Deposit,1669.38,Online Banking,Healthcare
4806,7915,2023-12-31,Interest Credit,5713.98,Branch,Fuel
4807,40390,2019-07-08,Fee Debit,4776.96,POS,ATM Withdrawal
4808,54536,2022-08-22,Interest Credit,1356.92,Online Banking,ATM Withdrawal
4809,84084,2020-07-22,Deposit,3752.14,Branch,ATM Withdrawal
4810,60508,2019-10-22,Interest Credit,1824.98,Online Banking,ATM Withdrawal
4811,17892,2019-07-07,Withdrawal,2912.8,Online Banking,Travel
4812,58068,2024-12-28,Withdrawal,10450.1,UPI,ATM Withdrawal
4813,67163,2020-08-30,Withdrawal,5715.72,UPI,Fund Transfer
4814,76562,2018-07-20,Deposit,8858.83,Branch,Dining
4815,4028,2021-04-10,Fee Debit,11265.69,ATM,Shopping
4816,92150,2020-11-01,Transfer Out,18265.57,Branch,Groceries
4817,21624,2024-09-30,Deposit,2848.26,Mobile App,Travel
4818,4157,2024-02-28,Transfer In,11905.6,UPI,Shopping
4819,39074,2018-03-15,Deposit,10672.43,Online Banking,Groceries
4820,7705,2019-05-14,Fee Debit,2851.82,UPI,Fund Transfer
4821,84714,2021-11-06,Fee Debit,5271.41,UPI,Insurance
4822,78942,2025-06-13,Transfer Out,5859.94,ATM,Travel
4823,58816,2022-12-19,Withdrawal,11595.38,ATM,Utilities
4824,65128,2026-06-12,Transfer Out,8683.43,Mobile App,Groceries
4825,36571,2022-10-19,Fee Debit,3086.08,Branch,Insurance
4826,81375,2018-05-15,Withdrawal,4647.35,POS,ATM Withdrawal
4827,61180,2020-06-28,Fee Debit,6394.73,UPI,Education
4828,51981,2021-07-15,Interest Credit,1273.55,Mobile App,Insurance
4829,30848,2020-12-03,Transfer Out,766.68,ATM,Salary Credit
4830,16893,2020-12-22,Transfer In,572.37,POS,Salary Credit
4831,49811,2018-12-11,Deposit,242.83,UPI,Healthcare
4832,89568,2022-10-17,Interest Credit,3440.39,Mobile App,Healthcare
4833,2617,2024-10-14,Transfer In,444.94,Mobile App,Rent
4834,30899,2020-07-03,Withdrawal,4527.15,Mobile App,Education
4835,38033,2025-11-03,Fee Debit,1797.19,ATM,Entertainment
4836,88297,2020-06-15,Deposit,6343.3,POS,Dining
4837,36745,2023-03-06,Interest Credit,2072.64,Branch,Healthcare
4838,23517,2024-12-27,Withdrawal,6541.91,Branch,Healthcare
4839,68341,2024-03-22,Withdrawal,289.32,UPI,Travel
4840,40402,2020-07-25,Withdrawal,2448.71,Branch,Dining
4841,82998,2022-08-07,Transfer In,752.51,UPI,ATM Withdrawal
4842,104,2025-10-12,Deposit,10241.75,Online Banking,Salary Credit
4843,92091,2019-03-06,Withdrawal,181.37,Mobile App,Insurance
4844,28520,2020-06-18,Withdrawal,14643.22,POS,Entertainment
4845,42035,2019-12-16,Withdrawal,5173.71,Branch,Education
4846,86526,2020-10-02,Interest Credit,1062.31,Branch,Shopping
4847,61870,2021-05-06,Fee Debit,2049.94,POS,Dining
4848,89444,2026-04-18,Transfer Out,8486.63,Branch,Rent
4849,26846,2019-07-13,Interest Credit,1627.73,POS,Shopping
4850,2661,2021-02-24,Transfer In,1756.28,Mobile App,Groceries
4851,50600,2020-07-11,Transfer Out,316.15,Branch,Entertainment
4852,72770,2022-02-28,Transfer Out,411.79,Online Banking,Utilities
4853,84091,2023-08-16,Withdrawal,10702.5,Mobile App,ATM Withdrawal
4854,37249,2020-02-25,Deposit,27946.2,POS,Rent
4855,90276,2024-07-25,Withdrawal,1095.84,ATM,Insurance
4856,8307,2024-08-12,Transfer In,5753.56,POS,Fuel
4857,44658,2026-02-11,Interest Credit,3276.23,Mobile App,Entertainment
4858,38489,2020-02-27,Withdrawal,452.02,POS,Healthcare
4859,53412,2018-06-27,Deposit,2630.62,Mobile App,Shopping
4860,31302,2019-11-04,Fee Debit,3107.23,Online Banking,Rent
4861,22828,2020-10-02,Deposit,7339.41,UPI,Shopping
4862,11539,2024-04-24,Deposit,10432.17,POS,Rent
4863,81973,2021-03-18,Transfer Out,1410.74,Mobile App,Dining
4864,76079,2021-08-17,Deposit,10290.3,ATM,Shopping
4865,19350,2023-11-24,Withdrawal,4399.3,UPI,Insurance
4866,14497,2024-03-02,Deposit,19438.89,POS,Salary Credit
4867,51792,2020-03-20,Interest Credit,3688.19,POS,Entertainment
4868,9786,2021-05-22,Withdrawal,7188.57,UPI,Insurance
4869,44718,2025-01-16,Withdrawal,18719.66,UPI,Insurance
4870,15251,2024-12-19,Transfer Out,9589.56,Online Banking,Dining
4871,17209,2025-12-15,Interest Credit,1703.93,POS,Education
4872,69873,2022-01-25,Transfer Out,1367.23,POS,Fuel
4873,21835,2021-01-22,Withdrawal,70.53,UPI,Healthcare
4874,23540,2023-10-14,Deposit,9564.16,POS,Utilities
4875,18782,2021-10-24,Withdrawal,1717.02,Mobile App,Healthcare
4876,71548,2018-06-06,Deposit,1219.84,Online Banking,Insurance
4877,93052,2018-04-24,Interest Credit,754.54,Branch,Groceries
4878,81540,2024-07-17,Transfer In,15830.1,Branch,Travel
4879,92650,2024-11-06,Deposit,10791.91,Mobile App,Travel
4880,29180,2025-01-28,Transfer Out,7224.06,Online Banking,Insurance
4881,75745,2025-07-20,Withdrawal,5257.81,UPI,Fuel
4882,63482,2019-09-01,Fee Debit,832.49,Branch,Travel
4883,81477,2019-05-17,Transfer Out,7639.18,ATM,Dining
4884,1946,2024-04-28,Withdrawal,11148.73,POS,Salary Credit
4885,10773,2023-08-28,Withdrawal,1854.11,POS,Fund Transfer
4886,54262,2018-01-31,Deposit,7450.47,Mobile App,Entertainment
4887,59237,2026-05-10,Withdrawal,6089.93,Online Banking,ATM Withdrawal
4888,43494,2024-05-19,Transfer Out,13727.39,POS,Utilities
4889,16621,2023-12-29,Transfer Out,2030.71,UPI,Travel
4890,13721,2026-02-25,Deposit,14496.65,POS,Travel
4891,76195,2022-11-06,Interest Credit,4198.33,Online Banking,ATM Withdrawal
4892,30486,2020-09-11,Transfer In,7365.83,POS,Utilities
4893,94549,2019-08-17,Deposit,667.26,POS,Groceries
4894,88012,2025-06-29,Fee Debit,4147.27,POS,ATM Withdrawal
4895,40315,2022-08-02,Withdrawal,7534.95,UPI,ATM Withdrawal
4896,13997,2023-07-24,Fee Debit,1358.33,Branch,Healthcare
4897,93776,2021-03-19,Transfer Out,751.3,ATM,Fuel
4898,33942,2020-06-19,Withdrawal,5305.91,Branch,Fuel
4899,30326,2021-12-09,Transfer Out,6962.52,Branch,Fuel
4900,93039,2021-09-10,Fee Debit,14027.1,Online Banking,Healthcare
4901,45541,2019-12-01,Withdrawal,31846.08,Mobile App,Rent
4902,75820,2022-03-20,Interest Credit,694.97,POS,Education
4903,6506,2023-06-21,Deposit,2120.21,UPI,Rent
4904,42274,2019-12-15,Transfer Out,4810.66,Branch,Fuel
4905,73148,2018-01-13,Deposit,6168.56,ATM,Rent
4906,33649,2023-01-08,Deposit,390.51,Mobile App,Fuel
4907,18358,2020-09-08,Fee Debit,25496.87,Mobile App,Healthcare
4908,24198,2018-05-08,Transfer Out,5788.85,Mobile App,Salary Credit
4909,64702,2022-11-03,Deposit,3558.2,POS,Travel
4910,63719,2019-04-24,Deposit,6552.05,Branch,Shopping
4911,88931,2021-12-17,Transfer Out,16264.3,Online Banking,Groceries
4912,26779,2024-02-10,Interest Credit,936.24,UPI,Entertainment
4913,66415,2019-04-06,Deposit,618.57,UPI,Fuel
4914,71305,2019-03-07,Deposit,1950.03,POS,Education
4915,26941,2024-06-13,Transfer Out,6023.78,UPI,Fund Transfer
4916,9538,2021-11-03,Transfer Out,6742.77,POS,Education
4917,63928,2023-02-14,Fee Debit,12625.67,Online Banking,Healthcare
4918,27740,2024-09-19,Withdrawal,2923.41,ATM,Healthcare
4919,7616,2020-11-04,Withdrawal,3075.95,Branch,Groceries
4920,18964,2020-04-04,Transfer In,344.16,Mobile App,Salary Credit
4921,82423,2025-02-04,Withdrawal,8057.3,ATM,Travel
4922,88788,2022-09-08,Deposit,5187.88,Branch,Fuel
4923,6376,2021-06-13,Transfer Out,6742.8,UPI,Entertainment
4924,41476,2018-04-16,Withdrawal,5425.03,Mobile App,Education
4925,34845,2020-10-31,Deposit,1606.28,Branch,Travel
4926,1883,2023-10-14,Transfer Out,10655.99,Online Banking,Groceries
4927,8177,2020-01-11,Withdrawal,3671.82,ATM,Fund Transfer
4928,67357,2018-05-03,Fee Debit,5906.4,Online Banking,Dining
4929,80160,2024-09-24,Deposit,8597.89,Branch,ATM Withdrawal
4930,80336,2024-02-03,Deposit,1966.63,Mobile App,Entertainment
4931,26793,2023-06-29,Deposit,1285.34,Mobile App,Education
4932,28147,2019-05-26,Transfer Out,6904.83,POS,Groceries
4933,52287,2021-03-05,Withdrawal,191.08,UPI,Entertainment
4934,87774,2022-05-11,Deposit,1804.1,ATM,Rent
4935,5041,2023-09-09,Withdrawal,1364.89,Mobile App,Utilities
4936,84001,2018-03-14,Fee Debit,18833.12,UPI,Fuel
4937,2349,2026-03-19,Withdrawal,6745.72,Branch,Rent
4938,77812,2025-05-12,Transfer Out,11288.05,POS,Insurance
4939,67002,2018-06-29,Transfer In,6908.34,UPI,Entertainment
4940,22850,2020-05-17,Transfer Out,110.6,Mobile App,Salary Credit
4941,7427,2025-10-01,Withdrawal,12413.62,UPI,Entertainment
4942,72481,2021-12-03,Transfer In,230.34,Mobile App,ATM Withdrawal
4943,14300,2023-03-20,Transfer Out,11037.53,Branch,Entertainment
4944,63945,2020-07-04,Withdrawal,7427.72,ATM,Travel
4945,86504,2023-07-05,Deposit,7004.49,ATM,ATM Withdrawal
4946,35132,2025-05-15,Deposit,730.65,POS,Fuel
4947,91131,2025-05-04,Deposit,1997.12,Branch,Shopping
4948,80365,2019-07-14,Transfer In,3098.44,Branch,Entertainment
4949,86491,2024-07-29,Transfer Out,12967.35,ATM,Shopping
4950,49884,2021-08-13,Transfer Out,9308.91,Branch,Travel
4951,41742,2019-06-15,Deposit,1619.24,UPI,Fund Transfer
4952,62860,2025-12-23,Interest Credit,1018.35,Branch,Insurance
4953,50081,2018-01-25,Withdrawal,11794.84,Branch,Utilities
4954,40175,2024-05-16,Transfer In,11540.78,Branch,Healthcare
4955,20222,2022-09-14,Transfer Out,10175.85,UPI,Rent
4956,24762,2026-04-02,Transfer In,1304.71,ATM,Dining
4957,41738,2023-05-02,Deposit,1345.81,Online Banking,Fund Transfer
4958,5580,2026-03-13,Transfer Out,5118.38,ATM,Education
4959,78838,2022-06-26,Interest Credit,5807.96,POS,Shopping
4960,84287,2026-04-30,Withdrawal,3764.62,POS,Fuel
4961,24637,2021-01-04,Deposit,18744.22,UPI,Shopping
4962,87956,2025-09-29,Fee Debit,8955.11,Branch,Insurance
4963,79566,2024-03-24,Transfer In,919.58,Mobile App,Entertainment
4964,87411,2019-01-07,Fee Debit,7918.4,Mobile App,Utilities
4965,22972,2025-08-07,Fee Debit,10406.24,UPI,Healthcare
4966,58703,2022-05-16,Withdrawal,5646.23,POS,Dining
4967,54932,2020-11-09,Withdrawal,13475.57,UPI,Dining
4968,76744,2024-11-13,Deposit,3419.8,Mobile App,Entertainment
4969,32725,2018-09-29,Transfer Out,13678.09,ATM,Shopping
4970,37151,2023-09-12,Withdrawal,4271.21,POS,Fuel
4971,72962,2024-03-08,Withdrawal,1450.42,Online Banking,Utilities
4972,63631,2022-12-28,Withdrawal,4002.99,Online Banking,Rent
4973,50227,2018-01-16,Transfer In,3576.14,Mobile App,Rent
4974,21905,2024-05-09,Interest Credit,1165.75,Online Banking,Fuel
4975,36471,2019-06-26,Transfer In,1176.86,Online Banking,Fund Transfer
4976,39249,2022-10-09,Transfer Out,6941.36,Branch,Utilities
4977,89584,2024-04-19,Deposit,3189.76,Mobile App,Entertainment
4978,26280,2018-01-24,Deposit,11053.02,UPI,Insurance
4979,34132,2022-12-30,Deposit,5318.21,Mobile App,Fund Transfer
4980,58306,2025-03-03,Transfer In,14442.0,Mobile App,Groceries
4981,71210,2025-08-04,Withdrawal,7321.63,POS,Fuel
4982,91517,2021-11-04,Withdrawal,2263.9,Branch,Shopping
4983,90631,2021-04-17,Deposit,6533.43,Mobile App,Travel
4984,44466,2023-07-20,Withdrawal,491.1,Online Banking,Travel
4985,18249,2023-07-31,Deposit,3006.1,UPI,Healthcare
4986,60493,2022-06-10,Deposit,6229.59,Mobile App,Rent
4987,43250,2019-06-02,Deposit,3843.99,Mobile App,Dining
4988,34365,2025-07-10,Withdrawal,3849.15,Branch,ATM Withdrawal
4989,49044,2022-07-13,Deposit,3372.4,Online Banking,Dining
4990,46473,2023-01-01,Transfer Out,5636.42,UPI,ATM Withdrawal
4991,10474,2019-12-08,Interest Credit,4933.47,ATM,Groceries
4992,14444,2022-05-11,Withdrawal,1382.82,Mobile App,Rent
4993,54770,2024-11-29,Fee Debit,4363.75,Online Banking,Groceries
4994,63056,2021-12-09,Deposit,2946.8,POS,Utilities
4995,81974,2020-09-20,Deposit,7120.06,Online Banking,Utilities
4996,91513,2022-07-22,Deposit,8432.42,ATM,Fund Transfer
4997,77912,2018-03-12,Transfer Out,431.54,UPI,Rent
4998,79982,2023-01-06,Interest Credit,11145.87,Branch,Education
4999,82271,2020-07-18,Fee Debit,2107.48,POS,Education
